T1,T2,T3,R1,R2,R3
-0.130967,-0.0609905,0,-1.53486,-1.53481,0
-0.130956,-0.0609826,0,-1.53447,-1.53449,0
-0.130941,-0.0609795,0,-1.53402,-1.53428,0
-0.130926,-0.0609764,0,-1.53357,-1.53407,0
-0.130927,-0.0609732,0,-1.53357,-1.53357,0
-0.130928,-0.06097,0,-1.53356,-1.53307,0
-0.13093,-0.0609656,0,-1.53337,-1.53261,0
-0.130931,-0.0609612,0,-1.53317,-1.53216,0
-0.130911,-0.0609581,0,-1.53315,-1.53166,0
-0.130891,-0.0609551,0,-1.53314,-1.53116,0
-0.130888,-0.0609423,0,-1.53271,-1.5309,0
-0.130885,-0.0609295,0,-1.53229,-1.53064,0
-0.130878,-0.0609253,0,-1.53187,-1.53035,0
-0.13087,-0.0609211,0,-1.53146,-1.53007,0
-0.130862,-0.0609141,0,-1.53114,-1.52968,0
-0.130853,-0.060907,0,-1.53083,-1.5293,0
-0.130846,-0.0609044,0,-1.53052,-1.52891,0
-0.13084,-0.0609018,0,-1.5302,-1.52852,0
-0.130842,-0.060896,0,-1.53021,-1.52802,0
-0.130844,-0.0608903,0,-1.53023,-1.52752,0
-0.130846,-0.0608784,0,-1.52993,-1.52711,0
-0.130849,-0.0608664,0,-1.52964,-1.52671,0
-0.130842,-0.0608627,0,-1.52939,-1.52628,0
-0.130836,-0.0608589,0,-1.52914,-1.52584,0
-0.130829,-0.0608557,0,-1.52904,-1.52535,0
-0.130821,-0.0608526,0,-1.52893,-1.52486,0
-0.130823,-0.0608485,0,-1.52855,-1.52455,0
-0.130825,-0.0608445,0,-1.52816,-1.52423,0
-0.13082,-0.0608412,0,-1.52781,-1.52388,0
-0.130816,-0.0608378,0,-1.52745,-1.52353,0
-0.130812,-0.0608268,0,-1.52697,-1.5234,0
-0.130808,-0.0608157,0,-1.52648,-1.52327,0
-0.130799,-0.0608142,0,-1.52651,-1.52277,0
-0.130791,-0.0608127,0,-1.52653,-1.52227,0
-0.130787,-0.0608085,0,-1.52605,-1.52213,0
-0.130783,-0.0608044,0,-1.52557,-1.52199,0
-0.130772,-0.0607975,0,-1.52534,-1.52155,0
-0.130761,-0.0607906,0,-1.5251,-1.52111,0
-0.130753,-0.0607848,0,-1.52521,-1.52062,0
-0.130745,-0.0607789,0,-1.52531,-1.52013,0
-0.130736,-0.0607684,0,-1.52519,-1.51965,0
-0.130726,-0.0607578,0,-1.52506,-1.51917,0
-0.130718,-0.060757,0,-1.52471,-1.51881,0
-0.130709,-0.0607561,0,-1.52437,-1.51845,0
-0.130704,-0.0607545,0,-1.52402,-1.51809,0
-0.130699,-0.0607529,0,-1.52367,-1.51773,0
-0.130691,-0.0607385,0,-1.52317,-1.51776,0
-0.130683,-0.060724,0,-1.52267,-1.51778,0
-0.130686,-0.0607142,0,-1.52229,-1.51745,0
-0.13069,-0.0607043,0,-1.52192,-1.51712,0
-0.130652,-0.0606973,0,-1.52144,-1.51727,0
-0.130615,-0.0606904,0,-1.52097,-1.51742,0
-0.130584,-0.0606819,0,-1.52058,-1.51711,0
-0.130553,-0.0606735,0,-1.52019,-1.5168,0
-0.130537,-0.0606661,0,-1.51971,-1.51668,0
-0.130521,-0.0606586,0,-1.51922,-1.51655,0
-0.130507,-0.060655,0,-1.51876,-1.51636,0
-0.130493,-0.0606514,0,-1.51829,-1.51618,0
-0.13049,-0.0606501,0,-1.51782,-1.51601,0
-0.130486,-0.0606488,0,-1.51736,-1.51583,0
-0.130482,-0.060648,0,-1.51698,-1.5155,0
-0.130478,-0.0606472,0,-1.51661,-1.51517,0
-0.130469,-0.0606468,0,-1.51613,-1.51533,0
-0.13046,-0.0606465,0,-1.51566,-1.51548,0
-0.130451,-0.0606448,0,-1.51521,-1.51527,0
-0.130442,-0.060643,0,-1.51476,-1.51505,0
-0.130432,-0.0606396,0,-1.51426,-1.51507,0
-0.130422,-0.0606363,0,-1.51376,-1.51509,0
-0.130406,-0.060629,0,-1.51326,-1.51503,0
-0.130391,-0.0606216,0,-1.51277,-1.51498,0
-0.130393,-0.0606204,0,-1.51227,-1.51494,0
-0.130395,-0.0606191,0,-1.51177,-1.51491,0
-0.130387,-0.0606161,0,-1.51127,-1.5149,0
-0.130378,-0.0606131,0,-1.51077,-1.51489,0
-0.13037,-0.0606098,0,-1.51038,-1.51458,0
-0.130361,-0.0606065,0,-1.50999,-1.51427,0
-0.130347,-0.0606,0,-1.50951,-1.51412,0
-0.130334,-0.0605935,0,-1.50904,-1.51396,0
-0.130332,-0.0605924,0,-1.50863,-1.51367,0
-0.130331,-0.0605912,0,-1.50822,-1.51338,0
-0.130326,-0.0605867,0,-1.50773,-1.51348,0
-0.130321,-0.0605821,0,-1.50724,-1.51358,0
-0.1303,-0.060573,0,-1.5068,-1.51335,0
-0.130279,-0.060564,0,-1.50635,-1.51312,0
-0.130282,-0.0605606,0,-1.50589,-1.51292,0
-0.130285,-0.0605572,0,-1.50543,-1.51273,0
-0.130245,-0.0605547,0,-1.50494,-1.51269,0
-0.130205,-0.0605522,0,-1.50444,-1.51265,0
-0.130178,-0.060547,0,-1.50394,-1.51264,0
-0.130151,-0.0605418,0,-1.50344,-1.51263,0
-0.130152,-0.0605322,0,-1.50295,-1.51273,0
-0.130154,-0.0605227,0,-1.50246,-1.51283,0
-0.13015,-0.0605168,0,-1.50215,-1.51244,0
-0.130146,-0.0605109,0,-1.50183,-1.51205,0
-0.130147,-0.0605065,0,-1.50139,-1.51183,0
-0.130148,-0.0605021,0,-1.50094,-1.5116,0
-0.130141,-0.0604869,0,-1.50073,-1.51115,0
-0.130133,-0.0604717,0,-1.50053,-1.51069,0
-0.130133,-0.0604699,0,-1.50028,-1.51026,0
-0.130134,-0.0604682,0,-1.50003,-1.50982,0
-0.130128,-0.0604623,0,-1.49986,-1.50935,0
-0.130122,-0.0604565,0,-1.49968,-1.50889,0
-0.130117,-0.0604463,0,-1.49941,-1.50847,0
-0.130111,-0.0604361,0,-1.49914,-1.50805,0
-0.130128,-0.0604236,0,-1.49866,-1.50819,0
-0.130144,-0.060411,0,-1.49818,-1.50833,0
-0.13014,-0.0604057,0,-1.4978,-1.508,0
-0.130136,-0.0604004,0,-1.49743,-1.50767,0
-0.130136,-0.0603941,0,-1.49694,-1.50755,0
-0.130136,-0.0603878,0,-1.49646,-1.50743,0
-0.130122,-0.0603793,0,-1.49619,-1.507,0
-0.130108,-0.0603708,0,-1.49593,-1.50658,0
-0.130102,-0.060368,0,-1.49546,-1.50675,0
-0.130095,-0.0603653,0,-1.49499,-1.50692,0
-0.130096,-0.0603646,0,-1.4946,-1.50661,0
-0.130096,-0.0603639,0,-1.4942,-1.5063,0
-0.130078,-0.0603628,0,-1.49376,-1.50607,0
-0.13006,-0.0603618,0,-1.49331,-1.50584,0
-0.130047,-0.0603614,0,-1.49282,-1.50593,0
-0.130034,-0.0603609,0,-1.49233,-1.50602,0
-0.129847,-0.0603469,0,-1.49195,-1.50628,0
-0.12966,-0.0603329,0,-1.49157,-1.50655,0
-0.129648,-0.0603287,0,-1.49109,-1.5067,0
-0.129636,-0.0603245,0,-1.49061,-1.50685,0
-0.12962,-0.0603204,0,-1.49012,-1.50694,0
-0.129604,-0.0603163,0,-1.48963,-1.50702,0
-0.129591,-0.0603132,0,-1.48919,-1.50679,0
-0.129579,-0.0603102,0,-1.48875,-1.50656,0
-0.129565,-0.0603078,0,-1.48828,-1.50637,0
-0.129551,-0.0603055,0,-1.48782,-1.50618,0
-0.129552,-0.060302,0,-1.48748,-1.50581,0
-0.129552,-0.0602985,0,-1.48714,-1.50544,0
-0.129532,-0.060295,0,-1.48665,-1.50554,0
-0.129511,-0.0602916,0,-1.48616,-1.50563,0
-0.129512,-0.0602885,0,-1.48579,-1.5053,0
-0.129514,-0.0602853,0,-1.48541,-1.50497,0
-0.129504,-0.0602835,0,-1.48509,-1.50459,0
-0.129494,-0.0602817,0,-1.48476,-1.50421,0
-0.129468,-0.0602667,0,-1.48426,-1.50416,0
-0.129441,-0.0602517,0,-1.48377,-1.50411,0
-0.129433,-0.0602506,0,-1.4833,-1.50394,0
-0.129425,-0.0602495,0,-1.48282,-1.50377,0
-0.12941,-0.0602382,0,-1.48234,-1.50387,0
-0.129396,-0.060227,0,-1.48185,-1.50398,0
-0.129391,-0.0602263,0,-1.4816,-1.50354,0
-0.129386,-0.0602256,0,-1.48136,-1.50311,0
-0.129341,-0.0602246,0,-1.48124,-1.50262,0
-0.129296,-0.0602237,0,-1.48113,-1.50214,0
-0.129297,-0.0602219,0,-1.48087,-1.50171,0
-0.129297,-0.0602202,0,-1.4806,-1.50129,0
-0.129284,-0.0602142,0,-1.4803,-1.50089,0
-0.129271,-0.0602082,0,-1.47999,-1.5005,0
-0.129267,-0.0602079,0,-1.47956,-1.50025,0
-0.129263,-0.0602077,0,-1.47912,-1.50001,0
-0.129268,-0.0601803,0,-1.47886,-1.49958,0
-0.129274,-0.060153,0,-1.47861,-1.49915,0
-0.129263,-0.0601486,0,-1.4785,-1.49866,0
-0.129251,-0.0601442,0,-1.47839,-1.49818,0
-0.129239,-0.0601415,0,-1.47789,-1.49813,0
-0.129226,-0.0601388,0,-1.47739,-1.49809,0
-0.129217,-0.0601349,0,-1.47708,-1.4977,0
-0.129208,-0.060131,0,-1.47676,-1.49731,0
-0.129202,-0.0601187,0,-1.47628,-1.49742,0
-0.129195,-0.0601064,0,-1.47579,-1.49754,0
-0.129179,-0.0600997,0,-1.4754,-1.49722,0
-0.129163,-0.0600931,0,-1.47502,-1.4969,0
-0.129152,-0.0600876,0,-1.47456,-1.49671,0
-0.129141,-0.0600822,0,-1.47409,-1.49652,0
-0.129131,-0.0600815,0,-1.47364,-1.49631,0
-0.129121,-0.0600809,0,-1.47319,-1.49609,0
-0.129112,-0.0600779,0,-1.47285,-1.49573,0
-0.129103,-0.0600748,0,-1.47251,-1.49536,0
-0.129101,-0.0600685,0,-1.47202,-1.49547,0
-0.129098,-0.0600621,0,-1.47153,-1.49558,0
-0.129098,-0.060056,0,-1.47138,-1.49511,0
-0.129098,-0.06005,0,-1.47123,-1.49463,0
-0.129094,-0.0600408,0,-1.47083,-1.49432,0
-0.129089,-0.0600316,0,-1.47044,-1.49402,0
-0.129076,-0.0600295,0,-1.46997,-1.49384,0
-0.129062,-0.0600274,0,-1.4695,-1.49366,0
-0.129055,-0.0600233,0,-1.46923,-1.49324,0
-0.129049,-0.0600192,0,-1.46897,-1.49282,0
-0.129044,-0.0600173,0,-1.46865,-1.49243,0
-0.129039,-0.0600155,0,-1.46833,-1.49205,0
-0.129035,-0.0600107,0,-1.46794,-1.49173,0
-0.12903,-0.0600059,0,-1.46756,-1.49141,0
-0.12902,-0.0599961,0,-1.46707,-1.49132,0
-0.12901,-0.0599862,0,-1.46658,-1.49123,0
-0.128974,-0.0599756,0,-1.46645,-1.49075,0
-0.128938,-0.059965,0,-1.46633,-1.49026,0
-0.128938,-0.0599576,0,-1.46597,-1.48991,0
-0.128939,-0.0599503,0,-1.46562,-1.48956,0
-0.128896,-0.0599428,0,-1.46516,-1.48936,0
-0.128853,-0.0599353,0,-1.46471,-1.48916,0
-0.128852,-0.0599345,0,-1.46453,-1.48869,0
-0.128851,-0.0599337,0,-1.46435,-1.48822,0
-0.128852,-0.0599263,0,-1.46406,-1.48782,0
-0.128852,-0.059919,0,-1.46376,-1.48741,0
-0.128846,-0.0599186,0,-1.46343,-1.48704,0
-0.128839,-0.0599182,0,-1.4631,-1.48666,0
-0.128828,-0.0599142,0,-1.4626,-1.48662,0
-0.128816,-0.0599103,0,-1.46211,-1.48658,0
-0.128814,-0.059908,0,-1.4617,-1.48629,0
-0.128813,-0.0599058,0,-1.46129,-1.486,0
-0.128806,-0.0599,0,-1.46082,-1.48583,0
-0.1288,-0.0598942,0,-1.46035,-1.48566,0
-0.128802,-0.059887,0,-1.46013,-1.48521,0
-0.128804,-0.0598798,0,-1.45991,-1.48476,0
-0.128776,-0.0598747,0,-1.45941,-1.48476,0
-0.128748,-0.0598696,0,-1.45892,-1.48477,0
-0.128725,-0.0598624,0,-1.45846,-1.48457,0
-0.128703,-0.0598552,0,-1.458,-1.48437,0
-0.128702,-0.0598538,0,-1.4575,-1.48434,0
-0.128701,-0.0598524,0,-1.457,-1.48432,0
-0.128696,-0.059849,0,-1.45692,-1.48383,0
-0.12869,-0.0598456,0,-1.45684,-1.48334,0
-0.128679,-0.0598441,0,-1.45636,-1.48317,0
-0.128669,-0.0598427,0,-1.45589,-1.48301,0
-0.12866,-0.0598366,0,-1.45542,-1.48316,0
-0.128652,-0.0598306,0,-1.45494,-1.48332,0
-0.128628,-0.0598133,0,-1.45448,-1.48313,0
-0.128604,-0.059796,0,-1.45402,-1.48294,0
-0.128597,-0.0597904,0,-1.45354,-1.48308,0
-0.12859,-0.0597848,0,-1.45306,-1.48322,0
-0.128594,-0.0597802,0,-1.45267,-1.48291,0
-0.128598,-0.0597755,0,-1.45228,-1.4826,0
-0.128587,-0.0597744,0,-1.45226,-1.4821,0
-0.128576,-0.0597734,0,-1.45225,-1.4816,0
-0.128576,-0.0597686,0,-1.45175,-1.48159,0
-0.128576,-0.0597639,0,-1.45125,-1.48158,0
-0.128565,-0.0597599,0,-1.45123,-1.48108,0
-0.128555,-0.0597559,0,-1.45121,-1.48058,0
-0.12854,-0.0597507,0,-1.45101,-1.48012,0
-0.128524,-0.0597456,0,-1.45081,-1.47966,0
-0.12851,-0.0597396,0,-1.45056,-1.47923,0
-0.128495,-0.0597336,0,-1.45031,-1.4788,0
-0.128467,-0.0597285,0,-1.44981,-1.47881,0
-0.128439,-0.0597235,0,-1.44931,-1.47882,0
-0.128432,-0.0597196,0,-1.44901,-1.47842,0
-0.128425,-0.0597158,0,-1.4487,-1.47802,0
-0.128426,-0.0597157,0,-1.44828,-1.47776,0
-0.128427,-0.0597156,0,-1.44785,-1.4775,0
-0.128414,-0.0597139,0,-1.44769,-1.47703,0
-0.128401,-0.0597121,0,-1.44753,-1.47656,0
-0.128391,-0.0597084,0,-1.44704,-1.47643,0
-0.128381,-0.0597046,0,-1.44656,-1.4763,0
-0.128368,-0.0596998,0,-1.4464,-1.47582,0
-0.128355,-0.0596949,0,-1.44624,-1.47535,0
-0.128342,-0.0596918,0,-1.44594,-1.47496,0
-0.128329,-0.0596886,0,-1.44563,-1.47456,0
-0.128326,-0.0596826,0,-1.44527,-1.47422,0
-0.128323,-0.0596767,0,-1.4449,-1.47388,0
-0.128318,-0.0596711,0,-1.4444,-1.47391,0
-0.128313,-0.0596654,0,-1.4439,-1.47395,0
-0.1283,-0.0596616,0,-1.44349,-1.47367,0
-0.128287,-0.0596578,0,-1.44307,-1.4734,0
-0.128237,-0.0596414,0,-1.44271,-1.47305,0
-0.128188,-0.059625,0,-1.44235,-1.47271,0
-0.12816,-0.05962,0,-1.44185,-1.47272,0
-0.128132,-0.0596149,0,-1.44135,-1.47274,0
-0.12812,-0.0596143,0,-1.44096,-1.47243,0
-0.128108,-0.0596136,0,-1.44057,-1.47212,0
-0.128105,-0.0596106,0,-1.44009,-1.47224,0
-0.128102,-0.0596076,0,-1.4396,-1.47236,0
-0.128084,-0.0595975,0,-1.43948,-1.47187,0
-0.128067,-0.0595874,0,-1.43935,-1.47139,0
-0.12805,-0.0595787,0,-1.439,-1.47103,0
-0.128034,-0.05957,0,-1.43865,-1.47068,0
-0.128023,-0.0595632,0,-1.43816,-1.47077,0
-0.128012,-0.0595564,0,-1.43767,-1.47087,0
-0.128014,-0.0595543,0,-1.43728,-1.47056,0
-0.128015,-0.0595521,0,-1.43688,-1.47025,0
-0.128009,-0.0595451,0,-1.43672,-1.46978,0
-0.128003,-0.059538,0,-1.43657,-1.4693,0
-0.127975,-0.059533,0,-1.43607,-1.46932,0
-0.127947,-0.059528,0,-1.43557,-1.46933,0
-0.127941,-0.059521,0,-1.43507,-1.46937,0
-0.127934,-0.0595141,0,-1.43457,-1.4694,0
-0.127919,-0.0595084,0,-1.43409,-1.46927,0
-0.127904,-0.0595026,0,-1.4336,-1.46914,0
-0.127899,-0.0594993,0,-1.43324,-1.4688,0
-0.127893,-0.059496,0,-1.43287,-1.46846,0
-0.127884,-0.0594925,0,-1.43238,-1.46856,0
-0.127874,-0.0594891,0,-1.43189,-1.46865,0
-0.127859,-0.0594846,0,-1.43141,-1.46851,0
-0.127844,-0.0594801,0,-1.43093,-1.46838,0
-0.127846,-0.0594762,0,-1.43047,-1.46858,0
-0.127848,-0.0594723,0,-1.43002,-1.46879,0
-0.12785,-0.0594679,0,-1.42975,-1.46837,0
-0.127852,-0.0594636,0,-1.42949,-1.46794,0
-0.127836,-0.0594591,0,-1.42904,-1.46773,0
-0.127821,-0.0594546,0,-1.42859,-1.46751,0
-0.127815,-0.059451,0,-1.42841,-1.46704,0
-0.127809,-0.0594474,0,-1.42823,-1.46657,0
-0.127811,-0.0594414,0,-1.42783,-1.46628,0
-0.127813,-0.0594355,0,-1.42742,-1.46599,0
-0.127803,-0.0594317,0,-1.42692,-1.46593,0
-0.127793,-0.0594279,0,-1.42643,-1.46587,0
-0.127785,-0.0594263,0,-1.42641,-1.46537,0
-0.127778,-0.0594247,0,-1.4264,-1.46487,0
-0.127779,-0.0594232,0,-1.42646,-1.46438,0
-0.127781,-0.0594218,0,-1.42652,-1.46388,0
-0.127779,-0.0594207,0,-1.42634,-1.46341,0
-0.127777,-0.0594195,0,-1.42617,-1.46295,0
-0.127771,-0.0594127,0,-1.42597,-1.46249,0
-0.127766,-0.0594058,0,-1.42577,-1.46203,0
-0.127754,-0.0593997,0,-1.42538,-1.46171,0
-0.127742,-0.0593937,0,-1.425,-1.46139,0
-0.127742,-0.0593895,0,-1.42471,-1.46098,0
-0.127742,-0.0593853,0,-1.42442,-1.46057,0
-0.127724,-0.0593784,0,-1.42394,-1.46042,0
-0.127705,-0.0593716,0,-1.42347,-1.46027,0
-0.127696,-0.0593694,0,-1.42312,-1.45991,0
-0.127686,-0.0593672,0,-1.42278,-1.45954,0
-0.12768,-0.0593665,0,-1.42247,-1.45915,0
-0.127674,-0.0593658,0,-1.42216,-1.45876,0
-0.12767,-0.0593633,0,-1.42178,-1.45843,0
-0.127666,-0.0593608,0,-1.4214,-1.45811,0
-0.12766,-0.0593587,0,-1.42101,-1.45779,0
-0.127654,-0.0593567,0,-1.42063,-1.45747,0
-0.127644,-0.0593535,0,-1.42036,-1.45705,0
-0.127633,-0.0593503,0,-1.42009,-1.45663,0
-0.127623,-0.0593494,0,-1.42005,-1.45613,0
-0.127613,-0.0593485,0,-1.42001,-1.45563,0
-0.127596,-0.0593471,0,-1.41965,-1.45529,0
-0.127579,-0.0593457,0,-1.41929,-1.45494,0
-0.127576,-0.0593413,0,-1.41892,-1.4546,0
-0.127573,-0.0593369,0,-1.41856,-1.45425,0
-0.127559,-0.0593325,0,-1.41865,-1.45376,0
-0.127545,-0.059328,0,-1.41875,-1.45327,0
-0.127532,-0.0593224,0,-1.41826,-1.45316,0
-0.127519,-0.0593167,0,-1.41777,-1.45304,0
-0.127517,-0.0593103,0,-1.41731,-1.45285,0
-0.127516,-0.0593039,0,-1.41685,-1.45266,0
-0.127514,-0.059304,0,-1.41673,-1.45217,0
-0.127513,-0.059304,0,-1.41661,-1.45169,0
-0.127497,-0.0593014,0,-1.41616,-1.45146,0
-0.127481,-0.0592987,0,-1.41572,-1.45124,0
-0.127481,-0.0592924,0,-1.41522,-1.45117,0
-0.127482,-0.059286,0,-1.41473,-1.45111,0
-0.127484,-0.0592839,0,-1.41431,-1.45084,0
-0.127486,-0.0592817,0,-1.41388,-1.45057,0
-0.127461,-0.0592681,0,-1.41339,-1.45057,0
-0.127436,-0.0592546,0,-1.41289,-1.45057,0
-0.127429,-0.0592515,0,-1.4125,-1.45026,0
-0.127422,-0.0592484,0,-1.4121,-1.44995,0
-0.127405,-0.0592469,0,-1.41164,-1.44977,0
-0.127389,-0.0592454,0,-1.41117,-1.44959,0
-0.127389,-0.0592417,0,-1.41083,-1.44922,0
-0.12739,-0.0592379,0,-1.41049,-1.44885,0
-0.127388,-0.0592319,0,-1.41007,-1.44859,0
-0.127387,-0.059226,0,-1.40965,-1.44832,0
-0.127341,-0.0592114,0,-1.40972,-1.44783,0
-0.127296,-0.0591969,0,-1.4098,-1.44734,0
-0.127288,-0.0591929,0,-1.40975,-1.44684,0
-0.127281,-0.059189,0,-1.40969,-1.44634,0
-0.127259,-0.0591759,0,-1.40981,-1.44586,0
-0.127237,-0.0591628,0,-1.40993,-1.44538,0
-0.127233,-0.0591618,0,-1.4099,-1.44488,0
-0.127229,-0.0591608,0,-1.40987,-1.44438,0
-0.127218,-0.059158,0,-1.40972,-1.4439,0
-0.127208,-0.0591552,0,-1.40957,-1.44343,0
-0.127209,-0.0591534,0,-1.40926,-1.44303,0
-0.127211,-0.0591515,0,-1.40895,-1.44264,0
-0.127212,-0.0591489,0,-1.40861,-1.44227,0
-0.127214,-0.0591463,0,-1.40827,-1.4419,0
-0.127209,-0.0591416,0,-1.40779,-1.44178,0
-0.127205,-0.0591369,0,-1.4073,-1.44165,0
-0.12717,-0.0591237,0,-1.40681,-1.44164,0
-0.127134,-0.0591105,0,-1.40631,-1.44163,0
-0.127113,-0.0591002,0,-1.40583,-1.44177,0
-0.127092,-0.05909,0,-1.40535,-1.44191,0
-0.127083,-0.0590852,0,-1.40485,-1.44196,0
-0.127074,-0.0590804,0,-1.40435,-1.442,0
-0.127072,-0.0590783,0,-1.40386,-1.44196,0
-0.127069,-0.0590763,0,-1.40336,-1.44191,0
-0.127079,-0.0590675,0,-1.4029,-1.44172,0
-0.127089,-0.0590588,0,-1.40244,-1.44152,0
-0.12709,-0.0590547,0,-1.402,-1.44128,0
-0.127091,-0.0590507,0,-1.40157,-1.44103,0
-0.127086,-0.0590503,0,-1.40134,-1.44058,0
-0.127081,-0.05905,0,-1.40112,-1.44014,0
-0.12708,-0.0590458,0,-1.40109,-1.43964,0
-0.127079,-0.0590415,0,-1.40106,-1.43914,0
-0.127073,-0.0590367,0,-1.40071,-1.43878,0
-0.127068,-0.0590319,0,-1.40036,-1.43842,0
-0.127058,-0.0590273,0,-1.40022,-1.43794,0
-0.127047,-0.0590226,0,-1.40008,-1.43746,0
-0.127046,-0.0590222,0,-1.39977,-1.43707,0
-0.127044,-0.0590218,0,-1.39946,-1.43669,0
-0.127048,-0.0590183,0,-1.39897,-1.43656,0
-0.127051,-0.0590148,0,-1.39849,-1.43644,0
-0.127022,-0.0590099,0,-1.39799,-1.43647,0
-0.126993,-0.0590049,0,-1.39749,-1.43651,0
-0.126975,-0.0589941,0,-1.39703,-1.4367,0
-0.126956,-0.0589832,0,-1.39656,-1.43688,0
-0.126952,-0.0589799,0,-1.39622,-1.43652,0
-0.126948,-0.0589765,0,-1.39587,-1.43616,0
-0.126945,-0.0589708,0,-1.39537,-1.43623,0
-0.126942,-0.058965,0,-1.39488,-1.4363,0
-0.126942,-0.0589636,0,-1.39438,-1.43624,0
-0.126942,-0.0589622,0,-1.39388,-1.43618,0
-0.126933,-0.0589621,0,-1.3934,-1.43605,0
-0.126925,-0.0589621,0,-1.39292,-1.43592,0
-0.126927,-0.058959,0,-1.39242,-1.43594,0
-0.126928,-0.058956,0,-1.39192,-1.43597,0
-0.126923,-0.0589527,0,-1.39155,-1.43563,0
-0.126917,-0.0589494,0,-1.39118,-1.43529,0
-0.126914,-0.0589393,0,-1.39086,-1.43491,0
-0.126911,-0.0589292,0,-1.39054,-1.43453,0
-0.12692,-0.0589241,0,-1.39019,-1.43417,0
-0.126929,-0.058919,0,-1.38984,-1.43381,0
-0.126911,-0.0589165,0,-1.38937,-1.43365,0
-0.126894,-0.0589139,0,-1.38889,-1.43349,0
-0.126879,-0.0589068,0,-1.38857,-1.43311,0
-0.126864,-0.0588997,0,-1.38826,-1.43272,0
-0.12686,-0.0588948,0,-1.3882,-1.43222,0
-0.126855,-0.0588899,0,-1.38815,-1.43173,0
-0.126857,-0.0588859,0,-1.38772,-1.43147,0
-0.126859,-0.0588819,0,-1.38729,-1.43122,0
-0.12685,-0.0588769,0,-1.38682,-1.43105,0
-0.126841,-0.058872,0,-1.38635,-1.43088,0
-0.12684,-0.0588721,0,-1.38586,-1.43097,0
-0.126839,-0.0588722,0,-1.38537,-1.43106,0
-0.126837,-0.0588683,0,-1.38511,-1.43063,0
-0.126835,-0.0588644,0,-1.38485,-1.43021,0
-0.12682,-0.0588621,0,-1.38436,-1.43031,0
-0.126804,-0.0588598,0,-1.38387,-1.43042,0
-0.126775,-0.0588549,0,-1.38337,-1.43046,0
-0.126746,-0.05885,0,-1.38288,-1.4305,0
-0.126748,-0.0588417,0,-1.38244,-1.43026,0
-0.12675,-0.0588335,0,-1.382,-1.43001,0
-0.12674,-0.0588296,0,-1.38159,-1.42974,0
-0.12673,-0.0588257,0,-1.38118,-1.42946,0
-0.12672,-0.058824,0,-1.38093,-1.42902,0
-0.12671,-0.0588224,0,-1.38068,-1.42859,0
-0.126704,-0.0588221,0,-1.3804,-1.42818,0
-0.126698,-0.0588218,0,-1.38011,-1.42776,0
-0.126689,-0.0588163,0,-1.37962,-1.42771,0
-0.126679,-0.0588107,0,-1.37912,-1.42767,0
-0.12665,-0.0588058,0,-1.37862,-1.42771,0
-0.12662,-0.0588009,0,-1.37813,-1.42776,0
-0.126623,-0.058794,0,-1.37772,-1.42747,0
-0.126626,-0.0587871,0,-1.37731,-1.42718,0
-0.126617,-0.0587849,0,-1.37691,-1.42688,0
-0.126609,-0.0587826,0,-1.3765,-1.42659,0
-0.126588,-0.0587768,0,-1.37612,-1.42626,0
-0.126568,-0.0587709,0,-1.37574,-1.42594,0
-0.126555,-0.0587655,0,-1.37546,-1.42553,0
-0.126542,-0.05876,0,-1.37518,-1.42511,0
-0.126529,-0.0587541,0,-1.37475,-1.42486,0
-0.126515,-0.0587482,0,-1.37432,-1.42461,0
-0.126508,-0.0587467,0,-1.37403,-1.4242,0
-0.126502,-0.0587452,0,-1.37374,-1.42379,0
-0.126495,-0.0587422,0,-1.37328,-1.4236,0
-0.126488,-0.0587392,0,-1.37281,-1.42342,0
-0.126484,-0.0587392,0,-1.37245,-1.42308,0
-0.126481,-0.0587392,0,-1.37208,-1.42274,0
-0.126469,-0.0587325,0,-1.37175,-1.42236,0
-0.126458,-0.0587258,0,-1.37141,-1.42199,0
-0.126446,-0.0587251,0,-1.3715,-1.4215,0
-0.126434,-0.0587244,0,-1.37159,-1.42101,0
-0.126415,-0.058702,0,-1.37119,-1.42071,0
-0.126397,-0.0586796,0,-1.37079,-1.42041,0
-0.126386,-0.0586735,0,-1.37029,-1.42038,0
-0.126374,-0.0586675,0,-1.36979,-1.42036,0
-0.126351,-0.0586551,0,-1.36937,-1.42009,0
-0.126327,-0.0586428,0,-1.36895,-1.41982,0
-0.126325,-0.0586365,0,-1.36873,-1.41938,0
-0.126324,-0.0586302,0,-1.3685,-1.41893,0
-0.126306,-0.0586273,0,-1.3682,-1.41853,0
-0.126288,-0.0586244,0,-1.3679,-1.41813,0
-0.126273,-0.0586192,0,-1.36742,-1.41824,0
-0.126257,-0.058614,0,-1.36693,-1.41835,0
-0.126256,-0.058614,0,-1.36676,-1.41788,0
-0.126254,-0.0586139,0,-1.36658,-1.41742,0
-0.126232,-0.0586034,0,-1.36649,-1.41693,0
-0.12621,-0.058593,0,-1.3664,-1.41643,0
-0.126175,-0.0585876,0,-1.3663,-1.41594,0
-0.12614,-0.0585823,0,-1.36621,-1.41545,0
-0.126127,-0.0585797,0,-1.36572,-1.41536,0
-0.126114,-0.0585771,0,-1.36523,-1.41527,0
-0.126084,-0.0585723,0,-1.36473,-1.41532,0
-0.126055,-0.0585675,0,-1.36424,-1.41538,0
-0.126055,-0.0585638,0,-1.36391,-1.415,0
-0.126056,-0.0585601,0,-1.36359,-1.41461,0
-0.126059,-0.0585528,0,-1.36328,-1.41422,0
-0.126063,-0.0585456,0,-1.36298,-1.41382,0
-0.126063,-0.0585436,0,-1.36251,-1.41364,0
-0.126063,-0.0585416,0,-1.36205,-1.41345,0
-0.126025,-0.0585281,0,-1.36159,-1.41325,0
-0.125988,-0.0585146,0,-1.36114,-1.41305,0
-0.12598,-0.0585097,0,-1.36093,-1.41259,0
-0.125972,-0.0585048,0,-1.36073,-1.41214,0
-0.125966,-0.058499,0,-1.36046,-1.41171,0
-0.125959,-0.0584932,0,-1.36019,-1.41129,0
-0.12593,-0.0584884,0,-1.3597,-1.41135,0
-0.1259,-0.0584836,0,-1.3592,-1.41141,0
-0.125894,-0.0584785,0,-1.35897,-1.41096,0
-0.125888,-0.0584735,0,-1.35874,-1.41052,0
-0.125886,-0.0584712,0,-1.3586,-1.41004,0
-0.125884,-0.0584688,0,-1.35846,-1.40956,0
-0.125872,-0.0584668,0,-1.3583,-1.40909,0
-0.125859,-0.0584647,0,-1.35814,-1.40861,0
-0.125848,-0.0584605,0,-1.35803,-1.40813,0
-0.125837,-0.0584564,0,-1.35792,-1.40764,0
-0.125827,-0.0584538,0,-1.35748,-1.40741,0
-0.125816,-0.0584513,0,-1.35704,-1.40717,0
-0.125807,-0.0584502,0,-1.35663,-1.40689,0
-0.125798,-0.0584491,0,-1.35622,-1.40661,0
-0.1258,-0.0584439,0,-1.35581,-1.40631,0
-0.125802,-0.0584386,0,-1.35541,-1.40601,0
-0.125788,-0.0584316,0,-1.35495,-1.40582,0
-0.125774,-0.0584246,0,-1.35449,-1.40563,0
-0.125745,-0.0584158,0,-1.35454,-1.40513,0
-0.125716,-0.058407,0,-1.35459,-1.40464,0
-0.12571,-0.058407,0,-1.3543,-1.40423,0
-0.125705,-0.0584071,0,-1.35401,-1.40382,0
-0.125704,-0.0584064,0,-1.35372,-1.40342,0
-0.125703,-0.0584057,0,-1.35343,-1.40301,0
-0.1257,-0.0583992,0,-1.35323,-1.40255,0
-0.125698,-0.0583927,0,-1.35303,-1.40209,0
-0.125701,-0.0583919,0,-1.35276,-1.40167,0
-0.125703,-0.0583912,0,-1.3525,-1.40124,0
-0.125674,-0.0583864,0,-1.352,-1.40131,0
-0.125644,-0.0583816,0,-1.35151,-1.40137,0
-0.125632,-0.0583794,0,-1.35128,-1.40093,0
-0.125621,-0.0583771,0,-1.35104,-1.40049,0
-0.125601,-0.0583699,0,-1.35065,-1.40018,0
-0.125581,-0.0583626,0,-1.35025,-1.39988,0
-0.125575,-0.0583587,0,-1.34987,-1.39956,0
-0.12557,-0.0583548,0,-1.34948,-1.39924,0
-0.125555,-0.0583529,0,-1.34908,-1.39894,0
-0.12554,-0.0583509,0,-1.34869,-1.39864,0
-0.12553,-0.0583466,0,-1.34823,-1.39844,0
-0.125521,-0.0583423,0,-1.34777,-1.39824,0
-0.125454,-0.0583072,0,-1.34733,-1.39847,0
-0.125387,-0.0582721,0,-1.34689,-1.3987,0
-0.125358,-0.0582674,0,-1.34639,-1.39876,0
-0.125328,-0.0582626,0,-1.3459,-1.39883,0
-0.125306,-0.058258,0,-1.34542,-1.39869,0
-0.125283,-0.0582534,0,-1.34494,-1.39855,0
-0.125288,-0.0582456,0,-1.34444,-1.39861,0
-0.125292,-0.0582377,0,-1.34395,-1.39868,0
-0.125274,-0.0582353,0,-1.34347,-1.39882,0
-0.125257,-0.058233,0,-1.34299,-1.39897,0
-0.125254,-0.0582274,0,-1.34257,-1.3987,0
-0.125252,-0.0582219,0,-1.34215,-1.39843,0
-0.125223,-0.0582172,0,-1.34165,-1.39849,0
-0.125193,-0.0582125,0,-1.34116,-1.39856,0
-0.125171,-0.0582123,0,-1.34068,-1.39844,0
-0.12515,-0.0582121,0,-1.34019,-1.39832,0
-0.125135,-0.058204,0,-1.33976,-1.39857,0
-0.125121,-0.0581959,0,-1.33932,-1.39882,0
-0.125121,-0.0581847,0,-1.33895,-1.39914,0
-0.125121,-0.0581734,0,-1.33857,-1.39947,0
-0.125118,-0.0581712,0,-1.33807,-1.39942,0
-0.125115,-0.058169,0,-1.33757,-1.39938,0
-0.125085,-0.0581643,0,-1.33708,-1.39945,0
-0.125056,-0.0581596,0,-1.33658,-1.39952,0
-0.125057,-0.0581547,0,-1.3361,-1.39965,0
-0.125058,-0.0581497,0,-1.33562,-1.39979,0
-0.12505,-0.058141,0,-1.33518,-1.40003,0
-0.125042,-0.0581323,0,-1.33475,-1.40027,0
-0.125021,-0.0581252,0,-1.33425,-1.40026,0
-0.125,-0.0581181,0,-1.33375,-1.40025,0
-0.124971,-0.0581134,0,-1.33325,-1.40032,0
-0.124941,-0.0581087,0,-1.33276,-1.40038,0
-0.124932,-0.0581079,0,-1.33226,-1.40033,0
-0.124923,-0.0581071,0,-1.33177,-1.40027,0
-0.124905,-0.0581074,0,-1.3313,-1.40044,0
-0.124887,-0.0581077,0,-1.33083,-1.40061,0
-0.124873,-0.0581071,0,-1.33047,-1.40096,0
-0.124859,-0.0581065,0,-1.33012,-1.40132,0
-0.12484,-0.0580957,0,-1.32964,-1.40118,0
-0.124821,-0.0580849,0,-1.32916,-1.40105,0
-0.124803,-0.0580794,0,-1.32871,-1.40126,0
-0.124785,-0.0580739,0,-1.32826,-1.40147,0
-0.124755,-0.0580692,0,-1.32776,-1.40154,0
-0.124725,-0.0580645,0,-1.32727,-1.40161,0
-0.124713,-0.0580573,0,-1.32677,-1.40161,0
-0.124701,-0.0580502,0,-1.32627,-1.40161,0
-0.124688,-0.0580463,0,-1.32578,-1.40151,0
-0.124674,-0.0580424,0,-1.32529,-1.40141,0
-0.124675,-0.0580418,0,-1.32481,-1.40155,0
-0.124677,-0.0580412,0,-1.32434,-1.4017,0
-0.124678,-0.0580411,0,-1.32384,-1.40169,0
-0.12468,-0.0580409,0,-1.32334,-1.40169,0
-0.124673,-0.0580355,0,-1.32285,-1.40156,0
-0.124667,-0.0580301,0,-1.32237,-1.40144,0
-0.124657,-0.0580263,0,-1.32189,-1.40158,0
-0.124647,-0.0580224,0,-1.32141,-1.40172,0
-0.124641,-0.058015,0,-1.32091,-1.40169,0
-0.124635,-0.0580076,0,-1.32041,-1.40165,0
-0.124605,-0.0580029,0,-1.31992,-1.40172,0
-0.124575,-0.0579981,0,-1.31942,-1.40179,0
-0.124569,-0.0579934,0,-1.31894,-1.40191,0
-0.124564,-0.0579886,0,-1.31846,-1.40204,0
-0.124555,-0.0579845,0,-1.31804,-1.40231,0
-0.124547,-0.0579804,0,-1.31762,-1.40258,0
-0.124546,-0.0579749,0,-1.31712,-1.40252,0
-0.124544,-0.0579694,0,-1.31662,-1.40246,0
-0.124514,-0.0579647,0,-1.31613,-1.40252,0
-0.124484,-0.05796,0,-1.31563,-1.40259,0
-0.124478,-0.0579553,0,-1.31517,-1.40278,0
-0.124471,-0.0579507,0,-1.31471,-1.40296,0
-0.1244,-0.057943,0,-1.31433,-1.40328,0
-0.124329,-0.0579353,0,-1.31395,-1.4036,0
-0.124312,-0.0579303,0,-1.31346,-1.40368,0
-0.124296,-0.0579253,0,-1.31296,-1.40375,0
-0.124267,-0.0579276,0,-1.31253,-1.404,0
-0.124238,-0.0579299,0,-1.31209,-1.40424,0
-0.124218,-0.0579129,0,-1.31163,-1.40444,0
-0.124198,-0.0578959,0,-1.31117,-1.40463,0
-0.124199,-0.0578936,0,-1.31073,-1.40487,0
-0.124199,-0.0578912,0,-1.31029,-1.4051,0
-0.124169,-0.0578865,0,-1.3098,-1.40517,0
-0.124139,-0.0578818,0,-1.3093,-1.40524,0
-0.124136,-0.0578763,0,-1.30884,-1.40541,0
-0.124133,-0.0578707,0,-1.30837,-1.40559,0
-0.12413,-0.0578668,0,-1.30787,-1.40563,0
-0.124127,-0.0578629,0,-1.30737,-1.40566,0
-0.124122,-0.0578579,0,-1.30688,-1.40572,0
-0.124117,-0.0578529,0,-1.30638,-1.40579,0
-0.124099,-0.0578486,0,-1.30588,-1.40586,0
-0.124082,-0.0578442,0,-1.30539,-1.40593,0
-0.124052,-0.0578395,0,-1.3049,-1.406,0
-0.124021,-0.0578348,0,-1.3044,-1.40606,0
-0.124011,-0.057828,0,-1.30392,-1.40619,0
-0.124,-0.0578213,0,-1.30343,-1.40632,0
-0.12397,-0.0578166,0,-1.30294,-1.40638,0
-0.123939,-0.0578119,0,-1.30244,-1.40645,0
-0.123928,-0.0578073,0,-1.30198,-1.40663,0
-0.123917,-0.0578028,0,-1.30152,-1.40682,0
-0.123886,-0.0577981,0,-1.30102,-1.40689,0
-0.123855,-0.0577934,0,-1.30053,-1.40695,0
-0.123905,-0.0577444,0,-1.30034,-1.40741,0
-0.123954,-0.0576953,0,-1.30015,-1.40787,0
-0.12394,-0.0576829,0,-1.29965,-1.40787,0
-0.123927,-0.0576704,0,-1.29915,-1.40787,0
-0.123896,-0.0576658,0,-1.29865,-1.40793,0
-0.123865,-0.0576612,0,-1.29816,-1.408,0
-0.123853,-0.0576579,0,-1.29767,-1.40809,0
-0.123841,-0.0576546,0,-1.29718,-1.40818,0
-0.12384,-0.0576472,0,-1.29668,-1.40823,0
-0.123838,-0.0576398,0,-1.29618,-1.40827,0
-0.123807,-0.0576352,0,-1.29569,-1.40834,0
-0.123776,-0.0576306,0,-1.29519,-1.4084,0
-0.123766,-0.0576195,0,-1.29471,-1.40854,0
-0.123755,-0.0576084,0,-1.29423,-1.40867,0
-0.123724,-0.0576038,0,-1.29373,-1.40874,0
-0.123694,-0.0575992,0,-1.29324,-1.40881,0
-0.123679,-0.057595,0,-1.29276,-1.40894,0
-0.123665,-0.0575908,0,-1.29228,-1.40908,0
-0.123657,-0.0575743,0,-1.29183,-1.4093,0
-0.12365,-0.0575577,0,-1.29139,-1.40953,0
-0.123653,-0.0575582,0,-1.2909,-1.40965,0
-0.123656,-0.0575587,0,-1.29041,-1.40976,0
-0.123645,-0.0575535,0,-1.28992,-1.40986,0
-0.123634,-0.0575483,0,-1.28943,-1.40996,0
-0.123635,-0.0575438,0,-1.28896,-1.41011,0
-0.123637,-0.0575393,0,-1.28848,-1.41027,0
-0.123618,-0.0575319,0,-1.28803,-1.41049,0
-0.123599,-0.0575244,0,-1.28759,-1.41071,0
-0.123573,-0.057515,0,-1.28709,-1.41069,0
-0.123547,-0.0575056,0,-1.28659,-1.41066,0
-0.123521,-0.0575019,0,-1.28613,-1.41087,0
-0.123495,-0.0574981,0,-1.28568,-1.41108,0
-0.123457,-0.057477,0,-1.28521,-1.41123,0
-0.123419,-0.0574559,0,-1.28473,-1.41138,0
-0.123408,-0.0574541,0,-1.28424,-1.41146,0
-0.123397,-0.0574523,0,-1.28374,-1.41154,0
-0.123378,-0.057444,0,-1.28326,-1.41167,0
-0.123359,-0.0574357,0,-1.28278,-1.4118,0
-0.123353,-0.0574348,0,-1.2823,-1.41194,0
-0.123348,-0.057434,0,-1.28182,-1.41208,0
-0.123351,-0.0574299,0,-1.28132,-1.41212,0
-0.123354,-0.0574258,0,-1.28082,-1.41216,0
-0.123313,-0.0574118,0,-1.28034,-1.41228,0
-0.123271,-0.0573978,0,-1.27986,-1.4124,0
-0.123214,-0.0573687,0,-1.27955,-1.41279,0
-0.123156,-0.0573395,0,-1.27924,-1.41318,0
-0.123142,-0.0573326,0,-1.27882,-1.41344,0
-0.123128,-0.0573257,0,-1.27839,-1.4137,0
-0.123104,-0.057321,0,-1.2779,-1.41382,0
-0.12308,-0.0573163,0,-1.27742,-1.41395,0
-0.123077,-0.0573141,0,-1.27705,-1.41429,0
-0.123074,-0.057312,0,-1.27669,-1.41463,0
-0.123052,-0.0572985,0,-1.27628,-1.41492,0
-0.123029,-0.057285,0,-1.27588,-1.41521,0
-0.122924,-0.0572301,0,-1.27547,-1.41547,0
-0.122819,-0.0571753,0,-1.27506,-1.41574,0
-0.122804,-0.0571733,0,-1.27458,-1.41588,0
-0.122788,-0.0571713,0,-1.2741,-1.41603,0
-0.122763,-0.0571667,0,-1.27363,-1.41619,0
-0.122739,-0.0571622,0,-1.27316,-1.41635,0
-0.122714,-0.0571463,0,-1.27266,-1.41638,0
-0.122689,-0.0571304,0,-1.27216,-1.41642,0
-0.122657,-0.057126,0,-1.27167,-1.41648,0
-0.122626,-0.0571216,0,-1.27117,-1.41655,0
-0.122614,-0.0571171,0,-1.27068,-1.41666,0
-0.122601,-0.0571126,0,-1.2702,-1.41677,0
-0.12257,-0.0571082,0,-1.2697,-1.41683,0
-0.122539,-0.0571038,0,-1.26921,-1.41689,0
-0.122523,-0.0571018,0,-1.26875,-1.4171,0
-0.122507,-0.0570999,0,-1.2683,-1.41732,0
-0.122482,-0.0570858,0,-1.26784,-1.4175,0
-0.122457,-0.0570718,0,-1.26737,-1.41768,0
-0.122464,-0.0570577,0,-1.26712,-1.41811,0
-0.122471,-0.0570437,0,-1.26688,-1.41855,0
-0.122465,-0.0570376,0,-1.2664,-1.41871,0
-0.122459,-0.0570315,0,-1.26593,-1.41888,0
-0.122463,-0.0570247,0,-1.26548,-1.41909,0
-0.122466,-0.0570179,0,-1.26503,-1.4193,0
-0.122464,-0.057016,0,-1.26454,-1.41942,0
-0.122462,-0.0570141,0,-1.26405,-1.41953,0
-0.122437,-0.0570145,0,-1.26361,-1.41976,0
-0.122413,-0.0570149,0,-1.26316,-1.41998,0
-0.122381,-0.0570105,0,-1.26266,-1.42004,0
-0.12235,-0.0570062,0,-1.26217,-1.4201,0
-0.122316,-0.0569868,0,-1.26183,-1.42046,0
-0.122282,-0.0569674,0,-1.26149,-1.42083,0
-0.12224,-0.0569445,0,-1.26106,-1.42108,0
-0.122198,-0.0569215,0,-1.26063,-1.42133,0
-0.122185,-0.0569145,0,-1.26016,-1.42149,0
-0.122171,-0.0569074,0,-1.25968,-1.42165,0
-0.12215,-0.0569022,0,-1.25931,-1.42198,0
-0.122129,-0.056897,0,-1.25894,-1.42232,0
-0.122127,-0.0568965,0,-1.25845,-1.42241,0
-0.122126,-0.0568961,0,-1.25796,-1.4225,0
-0.122123,-0.0568955,0,-1.2575,-1.4227,0
-0.122121,-0.0568949,0,-1.25704,-1.4229,0
-0.122108,-0.0568912,0,-1.25661,-1.42315,0
-0.122095,-0.0568875,0,-1.25618,-1.42339,0
-0.122063,-0.0568831,0,-1.25568,-1.42345,0
-0.122032,-0.0568788,0,-1.25518,-1.42351,0
-0.122015,-0.0568692,0,-1.25471,-1.42365,0
-0.121997,-0.0568595,0,-1.25423,-1.4238,0
-0.121987,-0.0568575,0,-1.25374,-1.42392,0
-0.121976,-0.0568555,0,-1.25326,-1.42404,0
-0.121945,-0.0568502,0,-1.25293,-1.42441,0
-0.121914,-0.056845,0,-1.2526,-1.42479,0
-0.121902,-0.0568354,0,-1.2522,-1.42509,0
-0.12189,-0.0568258,0,-1.25181,-1.42539,0
-0.121858,-0.0568216,0,-1.25131,-1.42545,0
-0.121827,-0.0568173,0,-1.25081,-1.4255,0
-0.121807,-0.0568108,0,-1.25037,-1.42573,0
-0.121788,-0.0568043,0,-1.24992,-1.42596,0
-0.121756,-0.0568001,0,-1.24943,-1.42602,0
-0.121724,-0.0567958,0,-1.24893,-1.42607,0
-0.121726,-0.0567842,0,-1.24856,-1.4264,0
-0.121728,-0.0567725,0,-1.24819,-1.42674,0
-0.121731,-0.0567698,0,-1.24774,-1.42696,0
-0.121734,-0.056767,0,-1.24729,-1.42718,0
-0.121717,-0.0567582,0,-1.24679,-1.42722,0
-0.121699,-0.0567495,0,-1.24629,-1.42727,0
-0.121734,-0.0566576,0,-1.24597,-1.42764,0
-0.121769,-0.0565657,0,-1.24565,-1.42801,0
-0.121743,-0.0565653,0,-1.24524,-1.42829,0
-0.121718,-0.0565649,0,-1.24483,-1.42858,0
-0.121715,-0.056552,0,-1.24438,-1.4288,0
-0.121713,-0.0565392,0,-1.24394,-1.42903,0
-0.121681,-0.0565351,0,-1.24344,-1.42908,0
-0.121649,-0.056531,0,-1.24295,-1.42914,0
-0.121653,-0.0565306,0,-1.24258,-1.42948,0
-0.121657,-0.0565303,0,-1.24222,-1.42982,0
-0.121625,-0.0565262,0,-1.24172,-1.42987,0
-0.121593,-0.0565221,0,-1.24122,-1.42993,0
-0.121595,-0.0565132,0,-1.24076,-1.43012,0
-0.121596,-0.0565043,0,-1.2403,-1.43032,0
-0.121588,-0.056496,0,-1.2399,-1.43061,0
-0.12158,-0.0564876,0,-1.2395,-1.43091,0
-0.121567,-0.0564837,0,-1.23901,-1.43102,0
-0.121554,-0.0564799,0,-1.23853,-1.43113,0
-0.121524,-0.0564686,0,-1.2382,-1.43152,0
-0.121494,-0.0564573,0,-1.23788,-1.4319,0
-0.121489,-0.0564317,0,-1.23738,-1.43193,0
-0.121484,-0.0564061,0,-1.23689,-1.43197,0
-0.121486,-0.0564028,0,-1.23642,-1.43214,0
-0.121487,-0.0563995,0,-1.23595,-1.43232,0
-0.121396,-0.0564011,0,-1.23576,-1.43277,0
-0.121305,-0.0564027,0,-1.23557,-1.43323,0
-0.121287,-0.0564027,0,-1.23519,-1.43354,0
-0.121268,-0.0564028,0,-1.2348,-1.43386,0
-0.121226,-0.0563765,0,-1.2346,-1.43432,0
-0.121185,-0.0563502,0,-1.2344,-1.43477,0
-0.121158,-0.0563504,0,-1.23413,-1.43519,0
-0.121131,-0.0563507,0,-1.23385,-1.43561,0
-0.121046,-0.0563415,0,-1.23337,-1.43569,0
-0.120962,-0.0563323,0,-1.23288,-1.43577,0
-0.120948,-0.0563298,0,-1.2324,-1.43591,0
-0.120934,-0.0563274,0,-1.23192,-1.43605,0
-0.120903,-0.0563233,0,-1.23142,-1.4361,0
-0.120871,-0.0563193,0,-1.23093,-1.43615,0
-0.120859,-0.0563138,0,-1.23043,-1.43621,0
-0.120848,-0.0563083,0,-1.22994,-1.43627,0
-0.12083,-0.0563036,0,-1.22944,-1.43636,0
-0.120813,-0.0562989,0,-1.22895,-1.43645,0
-0.120799,-0.0562979,0,-1.22846,-1.43653,0
-0.120785,-0.0562969,0,-1.22797,-1.4366,0
-0.120753,-0.0562929,0,-1.22747,-1.43665,0
-0.120721,-0.0562889,0,-1.22697,-1.4367,0
-0.120689,-0.0562849,0,-1.22648,-1.43675,0
-0.120657,-0.0562809,0,-1.22598,-1.4368,0
-0.120613,-0.0562693,0,-1.22574,-1.43724,0
-0.12057,-0.0562578,0,-1.2255,-1.43767,0
-0.120563,-0.0562502,0,-1.22505,-1.43789,0
-0.120557,-0.0562426,0,-1.2246,-1.4381,0
-0.120415,-0.0562393,0,-1.22416,-1.4383,0
-0.120272,-0.0562361,0,-1.22373,-1.4385,0
-0.120277,-0.0562361,0,-1.22326,-1.43867,0
-0.120281,-0.0562361,0,-1.22279,-1.43883,0
-0.120274,-0.0562242,0,-1.22242,-1.43917,0
-0.120268,-0.0562122,0,-1.22205,-1.43951,0
-0.12025,-0.0562103,0,-1.22162,-1.43977,0
-0.120233,-0.0562084,0,-1.22119,-1.44003,0
-0.120225,-0.0561852,0,-1.22081,-1.44034,0
-0.120218,-0.056162,0,-1.22042,-1.44066,0
-0.120215,-0.0561542,0,-1.21993,-1.44078,0
-0.120212,-0.0561464,0,-1.21945,-1.44089,0
-0.120199,-0.0561366,0,-1.21897,-1.44106,0
-0.120185,-0.0561267,0,-1.2185,-1.44122,0
-0.120153,-0.0561227,0,-1.218,-1.44126,0
-0.120121,-0.0561188,0,-1.21751,-1.44131,0
-0.120082,-0.0560997,0,-1.21701,-1.44138,0
-0.120043,-0.0560806,0,-1.21652,-1.44146,0
-0.120029,-0.056072,0,-1.21605,-1.44161,0
-0.120016,-0.0560635,0,-1.21557,-1.44177,0
-0.119984,-0.0560596,0,-1.21508,-1.44182,0
-0.119952,-0.0560557,0,-1.21458,-1.44186,0
-0.119956,-0.0560539,0,-1.21409,-1.44196,0
-0.119961,-0.0560522,0,-1.2136,-1.44206,0
-0.11992,-0.0560398,0,-1.2131,-1.442,0
-0.11988,-0.0560274,0,-1.21261,-1.44194,0
-0.119854,-0.0560157,0,-1.21242,-1.4424,0
-0.119828,-0.056004,0,-1.21223,-1.44287,0
-0.119796,-0.0560001,0,-1.21174,-1.44291,0
-0.119764,-0.0559963,0,-1.21124,-1.44296,0
-0.119714,-0.0559661,0,-1.21075,-1.443,0
-0.119664,-0.055936,0,-1.21025,-1.44304,0
-0.119663,-0.0559352,0,-1.20986,-1.44335,0
-0.119662,-0.0559343,0,-1.20947,-1.44366,0
-0.119657,-0.0559323,0,-1.20897,-1.44369,0
-0.119651,-0.0559303,0,-1.20847,-1.44371,0
-0.119648,-0.0559243,0,-1.20798,-1.44382,0
-0.119645,-0.0559183,0,-1.2075,-1.44394,0
-0.119648,-0.0559138,0,-1.20701,-1.44403,0
-0.11965,-0.0559094,0,-1.20651,-1.44412,0
-0.119618,-0.0559056,0,-1.20602,-1.44417,0
-0.119586,-0.0559018,0,-1.20552,-1.44421,0
-0.119589,-0.0558994,0,-1.20506,-1.44442,0
-0.119593,-0.055897,0,-1.20461,-1.44462,0
-0.119579,-0.0558898,0,-1.2044,-1.44508,0
-0.119566,-0.0558826,0,-1.20419,-1.44553,0
-0.119563,-0.0558821,0,-1.20369,-1.44558,0
-0.11956,-0.0558816,0,-1.20319,-1.44562,0
-0.119555,-0.0558712,0,-1.20276,-1.44587,0
-0.119551,-0.0558607,0,-1.20233,-1.44613,0
-0.11955,-0.0558594,0,-1.20186,-1.4463,0
-0.119549,-0.0558581,0,-1.20139,-1.44647,0
-0.11954,-0.0558539,0,-1.20092,-1.44664,0
-0.119532,-0.0558497,0,-1.20045,-1.44681,0
-0.119499,-0.0558458,0,-1.19995,-1.44685,0
-0.119467,-0.055842,0,-1.19946,-1.4469,0
-0.119484,-0.0558367,0,-1.19924,-1.44735,0
-0.119501,-0.0558314,0,-1.19903,-1.4478,0
-0.119505,-0.0558307,0,-1.19855,-1.44796,0
-0.119508,-0.05583,0,-1.19808,-1.44811,0
-0.119509,-0.0558293,0,-1.19758,-1.44811,0
-0.119509,-0.0558287,0,-1.19708,-1.44811,0
-0.119477,-0.0558248,0,-1.19658,-1.44815,0
-0.119444,-0.055821,0,-1.19608,-1.44819,0
-0.119428,-0.0558179,0,-1.1956,-1.44832,0
-0.119413,-0.0558148,0,-1.19512,-1.44845,0
-0.11938,-0.0558109,0,-1.19462,-1.44849,0
-0.119348,-0.0558071,0,-1.19412,-1.44853,0
-0.11935,-0.0558007,0,-1.1938,-1.44891,0
-0.119352,-0.0557943,0,-1.19347,-1.44928,0
-0.119335,-0.0557808,0,-1.19297,-1.44933,0
-0.119317,-0.0557673,0,-1.19247,-1.44938,0
-0.119312,-0.0557675,0,-1.19201,-1.44956,0
-0.119308,-0.0557677,0,-1.19154,-1.44973,0
-0.119284,-0.0557644,0,-1.19105,-1.44983,0
-0.11926,-0.0557612,0,-1.19056,-1.44992,0
-0.119264,-0.0557616,0,-1.1902,-1.45027,0
-0.119268,-0.055762,0,-1.18983,-1.45062,0
-0.119199,-0.0557151,0,-1.18935,-1.45069,0
-0.119129,-0.0556682,0,-1.18886,-1.45077,0
-0.119114,-0.0556548,0,-1.18849,-1.4511,0
-0.119099,-0.0556413,0,-1.18811,-1.45143,0
-0.119067,-0.0556376,0,-1.18762,-1.45147,0
-0.119034,-0.0556339,0,-1.18712,-1.45151,0
-0.119036,-0.0556308,0,-1.18664,-1.45167,0
-0.119038,-0.0556276,0,-1.18617,-1.45183,0
-0.119043,-0.0556224,0,-1.18576,-1.45212,0
-0.119047,-0.0556172,0,-1.18535,-1.45241,0
-0.119034,-0.0556149,0,-1.18488,-1.45258,0
-0.11902,-0.0556127,0,-1.18441,-1.45275,0
-0.119037,-0.0555911,0,-1.18392,-1.4528,0
-0.119054,-0.0555696,0,-1.18342,-1.45284,0
-0.119047,-0.0555683,0,-1.18293,-1.45294,0
-0.11904,-0.0555669,0,-1.18244,-1.45303,0
-0.119007,-0.0555632,0,-1.18194,-1.45307,0
-0.118974,-0.0555596,0,-1.18144,-1.45311,0
-0.118943,-0.0555413,0,-1.18095,-1.45317,0
-0.118912,-0.0555229,0,-1.18045,-1.45324,0
-0.118909,-0.0555121,0,-1.18013,-1.45362,0
-0.118907,-0.0555013,0,-1.17981,-1.45401,0
-0.118873,-0.0554976,0,-1.17932,-1.45404,0
-0.11884,-0.055494,0,-1.17882,-1.45408,0
-0.118831,-0.0554878,0,-1.1784,-1.45436,0
-0.118821,-0.0554817,0,-1.17799,-1.45464,0
-0.118814,-0.0554796,0,-1.17749,-1.45472,0
-0.118808,-0.0554776,0,-1.177,-1.4548,0
-0.118798,-0.0554715,0,-1.17652,-1.45494,0
-0.118788,-0.0554653,0,-1.17604,-1.45509,0
-0.118782,-0.0554601,0,-1.17555,-1.45518,0
-0.118777,-0.0554548,0,-1.17506,-1.45527,0
-0.118744,-0.0554511,0,-1.17456,-1.45531,0
-0.11871,-0.0554475,0,-1.17407,-1.45534,0
-0.11871,-0.0554295,0,-1.17357,-1.4553,0
-0.118709,-0.0554116,0,-1.17307,-1.45527,0
-0.118698,-0.0554092,0,-1.17258,-1.45538,0
-0.118687,-0.0554068,0,-1.1721,-1.45549,0
-0.118681,-0.0554004,0,-1.1716,-1.45555,0
-0.118675,-0.055394,0,-1.1711,-1.45561,0
-0.118641,-0.0553904,0,-1.17061,-1.45564,0
-0.118608,-0.0553868,0,-1.17011,-1.45568,0
-0.118598,-0.0553821,0,-1.16961,-1.45572,0
-0.118588,-0.0553775,0,-1.16911,-1.45576,0
-0.11859,-0.0553731,0,-1.16861,-1.45577,0
-0.118592,-0.0553688,0,-1.16811,-1.45578,0
-0.118579,-0.055366,0,-1.16761,-1.45578,0
-0.118565,-0.0553633,0,-1.16711,-1.45577,0
-0.118568,-0.0553509,0,-1.16661,-1.45578,0
-0.11857,-0.0553385,0,-1.16611,-1.4558,0
-0.118537,-0.0553349,0,-1.16562,-1.45583,0
-0.118503,-0.0553313,0,-1.16512,-1.45587,0
-0.118506,-0.0553313,0,-1.16474,-1.45619,0
-0.11851,-0.0553312,0,-1.16436,-1.45652,0
-0.118501,-0.055328,0,-1.16387,-1.45665,0
-0.118493,-0.0553249,0,-1.16339,-1.45677,0
-0.118479,-0.0553154,0,-1.1629,-1.45689,0
-0.118465,-0.0553059,0,-1.16242,-1.45702,0
-0.11847,-0.0553008,0,-1.16192,-1.45706,0
-0.118475,-0.0552957,0,-1.16142,-1.45711,0
-0.118477,-0.0552951,0,-1.16093,-1.45721,0
-0.11848,-0.0552946,0,-1.16044,-1.45731,0
-0.118446,-0.055291,0,-1.15995,-1.45735,0
-0.118412,-0.0552874,0,-1.15945,-1.45738,0
-0.118398,-0.0552855,0,-1.15896,-1.4575,0
-0.118384,-0.0552835,0,-1.15848,-1.45761,0
-0.118368,-0.055278,0,-1.15803,-1.45783,0
-0.118352,-0.0552726,0,-1.15757,-1.45804,0
-0.118289,-0.0552356,0,-1.15708,-1.45798,0
-0.118226,-0.0551986,0,-1.15659,-1.45792,0
-0.118214,-0.0551933,0,-1.15629,-1.45831,0
-0.118202,-0.055188,0,-1.15599,-1.45871,0
-0.118199,-0.0551843,0,-1.15552,-1.4589,0
-0.118196,-0.0551806,0,-1.15506,-1.45908,0
-0.118198,-0.0551715,0,-1.15462,-1.45932,0
-0.1182,-0.0551624,0,-1.15418,-1.45955,0
-0.118165,-0.0551589,0,-1.15368,-1.45959,0
-0.118131,-0.0551554,0,-1.15318,-1.45962,0
-0.118097,-0.0551519,0,-1.15268,-1.45965,0
-0.118063,-0.0551484,0,-1.15219,-1.45969,0
-0.118066,-0.0551471,0,-1.1517,-1.45978,0
-0.118068,-0.0551457,0,-1.1512,-1.45988,0
-0.118063,-0.0551414,0,-1.1507,-1.45989,0
-0.118059,-0.0551371,0,-1.1502,-1.4599,0
-0.118041,-0.0551295,0,-1.14971,-1.45992,0
-0.118024,-0.0551219,0,-1.14921,-1.45993,0
-0.118,-0.0551161,0,-1.1488,-1.46022,0
-0.117976,-0.0551103,0,-1.14839,-1.46051,0
-0.117979,-0.0550973,0,-1.14789,-1.46055,0
-0.117982,-0.0550844,0,-1.1474,-1.4606,0
-0.117948,-0.0550809,0,-1.1469,-1.46063,0
-0.117913,-0.0550775,0,-1.1464,-1.46067,0
-0.117879,-0.055074,0,-1.1459,-1.4607,0
-0.117844,-0.0550705,0,-1.1454,-1.46073,0
-0.117798,-0.0550676,0,-1.14532,-1.46122,0
-0.117752,-0.0550648,0,-1.14523,-1.46171,0
-0.117717,-0.0550613,0,-1.14473,-1.46175,0
-0.117683,-0.0550578,0,-1.14423,-1.46178,0
-0.117681,-0.0550518,0,-1.14377,-1.46196,0
-0.117679,-0.0550457,0,-1.1433,-1.46214,0
-0.117658,-0.0550349,0,-1.14286,-1.46238,0
-0.117636,-0.0550241,0,-1.14243,-1.46262,0
-0.117625,-0.0550193,0,-1.142,-1.46288,0
-0.117614,-0.0550146,0,-1.14157,-1.46314,0
-0.117612,-0.0550085,0,-1.14109,-1.46327,0
-0.117611,-0.0550025,0,-1.1406,-1.46339,0
-0.117598,-0.0550028,0,-1.14011,-1.46343,0
-0.117586,-0.0550032,0,-1.13961,-1.46347,0
-0.117551,-0.0549998,0,-1.13911,-1.4635,0
-0.117517,-0.0549963,0,-1.13861,-1.46353,0
-0.117488,-0.0549852,0,-1.13818,-1.46378,0
-0.117459,-0.0549741,0,-1.13774,-1.46402,0
-0.117455,-0.0549684,0,-1.13726,-1.46414,0
-0.117451,-0.0549627,0,-1.13677,-1.46425,0
-0.117427,-0.0549545,0,-1.13674,-1.46475,0
-0.117404,-0.0549462,0,-1.13671,-1.46525,0
-0.117369,-0.0549428,0,-1.13621,-1.46527,0
-0.117334,-0.0549394,0,-1.13571,-1.4653,0
-0.117306,-0.0549366,0,-1.13525,-1.4655,0
-0.117278,-0.0549338,0,-1.13479,-1.4657,0
-0.117243,-0.0549253,0,-1.1343,-1.46564,0
-0.117209,-0.0549167,0,-1.1338,-1.46559,0
-0.117201,-0.0549116,0,-1.13332,-1.46572,0
-0.117194,-0.0549065,0,-1.13284,-1.46586,0
-0.117185,-0.0548928,0,-1.13262,-1.46631,0
-0.117177,-0.0548791,0,-1.1324,-1.46676,0
-0.117142,-0.0548758,0,-1.13191,-1.46679,0
-0.117108,-0.0548724,0,-1.13141,-1.46682,0
-0.117073,-0.054869,0,-1.13091,-1.46684,0
-0.117038,-0.0548657,0,-1.13041,-1.46687,0
-0.117037,-0.0548597,0,-1.12992,-1.46699,0
-0.117035,-0.0548537,0,-1.12944,-1.4671,0
-0.117025,-0.0548506,0,-1.12898,-1.4673,0
-0.117016,-0.0548476,0,-1.12852,-1.46749,0
-0.116981,-0.0548442,0,-1.12802,-1.46752,0
-0.116947,-0.0548409,0,-1.12752,-1.46755,0
-0.116936,-0.0548385,0,-1.12704,-1.46768,0
-0.116926,-0.0548361,0,-1.12656,-1.4678,0
-0.11696,-0.0547966,0,-1.12611,-1.46802,0
-0.116995,-0.054757,0,-1.12566,-1.46824,0
-0.116976,-0.0547467,0,-1.12517,-1.46829,0
-0.116956,-0.0547363,0,-1.12467,-1.46833,0
-0.116952,-0.0547302,0,-1.12417,-1.46834,0
-0.116949,-0.0547241,0,-1.12367,-1.46835,0
-0.116883,-0.0547201,0,-1.12326,-1.46863,0
-0.116818,-0.054716,0,-1.12285,-1.46891,0
-0.116783,-0.0547128,0,-1.12235,-1.46893,0
-0.116748,-0.0547095,0,-1.12185,-1.46896,0
-0.116749,-0.0547052,0,-1.12135,-1.46893,0
-0.116751,-0.0547009,0,-1.12085,-1.4689,0
-0.116754,-0.054701,0,-1.12038,-1.46907,0
-0.116758,-0.054701,0,-1.11991,-1.46924,0
-0.116761,-0.0546954,0,-1.11946,-1.46946,0
-0.116764,-0.0546899,0,-1.11901,-1.46968,0
-0.116767,-0.0546857,0,-1.11853,-1.46981,0
-0.11677,-0.0546814,0,-1.11805,-1.46995,0
-0.116734,-0.0546781,0,-1.11755,-1.46997,0
-0.116699,-0.0546749,0,-1.11705,-1.47,0
-0.116664,-0.0546716,0,-1.11655,-1.47002,0
-0.116628,-0.0546684,0,-1.11605,-1.47005,0
-0.116509,-0.0546016,0,-1.11585,-1.47048,0
-0.116389,-0.0545348,0,-1.11564,-1.47092,0
-0.116354,-0.0545317,0,-1.11514,-1.47094,0
-0.116319,-0.0545285,0,-1.11465,-1.47097,0
-0.116284,-0.0545254,0,-1.11415,-1.47099,0
-0.116249,-0.0545223,0,-1.11365,-1.47102,0
-0.116243,-0.0545222,0,-1.11318,-1.4712,0
-0.116237,-0.0545222,0,-1.11272,-1.47139,0
-0.116236,-0.0545211,0,-1.11222,-1.47136,0
-0.116235,-0.05452,0,-1.11172,-1.47134,0
-0.116222,-0.0545143,0,-1.11125,-1.47151,0
-0.116209,-0.0545086,0,-1.11078,-1.47168,0
-0.116174,-0.0545055,0,-1.11028,-1.4717,0
-0.116138,-0.0545023,0,-1.10978,-1.47173,0
-0.116114,-0.0544845,0,-1.10929,-1.47163,0
-0.11609,-0.0544667,0,-1.1088,-1.47154,0
-0.116093,-0.0544678,0,-1.10831,-1.47149,0
-0.116097,-0.0544689,0,-1.10781,-1.47145,0
-0.116082,-0.0544628,0,-1.10734,-1.47162,0
-0.116068,-0.0544567,0,-1.10687,-1.47179,0
-0.116096,-0.0544576,0,-1.10638,-1.47188,0
-0.116124,-0.0544584,0,-1.10589,-1.47197,0
-0.116114,-0.0544446,0,-1.10543,-1.47216,0
-0.116105,-0.0544308,0,-1.10496,-1.47235,0
-0.116104,-0.0544301,0,-1.10446,-1.47237,0
-0.116103,-0.0544295,0,-1.10396,-1.4724,0
-0.116106,-0.0544244,0,-1.10351,-1.4726,0
-0.116109,-0.0544194,0,-1.10305,-1.4728,0
-0.116102,-0.0544202,0,-1.10255,-1.47276,0
-0.116094,-0.0544211,0,-1.10205,-1.47273,0
-0.116096,-0.054417,0,-1.10155,-1.47271,0
-0.116097,-0.054413,0,-1.10105,-1.47269,0
-0.116081,-0.0544158,0,-1.10055,-1.47265,0
-0.116066,-0.0544187,0,-1.10006,-1.47261,0
-0.116056,-0.0544137,0,-1.09962,-1.47286,0
-0.116046,-0.0544088,0,-1.09919,-1.47311,0
-0.116066,-0.0543931,0,-1.0989,-1.47352,0
-0.116085,-0.0543773,0,-1.09862,-1.47393,0
-0.116089,-0.0543701,0,-1.09813,-1.47404,0
-0.116094,-0.054363,0,-1.09764,-1.47414,0
-0.116099,-0.0543566,0,-1.09722,-1.47441,0
-0.116105,-0.0543502,0,-1.0968,-1.47468,0
-0.116098,-0.0543489,0,-1.09631,-1.4748,0
-0.11609,-0.0543475,0,-1.09583,-1.47492,0
-0.116038,-0.0543329,0,-1.09555,-1.47533,0
-0.115987,-0.0543183,0,-1.09527,-1.47574,0
-0.115977,-0.0543049,0,-1.09479,-1.47589,0
-0.115968,-0.0542915,0,-1.09432,-1.47605,0
-0.115961,-0.0542894,0,-1.09382,-1.47598,0
-0.115954,-0.0542873,0,-1.09333,-1.47592,0
-0.115918,-0.0542843,0,-1.09283,-1.47594,0
-0.115881,-0.0542813,0,-1.09233,-1.47596,0
-0.115845,-0.0542783,0,-1.09183,-1.47598,0
-0.115809,-0.0542753,0,-1.09133,-1.476,0
-0.115804,-0.0542671,0,-1.09084,-1.47607,0
-0.115799,-0.0542589,0,-1.09034,-1.47615,0
-0.115762,-0.0542559,0,-1.08984,-1.47617,0
-0.115726,-0.0542529,0,-1.08935,-1.47619,0
-0.115689,-0.0542499,0,-1.08885,-1.47621,0
-0.115653,-0.0542469,0,-1.08835,-1.47623,0
-0.115617,-0.0542439,0,-1.08785,-1.47625,0
-0.11558,-0.0542409,0,-1.08735,-1.47627,0
-0.115544,-0.0542379,0,-1.08685,-1.47629,0
-0.115507,-0.0542349,0,-1.08636,-1.47631,0
-0.11551,-0.054228,0,-1.08586,-1.47638,0
-0.115513,-0.054221,0,-1.08537,-1.47645,0
-0.115301,-0.0540774,0,-1.08501,-1.47622,0
-0.115089,-0.0539337,0,-1.08464,-1.47598,0
-0.11508,-0.0539325,0,-1.08424,-1.47628,0
-0.115071,-0.0539313,0,-1.08384,-1.47658,0
-0.115062,-0.0539265,0,-1.08336,-1.47671,0
-0.115052,-0.0539217,0,-1.08287,-1.47683,0
-0.115039,-0.0539153,0,-1.08239,-1.47696,0
-0.115027,-0.0539088,0,-1.08191,-1.47708,0
-0.115019,-0.053899,0,-1.08157,-1.47745,0
-0.115011,-0.0538892,0,-1.08124,-1.47783,0
-0.115006,-0.0538829,0,-1.08075,-1.47775,0
-0.115001,-0.0538766,0,-1.08025,-1.47767,0
-0.114993,-0.0538725,0,-1.07976,-1.47776,0
-0.114984,-0.0538685,0,-1.07927,-1.47786,0
-0.114971,-0.0538672,0,-1.07877,-1.4779,0
-0.114957,-0.053866,0,-1.07828,-1.47795,0
-0.114944,-0.0538605,0,-1.07782,-1.47815,0
-0.11493,-0.053855,0,-1.07736,-1.47836,0
-0.114894,-0.0538524,0,-1.07687,-1.47838,0
-0.114858,-0.0538498,0,-1.07637,-1.47839,0
-0.11477,-0.0538231,0,-1.07588,-1.4784,0
-0.114682,-0.0537964,0,-1.07539,-1.47841,0
-0.114669,-0.0537944,0,-1.07489,-1.47842,0
-0.114657,-0.0537923,0,-1.07439,-1.47843,0
-0.114642,-0.0537865,0,-1.07398,-1.47871,0
-0.114627,-0.0537807,0,-1.07356,-1.479,0
-0.11459,-0.0537781,0,-1.07307,-1.47901,0
-0.114554,-0.0537756,0,-1.07257,-1.47903,0
-0.114558,-0.0537704,0,-1.07207,-1.4791,0
-0.114561,-0.0537653,0,-1.07158,-1.47918,0
-0.114559,-0.053756,0,-1.07108,-1.47925,0
-0.114557,-0.0537468,0,-1.07059,-1.47932,0
-0.11452,-0.0537442,0,-1.07009,-1.47933,0
-0.114483,-0.0537417,0,-1.06959,-1.47935,0
-0.114403,-0.0537213,0,-1.06911,-1.47945,0
-0.114322,-0.0537009,0,-1.06863,-1.47954,0
-0.114304,-0.0537006,0,-1.06819,-1.47979,0
-0.114285,-0.0537004,0,-1.06775,-1.48003,0
-0.114222,-0.0536705,0,-1.06727,-1.48016,0
-0.114159,-0.0536407,0,-1.06679,-1.48029,0
-0.114153,-0.0536408,0,-1.0663,-1.48037,0
-0.114147,-0.053641,0,-1.06581,-1.48044,0
-0.114155,-0.053638,0,-1.06535,-1.48064,0
-0.114162,-0.053635,0,-1.06488,-1.48083,0
-0.114126,-0.0536325,0,-1.06439,-1.48085,0
-0.114089,-0.0536301,0,-1.06389,-1.48086,0
-0.114078,-0.0536278,0,-1.06342,-1.48104,0
-0.114067,-0.0536256,0,-1.06296,-1.48123,0
-0.114077,-0.0536168,0,-1.06253,-1.48149,0
-0.114088,-0.0536081,0,-1.06211,-1.48175,0
-0.114076,-0.053607,0,-1.06162,-1.48164,0
-0.114064,-0.0536059,0,-1.06113,-1.48153,0
-0.114062,-0.0536053,0,-1.06068,-1.48174,0
-0.114059,-0.0536047,0,-1.06022,-1.48194,0
-0.11406,-0.0535985,0,-1.05974,-1.48205,0
-0.114061,-0.0535923,0,-1.05925,-1.48216,0
-0.114053,-0.053591,0,-1.05875,-1.48218,0
-0.114045,-0.0535897,0,-1.05825,-1.4822,0
-0.114031,-0.0535898,0,-1.05775,-1.48227,0
-0.114018,-0.0535899,0,-1.05726,-1.48233,0
-0.11398,-0.0535875,0,-1.05676,-1.48235,0
-0.113943,-0.0535851,0,-1.05626,-1.48236,0
-0.113906,-0.0535827,0,-1.05576,-1.48238,0
-0.113869,-0.0535803,0,-1.05526,-1.48239,0
-0.11386,-0.0535725,0,-1.0548,-1.48257,0
-0.113852,-0.0535648,0,-1.05433,-1.48276,0
-0.113815,-0.0535624,0,-1.05384,-1.48277,0
-0.113778,-0.05356,0,-1.05334,-1.48278,0
-0.113775,-0.0535553,0,-1.05293,-1.48307,0
-0.113772,-0.0535506,0,-1.05252,-1.48336,0
-0.113738,-0.0535437,0,-1.05213,-1.48367,0
-0.113705,-0.0535368,0,-1.05173,-1.48397,0
-0.113676,-0.0533635,0,-1.05153,-1.48439,0
-0.113647,-0.0531902,0,-1.05132,-1.48481,0
-0.113652,-0.053191,0,-1.05083,-1.48473,0
-0.113656,-0.0531919,0,-1.05033,-1.48464,0
-0.113651,-0.0531906,0,-1.04984,-1.48471,0
-0.113646,-0.0531893,0,-1.04934,-1.48479,0
-0.113651,-0.0531881,0,-1.04886,-1.48468,0
-0.113656,-0.053187,0,-1.04837,-1.48457,0
-0.113648,-0.053187,0,-1.04788,-1.48448,0
-0.11364,-0.0531871,0,-1.04738,-1.4844,0
-0.11364,-0.0531861,0,-1.04689,-1.48446,0
-0.113641,-0.0531851,0,-1.04639,-1.48452,0
-0.113603,-0.0531831,0,-1.04589,-1.48453,0
-0.113565,-0.0531811,0,-1.04539,-1.48455,0
-0.113528,-0.0531791,0,-1.0449,-1.48456,0
-0.11349,-0.0531771,0,-1.0444,-1.48457,0
-0.113497,-0.0531762,0,-1.0439,-1.4846,0
-0.113504,-0.0531752,0,-1.0434,-1.48463,0
-0.113497,-0.0531701,0,-1.04293,-1.4848,0
-0.113489,-0.0531649,0,-1.04246,-1.48497,0
-0.113375,-0.0531582,0,-1.04198,-1.4849,0
-0.11326,-0.0531515,0,-1.0415,-1.48483,0
-0.113261,-0.0531485,0,-1.04113,-1.48517,0
-0.113263,-0.0531455,0,-1.04075,-1.4855,0
-0.113246,-0.0531388,0,-1.04026,-1.48559,0
-0.11323,-0.0531321,0,-1.03977,-1.48568,0
-0.113235,-0.0531255,0,-1.03934,-1.48594,0
-0.113241,-0.0531189,0,-1.03891,-1.48619,0
-0.113233,-0.0531137,0,-1.03842,-1.48608,0
-0.113225,-0.0531086,0,-1.03793,-1.48598,0
-0.113187,-0.0531066,0,-1.03743,-1.48599,0
-0.113149,-0.0531047,0,-1.03693,-1.486,0
-0.1131,-0.0530959,0,-1.03644,-1.48602,0
-0.11305,-0.0530871,0,-1.03594,-1.48603,0
-0.113042,-0.053087,0,-1.03546,-1.48618,0
-0.113033,-0.0530869,0,-1.03498,-1.48632,0
-0.113029,-0.0530759,0,-1.03457,-1.4866,0
-0.113025,-0.0530649,0,-1.03415,-1.48688,0
-0.113019,-0.0530475,0,-1.03374,-1.48716,0
-0.113012,-0.05303,0,-1.03333,-1.48744,0
-0.113006,-0.0530268,0,-1.03306,-1.48786,0
-0.112999,-0.0530237,0,-1.03279,-1.48828,0
-0.112978,-0.0530166,0,-1.03234,-1.4885,0
-0.112958,-0.0530094,0,-1.03189,-1.48871,0
-0.112935,-0.0529964,0,-1.0314,-1.4886,0
-0.112913,-0.0529834,0,-1.03091,-1.48848,0
-0.112874,-0.0529816,0,-1.03042,-1.48849,0
-0.112836,-0.0529798,0,-1.02992,-1.48849,0
-0.112798,-0.052978,0,-1.02942,-1.4885,0
-0.112759,-0.0529762,0,-1.02892,-1.48851,0
-0.112716,-0.05296,0,-1.02859,-1.48888,0
-0.112672,-0.0529439,0,-1.02826,-1.48925,0
-0.112644,-0.052932,0,-1.02776,-1.48931,0
-0.112616,-0.0529202,0,-1.02727,-1.48937,0
-0.112622,-0.0529177,0,-1.02678,-1.48946,0
-0.112628,-0.0529153,0,-1.02629,-1.48956,0
-0.112615,-0.0529156,0,-1.0258,-1.48945,0
-0.112602,-0.052916,0,-1.02531,-1.48935,0
-0.112606,-0.0529147,0,-1.02481,-1.48934,0
-0.11261,-0.0529135,0,-1.02431,-1.48933,0
-0.112572,-0.0529118,0,-1.02381,-1.48934,0
-0.112533,-0.0529101,0,-1.02331,-1.48934,0
-0.112508,-0.0528995,0,-1.02281,-1.4893,0
-0.112482,-0.052889,0,-1.02232,-1.48925,0
-0.112481,-0.0528897,0,-1.02186,-1.48944,0
-0.11248,-0.0528903,0,-1.0214,-1.48964,0
-0.112442,-0.0528886,0,-1.0209,-1.48965,0
-0.112403,-0.0528869,0,-1.0204,-1.48965,0
-0.112413,-0.0528707,0,-1.01995,-1.48986,0
-0.112424,-0.0528545,0,-1.01949,-1.49006,0
-0.112416,-0.0528487,0,-1.01901,-1.49021,0
-0.112408,-0.052843,0,-1.01854,-1.49037,0
-0.112369,-0.0528413,0,-1.01804,-1.49037,0
-0.11233,-0.0528396,0,-1.01754,-1.49038,0
-0.112291,-0.052838,0,-1.01704,-1.49038,0
-0.112252,-0.0528363,0,-1.01654,-1.49039,0
-0.112246,-0.0528291,0,-1.01605,-1.49049,0
-0.11224,-0.0528218,0,-1.01556,-1.49059,0
-0.112242,-0.0528198,0,-1.0151,-1.49076,0
-0.112244,-0.0528177,0,-1.01463,-1.49093,0
-0.112246,-0.0528158,0,-1.01421,-1.49121,0
-0.112249,-0.0528138,0,-1.01379,-1.49149,0
-0.112248,-0.0528079,0,-1.01329,-1.49145,0
-0.112247,-0.0528021,0,-1.0128,-1.49141,0
-0.112233,-0.0527927,0,-1.01234,-1.49162,0
-0.112219,-0.0527833,0,-1.01189,-1.49182,0
-0.112185,-0.0527684,0,-1.01155,-1.49219,0
-0.112151,-0.0527535,0,-1.01121,-1.49256,0
-0.11215,-0.0527507,0,-1.01071,-1.49253,0
-0.112149,-0.0527479,0,-1.01021,-1.4925,0
-0.112127,-0.0527461,0,-1.00999,-1.49294,0
-0.112104,-0.0527443,0,-1.00977,-1.49339,0
-0.112087,-0.0527377,0,-1.00927,-1.49339,0
-0.112069,-0.0527312,0,-1.00877,-1.49338,0
-0.112018,-0.0527207,0,-1.00833,-1.49314,0
-0.111967,-0.0527103,0,-1.00789,-1.49291,0
-0.111927,-0.0527087,0,-1.00739,-1.49291,0
-0.111888,-0.0527072,0,-1.0069,-1.49291,0
-0.111849,-0.0527057,0,-1.0064,-1.49291,0
-0.111809,-0.0527041,0,-1.0059,-1.49291,0
-0.111812,-0.052702,0,-1.0054,-1.49289,0
-0.111816,-0.0526998,0,-1.0049,-1.49287,0
-0.111838,-0.05269,0,-1.00453,-1.4932,0
-0.11186,-0.0526802,0,-1.00416,-1.49353,0
-0.111867,-0.0526767,0,-1.00367,-1.49366,0
-0.111874,-0.0526733,0,-1.00319,-1.49378,0
-0.111885,-0.0526605,0,-1.0027,-1.49386,0
-0.111895,-0.0526477,0,-1.0022,-1.49394,0
-0.111855,-0.0526462,0,-1.00171,-1.49394,0
-0.111815,-0.0526447,0,-1.00121,-1.49394,0
-0.111775,-0.0526432,0,-1.00071,-1.49394,0
-0.111735,-0.0526418,0,-1.00021,-1.49394,0
-0.11172,-0.0526351,0,-0.999762,-1.49416,0
-0.111704,-0.0526285,0,-0.999314,-1.49439,0
-0.111664,-0.0526271,0,-0.998815,-1.49438,0
-0.111624,-0.0526256,0,-0.998317,-1.49438,0
-0.111626,-0.0526136,0,-0.998006,-1.49478,0
-0.111629,-0.0526016,0,-0.997694,-1.49517,0
-0.111637,-0.0525987,0,-0.997195,-1.49518,0
-0.111644,-0.0525959,0,-0.996695,-1.49519,0
-0.1116,-0.0525929,0,-0.996247,-1.49497,0
-0.111556,-0.05259,0,-0.9958,-1.49475,0
-0.111544,-0.0525833,0,-0.995304,-1.49469,0
-0.111532,-0.0525766,0,-0.994809,-1.49462,0
-0.111529,-0.05257,0,-0.994313,-1.49469,0
-0.111527,-0.0525634,0,-0.993818,-1.49475,0
-0.111525,-0.0525595,0,-0.993319,-1.49479,0
-0.111523,-0.0525555,0,-0.992821,-1.49484,0
-0.111483,-0.0525541,0,-0.992323,-1.49483,0
-0.111442,-0.0525527,0,-0.991824,-1.49483,0
-0.111402,-0.0525514,0,-0.991326,-1.49483,0
-0.111361,-0.05255,0,-0.990828,-1.49483,0
-0.111321,-0.0525486,0,-0.990329,-1.49483,0
-0.11128,-0.0525472,0,-0.989831,-1.49483,0
-0.11127,-0.0525354,0,-0.989425,-1.49512,0
-0.111259,-0.0525237,0,-0.989019,-1.49541,0
-0.111255,-0.0525209,0,-0.988523,-1.49547,0
-0.11125,-0.0525181,0,-0.988026,-1.49553,0
-0.111249,-0.0525042,0,-0.987621,-1.49582,0
-0.111248,-0.0524904,0,-0.987216,-1.49612,0
-0.111245,-0.0524908,0,-0.986716,-1.49614,0
-0.111241,-0.0524911,0,-0.986217,-1.49616,0
-0.111236,-0.0524903,0,-0.985736,-1.49602,0
-0.111231,-0.0524896,0,-0.985255,-1.49589,0
-0.111218,-0.0524847,0,-0.984806,-1.49611,0
-0.111206,-0.0524798,0,-0.984357,-1.49632,0
-0.111165,-0.0524785,0,-0.983858,-1.49632,0
-0.111124,-0.0524772,0,-0.98336,-1.49632,0
-0.111083,-0.0524759,0,-0.982862,-1.49631,0
-0.111042,-0.0524746,0,-0.982363,-1.49631,0
-0.111001,-0.0524733,0,-0.981865,-1.49631,0
-0.11096,-0.052472,0,-0.981367,-1.4963,0
-0.110975,-0.0524421,0,-0.980903,-1.49649,0
-0.11099,-0.0524122,0,-0.980439,-1.49667,0
-0.110987,-0.0524112,0,-0.979943,-1.49673,0
-0.110983,-0.0524101,0,-0.979447,-1.4968,0
-0.110954,-0.0523954,0,-0.979326,-1.49728,0
-0.110926,-0.0523807,0,-0.979204,-1.49777,0
-0.110912,-0.0523812,0,-0.978711,-1.49785,0
-0.110899,-0.0523818,0,-0.978218,-1.49793,0
-0.110891,-0.0523825,0,-0.977718,-1.49793,0
-0.110884,-0.0523832,0,-0.977218,-1.49792,0
-0.110891,-0.05238,0,-0.976808,-1.49821,0
-0.110899,-0.0523767,0,-0.976399,-1.4985,0
-0.110857,-0.0523756,0,-0.975901,-1.49849,0
-0.110816,-0.0523744,0,-0.975402,-1.49848,0
-0.110773,-0.0523692,0,-0.975388,-1.49898,0
-0.11073,-0.0523641,0,-0.975373,-1.49948,0
-0.110733,-0.052351,0,-0.97515,-1.49993,0
-0.110736,-0.0523379,0,-0.974926,-1.50037,0
-0.110739,-0.0523344,0,-0.974426,-1.50039,0
-0.110742,-0.0523309,0,-0.973926,-1.5004,0
-0.110689,-0.0523033,0,-0.97376,-1.50087,0
-0.110636,-0.0522758,0,-0.973594,-1.50134,0
-0.110636,-0.0522729,0,-0.973131,-1.50153,0
-0.110636,-0.0522701,0,-0.972668,-1.50171,0
-0.110619,-0.0522641,0,-0.972169,-1.50169,0
-0.110601,-0.0522581,0,-0.971669,-1.50166,0
-0.110592,-0.052254,0,-0.971366,-1.50206,0
-0.110583,-0.0522499,0,-0.971063,-1.50246,0
-0.110588,-0.0522493,0,-0.970642,-1.50273,0
-0.110593,-0.0522487,0,-0.970221,-1.503,0
-0.110551,-0.0522477,0,-0.969723,-1.50298,0
-0.110509,-0.0522467,0,-0.969225,-1.50297,0
-0.110484,-0.0522378,0,-0.968822,-1.50327,0
-0.110459,-0.052229,0,-0.968419,-1.50356,0
-0.110431,-0.0522176,0,-0.96792,-1.50355,0
-0.110404,-0.0522063,0,-0.967421,-1.50354,0
-0.110362,-0.0522053,0,-0.966923,-1.50353,0
-0.11032,-0.0522044,0,-0.966425,-1.50351,0
-0.110278,-0.0522034,0,-0.965927,-1.5035,0
-0.110236,-0.0522025,0,-0.965428,-1.50348,0
-0.110194,-0.0522015,0,-0.96493,-1.50347,0
-0.110152,-0.0522006,0,-0.964432,-1.50345,0
-0.110144,-0.0522001,0,-0.964207,-1.5039,0
-0.110136,-0.0521995,0,-0.963982,-1.50434,0
-0.110119,-0.0522005,0,-0.963597,-1.50466,0
-0.110101,-0.0522015,0,-0.963211,-1.50498,0
-0.110088,-0.0521946,0,-0.962713,-1.50501,0
-0.110076,-0.0521877,0,-0.962214,-1.50505,0
-0.110071,-0.0521877,0,-0.961723,-1.50495,0
-0.110066,-0.0521876,0,-0.961233,-1.50485,0
-0.110024,-0.0521867,0,-0.960735,-1.50483,0
-0.109982,-0.0521858,0,-0.960237,-1.50482,0
-0.109975,-0.0521825,0,-0.959739,-1.50478,0
-0.109969,-0.0521793,0,-0.95924,-1.50474,0
-0.109927,-0.0521783,0,-0.958742,-1.50473,0
-0.109884,-0.0521774,0,-0.958244,-1.50471,0
-0.109842,-0.0521765,0,-0.957746,-1.50469,0
-0.1098,-0.0521755,0,-0.957248,-1.50467,0
-0.109756,-0.0521608,0,-0.956751,-1.50468,0
-0.109712,-0.0521461,0,-0.956253,-1.50469,0
-0.10967,-0.0521452,0,-0.955755,-1.50468,0
-0.109628,-0.0521444,0,-0.955257,-1.50466,0
-0.109605,-0.0521116,0,-0.955038,-1.50511,0
-0.109581,-0.0520788,0,-0.954819,-1.50555,0
-0.109539,-0.052078,0,-0.954321,-1.50554,0
-0.109497,-0.0520773,0,-0.953823,-1.50552,0
-0.109485,-0.0520721,0,-0.953339,-1.50564,0
-0.109473,-0.052067,0,-0.952855,-1.50576,0
-0.109469,-0.0520612,0,-0.952355,-1.50576,0
-0.109465,-0.0520554,0,-0.951855,-1.50575,0
-0.109422,-0.0520546,0,-0.951357,-1.50573,0
-0.10938,-0.0520539,0,-0.950859,-1.50571,0
-0.109337,-0.0520531,0,-0.950362,-1.50569,0
-0.109294,-0.0520524,0,-0.949864,-1.50567,0
-0.109277,-0.0520533,0,-0.949376,-1.50556,0
-0.109259,-0.0520542,0,-0.948889,-1.50545,0
-0.109261,-0.0520525,0,-0.948396,-1.50554,0
-0.109263,-0.0520508,0,-0.947904,-1.50563,0
-0.109149,-0.0520064,0,-0.947424,-1.50556,0
-0.109035,-0.0519621,0,-0.946945,-1.50549,0
-0.109018,-0.0519574,0,-0.946498,-1.50571,0
-0.109002,-0.0519527,0,-0.946052,-1.50594,0
-0.108994,-0.0519508,0,-0.945552,-1.50595,0
-0.108986,-0.051949,0,-0.945053,-1.50597,0
-0.108944,-0.0519484,0,-0.944555,-1.50595,0
-0.108901,-0.0519478,0,-0.944057,-1.50593,0
-0.108894,-0.0519386,0,-0.943557,-1.50593,0
-0.108886,-0.0519295,0,-0.943057,-1.50593,0
-0.108891,-0.0519285,0,-0.942573,-1.50581,0
-0.108895,-0.0519274,0,-0.942088,-1.50568,0
-0.108904,-0.0519208,0,-0.941588,-1.50568,0
-0.108913,-0.0519143,0,-0.941089,-1.50567,0
-0.108924,-0.0519062,0,-0.940621,-1.50584,0
-0.108934,-0.0518982,0,-0.940154,-1.50602,0
-0.108929,-0.0518972,0,-0.939665,-1.50612,0
-0.108925,-0.0518962,0,-0.939175,-1.50622,0
-0.108911,-0.051897,0,-0.938681,-1.5063,0
-0.108897,-0.0518978,0,-0.938187,-1.50638,0
-0.108879,-0.0518907,0,-0.937714,-1.50654,0
-0.10886,-0.0518835,0,-0.93724,-1.5067,0
-0.108853,-0.0518797,0,-0.936751,-1.5068,0
-0.108846,-0.0518758,0,-0.936262,-1.50691,0
-0.108802,-0.0518754,0,-0.935765,-1.50688,0
-0.108758,-0.0518749,0,-0.935267,-1.50686,0
-0.108715,-0.0518744,0,-0.934769,-1.50684,0
-0.108671,-0.0518739,0,-0.934272,-1.50682,0
-0.108654,-0.0518719,0,-0.933804,-1.50699,0
-0.108637,-0.0518698,0,-0.933335,-1.50717,0
-0.108639,-0.0518649,0,-0.932844,-1.50707,0
-0.108642,-0.0518599,0,-0.932353,-1.50698,0
-0.108651,-0.0518555,0,-0.931858,-1.50691,0
-0.10866,-0.051851,0,-0.931363,-1.50684,0
-0.108615,-0.0518506,0,-0.930866,-1.50681,0
-0.108571,-0.0518501,0,-0.930368,-1.50679,0
-0.108527,-0.0518497,0,-0.929871,-1.50677,0
-0.108483,-0.0518493,0,-0.929373,-1.50675,0
-0.108479,-0.0518421,0,-0.928875,-1.50679,0
-0.108475,-0.0518349,0,-0.928377,-1.50683,0
-0.108431,-0.0518345,0,-0.927879,-1.5068,0
-0.108386,-0.051834,0,-0.927382,-1.50678,0
-0.108388,-0.051832,0,-0.926908,-1.50694,0
-0.10839,-0.0518299,0,-0.926435,-1.5071,0
-0.108387,-0.0518273,0,-0.925935,-1.50711,0
-0.108383,-0.0518246,0,-0.925435,-1.50712,0
-0.108374,-0.0518168,0,-0.924939,-1.50706,0
-0.108365,-0.051809,0,-0.924443,-1.507,0
-0.108366,-0.051804,0,-0.924016,-1.50726,0
-0.108367,-0.051799,0,-0.92359,-1.50752,0
-0.108341,-0.0517732,0,-0.923393,-1.50798,0
-0.108315,-0.0517475,0,-0.923196,-1.50844,0
-0.108325,-0.0517308,0,-0.922751,-1.50866,0
-0.108335,-0.0517141,0,-0.922306,-1.50889,0
-0.108332,-0.0517097,0,-0.921906,-1.50919,0
-0.10833,-0.0517052,0,-0.921506,-1.50949,0
-0.10833,-0.0516979,0,-0.921033,-1.50965,0
-0.108331,-0.0516906,0,-0.920559,-1.50981,0
-0.108328,-0.0516867,0,-0.920119,-1.51005,0
-0.108324,-0.0516829,0,-0.919679,-1.51029,0
-0.108334,-0.0516753,0,-0.919347,-1.51066,0
-0.108343,-0.0516678,0,-0.919016,-1.51103,0
-0.108335,-0.0516671,0,-0.918519,-1.51109,0
-0.108328,-0.0516663,0,-0.918021,-1.51114,0
-0.108301,-0.0516551,0,-0.917528,-1.51121,0
-0.108274,-0.0516439,0,-0.917034,-1.51129,0
-0.10827,-0.0516454,0,-0.916551,-1.51116,0
-0.108266,-0.051647,0,-0.916067,-1.51104,0
-0.108252,-0.0516424,0,-0.91557,-1.51098,0
-0.108238,-0.0516379,0,-0.915073,-1.51093,0
-0.108241,-0.0516354,0,-0.91458,-1.51085,0
-0.108245,-0.0516329,0,-0.914086,-1.51076,0
-0.108243,-0.0516309,0,-0.913598,-1.51087,0
-0.108242,-0.0516289,0,-0.913109,-1.51098,0
-0.108219,-0.0516356,0,-0.912656,-1.51077,0
-0.108196,-0.0516423,0,-0.912203,-1.51056,0
-0.108191,-0.0516418,0,-0.911876,-1.51094,0
-0.108185,-0.0516413,0,-0.911548,-1.51131,0
-0.108197,-0.0516404,0,-0.911071,-1.51117,0
-0.108208,-0.0516394,0,-0.910594,-1.51102,0
-0.108161,-0.0516394,0,-0.910097,-1.51098,0
-0.108114,-0.0516393,0,-0.9096,-1.51095,0
-0.108093,-0.0516309,0,-0.909114,-1.51084,0
-0.108073,-0.0516225,0,-0.908629,-1.51072,0
-0.108078,-0.0516185,0,-0.908173,-1.51092,0
-0.108083,-0.0516144,0,-0.907717,-1.51113,0
-0.108067,-0.0516118,0,-0.907219,-1.51117,0
-0.108051,-0.0516092,0,-0.906722,-1.51122,0
-0.108047,-0.0516023,0,-0.906277,-1.51145,0
-0.108042,-0.0515953,0,-0.905832,-1.51168,0
-0.10806,-0.0515971,0,-0.90543,-1.51197,0
-0.108078,-0.0515989,0,-0.905028,-1.51227,0
-0.108072,-0.0516002,0,-0.90455,-1.51242,0
-0.108067,-0.0516015,0,-0.904073,-1.51257,0
-0.108006,-0.0516,0,-0.903616,-1.51276,0
-0.107944,-0.0515984,0,-0.903158,-1.51295,0
-0.107939,-0.0515841,0,-0.903123,-1.51345,0
-0.107935,-0.0515697,0,-0.903087,-1.51395,0
-0.107945,-0.0515686,0,-0.902698,-1.51426,0
-0.107955,-0.0515674,0,-0.90231,-1.51458,0
-0.107955,-0.0515623,0,-0.901933,-1.51491,0
-0.107954,-0.0515572,0,-0.901557,-1.51523,0
-0.107928,-0.0515458,0,-0.901072,-1.51535,0
-0.107902,-0.0515344,0,-0.900587,-1.51547,0
-0.107886,-0.0515287,0,-0.900194,-1.51578,0
-0.107871,-0.051523,0,-0.8998,-1.51609,0
-0.107861,-0.0515226,0,-0.899333,-1.51626,0
-0.107852,-0.0515222,0,-0.898867,-1.51644,0
-0.107804,-0.0515224,0,-0.898371,-1.5164,0
-0.107755,-0.0515225,0,-0.897875,-1.51635,0
-0.107756,-0.0515164,0,-0.897394,-1.51649,0
-0.107756,-0.0515103,0,-0.896914,-1.51663,0
-0.107759,-0.0515067,0,-0.896451,-1.51682,0
-0.107763,-0.051503,0,-0.895989,-1.51701,0
-0.107766,-0.051493,0,-0.895556,-1.51726,0
-0.107769,-0.051483,0,-0.895122,-1.51751,0
-0.107721,-0.0514832,0,-0.894627,-1.51746,0
-0.107672,-0.0514835,0,-0.894132,-1.51741,0
-0.107689,-0.0514654,0,-0.893684,-1.51719,0
-0.107707,-0.0514473,0,-0.893237,-1.51697,0
-0.107699,-0.051448,0,-0.892752,-1.51709,0
-0.107691,-0.0514487,0,-0.892267,-1.51721,0
-0.107655,-0.0514267,0,-0.891891,-1.51754,0
-0.10762,-0.0514046,0,-0.891515,-1.51787,0
-0.107617,-0.0514001,0,-0.891032,-1.51774,0
-0.107615,-0.0513955,0,-0.890548,-1.51761,0
-0.107566,-0.0513959,0,-0.890053,-1.51757,0
-0.107516,-0.0513963,0,-0.889558,-1.51752,0
-0.107467,-0.0513967,0,-0.889062,-1.51747,0
-0.107418,-0.0513971,0,-0.888567,-1.51742,0
-0.107419,-0.0513982,0,-0.88808,-1.51731,0
-0.107421,-0.0513993,0,-0.887592,-1.5172,0
-0.107372,-0.0513997,0,-0.887097,-1.51715,0
-0.107322,-0.0514001,0,-0.886602,-1.5171,0
-0.107317,-0.0513942,0,-0.886253,-1.51746,0
-0.107313,-0.0513883,0,-0.885903,-1.51782,0
-0.107303,-0.0513828,0,-0.885404,-1.51781,0
-0.107293,-0.0513773,0,-0.884904,-1.51781,0
-0.107284,-0.0513742,0,-0.884596,-1.5182,0
-0.107276,-0.0513712,0,-0.884288,-1.51859,0
-0.107282,-0.0513594,0,-0.883882,-1.51889,0
-0.107288,-0.0513475,0,-0.883477,-1.51918,0
-0.107274,-0.0513346,0,-0.883006,-1.51934,0
-0.10726,-0.0513216,0,-0.882534,-1.51951,0
-0.107247,-0.0513139,0,-0.882037,-1.51957,0
-0.107235,-0.0513062,0,-0.881541,-1.51962,0
-0.107232,-0.0513059,0,-0.881197,-1.51998,0
-0.107229,-0.0513056,0,-0.880853,-1.52035,0
-0.10719,-0.0512933,0,-0.880608,-1.52078,0
-0.107152,-0.0512811,0,-0.880363,-1.52122,0
-0.107137,-0.0512776,0,-0.879907,-1.52142,0
-0.107122,-0.0512742,0,-0.879452,-1.52163,0
-0.107132,-0.0512751,0,-0.879178,-1.52204,0
-0.107141,-0.0512761,0,-0.878904,-1.52246,0
-0.107129,-0.051277,0,-0.878412,-1.52256,0
-0.107116,-0.0512778,0,-0.877921,-1.52265,0
-0.107108,-0.0512734,0,-0.87746,-1.52246,0
-0.1071,-0.051269,0,-0.876998,-1.52227,0
-0.107086,-0.0512689,0,-0.876581,-1.52254,0
-0.107073,-0.0512687,0,-0.876164,-1.52282,0
-0.107068,-0.051265,0,-0.87601,-1.52329,0
-0.107062,-0.0512614,0,-0.875855,-1.52377,0
-0.107067,-0.0512627,0,-0.875356,-1.5238,0
-0.107072,-0.0512641,0,-0.874857,-1.52384,0
-0.10702,-0.0512648,0,-0.874364,-1.52377,0
-0.106969,-0.0512655,0,-0.873871,-1.52371,0
-0.106952,-0.0512631,0,-0.873414,-1.52391,0
-0.106934,-0.0512606,0,-0.872957,-1.52411,0
-0.106916,-0.0512568,0,-0.872543,-1.52439,0
-0.106898,-0.051253,0,-0.872128,-1.52467,0
-0.10691,-0.0512375,0,-0.871682,-1.5249,0
-0.106922,-0.0512221,0,-0.871237,-1.52512,0
-0.106931,-0.0512234,0,-0.870781,-1.52533,0
-0.10694,-0.0512247,0,-0.870325,-1.52553,0
-0.106888,-0.0512255,0,-0.869833,-1.52546,0
-0.106837,-0.0512264,0,-0.869341,-1.52539,0
-0.106838,-0.05122,0,-0.86886,-1.52525,0
-0.106839,-0.0512136,0,-0.86838,-1.52512,0
-0.106787,-0.0512144,0,-0.867888,-1.52505,0
-0.106735,-0.0512153,0,-0.867396,-1.52498,0
-0.106703,-0.051203,0,-0.867086,-1.52537,0
-0.106672,-0.0511907,0,-0.866776,-1.52576,0
-0.106658,-0.0511917,0,-0.866285,-1.52566,0
-0.106644,-0.0511928,0,-0.865794,-1.52557,0
-0.106651,-0.0511898,0,-0.865344,-1.52579,0
-0.106659,-0.0511869,0,-0.864893,-1.526,0
-0.106606,-0.0511878,0,-0.864401,-1.52593,0
-0.106554,-0.0511888,0,-0.863909,-1.52586,0
-0.106544,-0.0511862,0,-0.863417,-1.52577,0
-0.106535,-0.0511836,0,-0.862926,-1.52568,0
-0.106482,-0.0511846,0,-0.862434,-1.5256,0
-0.10643,-0.0511855,0,-0.861942,-1.52553,0
-0.106422,-0.0511835,0,-0.86146,-1.52567,0
-0.106415,-0.0511815,0,-0.860978,-1.5258,0
-0.106413,-0.0511762,0,-0.860479,-1.52577,0
-0.106412,-0.051171,0,-0.85998,-1.52574,0
-0.106359,-0.051172,0,-0.859488,-1.52567,0
-0.106305,-0.051173,0,-0.858997,-1.52559,0
-0.106298,-0.051169,0,-0.858498,-1.52563,0
-0.106291,-0.051165,0,-0.857999,-1.52566,0
-0.106285,-0.0511557,0,-0.857516,-1.52554,0
-0.106279,-0.0511463,0,-0.857032,-1.52541,0
-0.106225,-0.0511474,0,-0.856541,-1.52534,0
-0.106172,-0.0511485,0,-0.856049,-1.52526,0
-0.106135,-0.0511458,0,-0.855561,-1.52537,0
-0.106098,-0.0511431,0,-0.855073,-1.52547,0
-0.106044,-0.0511442,0,-0.854582,-1.52539,0
-0.10599,-0.0511453,0,-0.85409,-1.52532,0
-0.105988,-0.0511479,0,-0.853937,-1.52579,0
-0.105986,-0.0511505,0,-0.853784,-1.52627,0
-0.105985,-0.0511436,0,-0.853287,-1.52621,0
-0.105983,-0.0511367,0,-0.852791,-1.52615,0
-0.105981,-0.0511252,0,-0.852291,-1.52616,0
-0.105978,-0.0511136,0,-0.851791,-1.52616,0
-0.105992,-0.0511111,0,-0.851334,-1.52636,0
-0.106007,-0.0511086,0,-0.850876,-1.52656,0
-0.106004,-0.051103,0,-0.850379,-1.52651,0
-0.106001,-0.0510974,0,-0.849882,-1.52645,0
-0.106008,-0.0510989,0,-0.849386,-1.52651,0
-0.106016,-0.0511004,0,-0.84889,-1.52658,0
-0.105961,-0.0511016,0,-0.848399,-1.5265,0
-0.105906,-0.0511028,0,-0.847909,-1.52642,0
-0.105888,-0.0511024,0,-0.847416,-1.5265,0
-0.10587,-0.0511019,0,-0.846924,-1.52659,0
-0.105815,-0.0511031,0,-0.846433,-1.52651,0
-0.10576,-0.0511043,0,-0.845943,-1.52643,0
-0.105704,-0.0511056,0,-0.845453,-1.52635,0
-0.105649,-0.0511068,0,-0.844962,-1.52627,0
-0.105594,-0.051108,0,-0.844472,-1.52619,0
-0.105539,-0.0511093,0,-0.843981,-1.5261,0
-0.105527,-0.0511016,0,-0.843492,-1.52601,0
-0.105514,-0.051094,0,-0.843002,-1.52591,0
-0.105494,-0.0510928,0,-0.842619,-1.52623,0
-0.105474,-0.0510915,0,-0.842237,-1.52655,0
-0.105437,-0.0510736,0,-0.841974,-1.52697,0
-0.105399,-0.0510556,0,-0.841711,-1.52739,0
-0.105383,-0.0510491,0,-0.841242,-1.52757,0
-0.105367,-0.0510426,0,-0.840774,-1.52774,0
-0.105343,-0.0510295,0,-0.840674,-1.52823,0
-0.10532,-0.0510164,0,-0.840574,-1.52872,0
-0.105264,-0.0510179,0,-0.840085,-1.52863,0
-0.105209,-0.0510193,0,-0.839596,-1.52854,0
-0.105186,-0.0510194,0,-0.839104,-1.52863,0
-0.105163,-0.0510194,0,-0.838613,-1.52872,0
-0.105159,-0.0510154,0,-0.83813,-1.52885,0
-0.105155,-0.0510114,0,-0.837647,-1.52898,0
-0.105146,-0.0510099,0,-0.837162,-1.5291,0
-0.105136,-0.0510084,0,-0.836676,-1.52922,0
-0.105124,-0.0510041,0,-0.836181,-1.52929,0
-0.105111,-0.0509997,0,-0.835685,-1.52935,0
-0.105118,-0.0509985,0,-0.835186,-1.52933,0
-0.105125,-0.0509973,0,-0.834687,-1.5293,0
-0.105115,-0.0509915,0,-0.834187,-1.52928,0
-0.105104,-0.0509857,0,-0.833688,-1.52925,0
-0.105086,-0.0509775,0,-0.833189,-1.52924,0
-0.105068,-0.0509693,0,-0.832689,-1.52924,0
-0.105053,-0.0509621,0,-0.83219,-1.52922,0
-0.105037,-0.0509549,0,-0.83169,-1.52921,0
-0.10498,-0.0509567,0,-0.831202,-1.52912,0
-0.104922,-0.0509584,0,-0.830714,-1.52903,0
-0.104913,-0.0509541,0,-0.830231,-1.52915,0
-0.104904,-0.0509497,0,-0.829748,-1.52928,0
-0.104893,-0.0509295,0,-0.829564,-1.52975,0
-0.104881,-0.0509092,0,-0.829379,-1.53021,0
-0.104874,-0.0509096,0,-0.828943,-1.53046,0
-0.104868,-0.05091,0,-0.828507,-1.5307,0
-0.104833,-0.0509048,0,-0.828138,-1.53104,0
-0.104798,-0.0508996,0,-0.82777,-1.53137,0
-0.104784,-0.0508826,0,-0.827719,-1.53187,0
-0.10477,-0.0508655,0,-0.827669,-1.53237,0
-0.104751,-0.0508569,0,-0.82717,-1.53234,0
-0.104731,-0.0508482,0,-0.826671,-1.53232,0
-0.104749,-0.0508523,0,-0.826248,-1.53206,0
-0.104767,-0.0508564,0,-0.825826,-1.53179,0
-0.104765,-0.0508551,0,-0.825327,-1.53182,0
-0.104762,-0.0508538,0,-0.824828,-1.53186,0
-0.104744,-0.0508554,0,-0.824341,-1.53197,0
-0.104726,-0.050857,0,-0.823854,-1.53208,0
-0.104667,-0.0508591,0,-0.823369,-1.53198,0
-0.104608,-0.0508611,0,-0.822884,-1.53187,0
-0.10452,-0.0508283,0,-0.822746,-1.53234,0
-0.104431,-0.0507954,0,-0.822608,-1.53282,0
-0.104422,-0.0507927,0,-0.822117,-1.53291,0
-0.104413,-0.05079,0,-0.821625,-1.533,0
-0.104408,-0.0507887,0,-0.821142,-1.53287,0
-0.104402,-0.0507875,0,-0.820659,-1.53274,0
-0.104389,-0.0507804,0,-0.82016,-1.53277,0
-0.104377,-0.0507734,0,-0.819661,-1.53279,0
-0.104372,-0.0507746,0,-0.819216,-1.53302,0
-0.104367,-0.0507759,0,-0.818772,-1.53325,0
-0.104307,-0.0507782,0,-0.818288,-1.53314,0
-0.104248,-0.0507806,0,-0.817804,-1.53303,0
-0.104248,-0.050772,0,-0.817344,-1.53322,0
-0.104247,-0.0507635,0,-0.816884,-1.53342,0
-0.104251,-0.0507621,0,-0.816425,-1.53362,0
-0.104254,-0.0507606,0,-0.815965,-1.53382,0
-0.104194,-0.050763,0,-0.815482,-1.5337,0
-0.104134,-0.0507655,0,-0.814999,-1.53359,0
-0.104133,-0.0507603,0,-0.81451,-1.53348,0
-0.104132,-0.0507551,0,-0.814021,-1.53338,0
-0.104128,-0.0507536,0,-0.813583,-1.53362,0
-0.104124,-0.0507521,0,-0.813145,-1.53386,0
-0.10413,-0.0507536,0,-0.812686,-1.53406,0
-0.104137,-0.0507551,0,-0.812227,-1.53425,0
-0.10414,-0.0507505,0,-0.811773,-1.53446,0
-0.104143,-0.0507459,0,-0.81132,-1.53468,0
-0.104135,-0.0507418,0,-0.810822,-1.53464,0
-0.104127,-0.0507377,0,-0.810324,-1.53459,0
-0.104144,-0.0507345,0,-0.809845,-1.53445,0
-0.10416,-0.0507312,0,-0.809367,-1.53431,0
-0.104158,-0.0507289,0,-0.808875,-1.53439,0
-0.104157,-0.0507265,0,-0.808382,-1.53448,0
-0.104095,-0.0507291,0,-0.807901,-1.53436,0
-0.104033,-0.0507317,0,-0.80742,-1.53424,0
-0.10403,-0.0507257,0,-0.806922,-1.5342,0
-0.104026,-0.0507196,0,-0.806423,-1.53416,0
-0.104019,-0.0507145,0,-0.805929,-1.53408,0
-0.104012,-0.0507094,0,-0.805436,-1.534,0
-0.10395,-0.0507121,0,-0.804955,-1.53388,0
-0.103887,-0.0507148,0,-0.804474,-1.53376,0
-0.103862,-0.0507108,0,-0.804157,-1.53415,0
-0.103838,-0.0507069,0,-0.803839,-1.53453,0
-0.103844,-0.0507065,0,-0.803358,-1.53467,0
-0.103851,-0.0507061,0,-0.802877,-1.5348,0
-0.103841,-0.0506969,0,-0.80243,-1.53503,0
-0.103832,-0.0506876,0,-0.801984,-1.53525,0
-0.103769,-0.0506905,0,-0.801505,-1.53512,0
-0.103705,-0.0506933,0,-0.801025,-1.53499,0
-0.103678,-0.0506947,0,-0.80055,-1.53515,0
-0.103651,-0.0506962,0,-0.800074,-1.5353,0
-0.103644,-0.0506884,0,-0.799602,-1.53546,0
-0.103637,-0.0506806,0,-0.799131,-1.53563,0
-0.103573,-0.0506835,0,-0.798653,-1.5355,0
-0.103509,-0.0506864,0,-0.798174,-1.53536,0
-0.103497,-0.0506764,0,-0.797811,-1.53571,0
-0.103484,-0.0506664,0,-0.797448,-1.53605,0
-0.103484,-0.0506538,0,-0.797156,-1.53646,0
-0.103484,-0.0506412,0,-0.796863,-1.53686,0
-0.10349,-0.0506407,0,-0.796379,-1.53699,0
-0.103496,-0.0506402,0,-0.795895,-1.53711,0
-0.103431,-0.0506432,0,-0.795419,-1.53697,0
-0.103367,-0.0506463,0,-0.794943,-1.53684,0
-0.103367,-0.0506415,0,-0.794485,-1.53703,0
-0.103366,-0.0506366,0,-0.794026,-1.53723,0
-0.103353,-0.0506329,0,-0.793542,-1.53736,0
-0.10334,-0.0506292,0,-0.793057,-1.53748,0
-0.103354,-0.0506154,0,-0.792561,-1.53743,0
-0.103368,-0.0506016,0,-0.792064,-1.53737,0
-0.10333,-0.050587,0,-0.791955,-1.53786,0
-0.103293,-0.0505723,0,-0.791846,-1.53834,0
-0.103293,-0.0505706,0,-0.791416,-1.5386,0
-0.103294,-0.0505688,0,-0.790986,-1.53885,0
-0.103295,-0.0505537,0,-0.790911,-1.53935,0
-0.103296,-0.0505386,0,-0.790837,-1.53984,0
-0.103294,-0.050537,0,-0.790337,-1.53982,0
-0.103292,-0.0505355,0,-0.789837,-1.53981,0
-0.103292,-0.0505302,0,-0.78934,-1.53976,0
-0.103291,-0.0505249,0,-0.788842,-1.53971,0
-0.103225,-0.0505285,0,-0.788371,-1.53956,0
-0.103159,-0.0505321,0,-0.7879,-1.5394,0
-0.103142,-0.0505232,0,-0.787438,-1.53921,0
-0.103125,-0.0505143,0,-0.786976,-1.53902,0
-0.103113,-0.0505103,0,-0.786485,-1.53911,0
-0.1031,-0.0505062,0,-0.785995,-1.53921,0
-0.103102,-0.0504998,0,-0.785505,-1.53931,0
-0.103103,-0.0504934,0,-0.785015,-1.53941,0
-0.103036,-0.0504972,0,-0.784545,-1.53925,0
-0.102968,-0.050501,0,-0.784074,-1.5391,0
-0.102901,-0.0505047,0,-0.783604,-1.53894,0
-0.102834,-0.0505085,0,-0.783134,-1.53879,0
-0.102767,-0.0505123,0,-0.782664,-1.53863,0
-0.102699,-0.0505161,0,-0.782193,-1.53847,0
-0.102705,-0.0505094,0,-0.781696,-1.53842,0
-0.102711,-0.0505027,0,-0.781198,-1.53837,0
-0.102704,-0.050501,0,-0.780708,-1.53847,0
-0.102697,-0.0504993,0,-0.780217,-1.53857,0
-0.102702,-0.0505,0,-0.779735,-1.53844,0
-0.102707,-0.0505007,0,-0.779252,-1.5383,0
-0.10272,-0.0504811,0,-0.778755,-1.53835,0
-0.102732,-0.0504616,0,-0.778258,-1.5384,0
-0.102716,-0.0504575,0,-0.777766,-1.53831,0
-0.1027,-0.0504533,0,-0.777274,-1.53823,0
-0.102688,-0.0504537,0,-0.776776,-1.53827,0
-0.102676,-0.0504541,0,-0.776278,-1.53831,0
-0.102672,-0.0504435,0,-0.775782,-1.53837,0
-0.102668,-0.050433,0,-0.775287,-1.53844,0
-0.102663,-0.0504357,0,-0.774795,-1.53835,0
-0.102659,-0.0504383,0,-0.774303,-1.53826,0
-0.102669,-0.050433,0,-0.773813,-1.53816,0
-0.10268,-0.0504276,0,-0.773323,-1.53806,0
-0.102659,-0.0504263,0,-0.77321,-1.53855,0
-0.102638,-0.0504249,0,-0.773096,-1.53903,0
-0.102643,-0.0504198,0,-0.772596,-1.53905,0
-0.102649,-0.0504148,0,-0.772097,-1.53907,0
-0.102656,-0.0504033,0,-0.771629,-1.53925,0
-0.102664,-0.0503918,0,-0.771162,-1.53943,0
-0.102664,-0.0503937,0,-0.770696,-1.53925,0
-0.102664,-0.0503955,0,-0.770229,-1.53907,0
-0.102591,-0.0504,0,-0.769765,-1.5389,0
-0.102518,-0.0504046,0,-0.769301,-1.53873,0
-0.102503,-0.0504028,0,-0.768808,-1.53881,0
-0.102487,-0.050401,0,-0.768315,-1.53889,0
-0.102483,-0.0503944,0,-0.767815,-1.5389,0
-0.102478,-0.0503878,0,-0.767315,-1.53891,0
-0.102478,-0.0503869,0,-0.766852,-1.5391,0
-0.102477,-0.050386,0,-0.766389,-1.53929,0
-0.102468,-0.0503786,0,-0.765895,-1.53922,0
-0.102458,-0.0503711,0,-0.765401,-1.53914,0
-0.10244,-0.0503647,0,-0.764988,-1.53942,0
-0.102422,-0.0503584,0,-0.764575,-1.5397,0
-0.102411,-0.0503545,0,-0.764091,-1.53983,0
-0.102401,-0.0503506,0,-0.763607,-1.53995,0
-0.102394,-0.0503429,0,-0.763121,-1.53984,0
-0.102388,-0.0503351,0,-0.762634,-1.53972,0
-0.102378,-0.0503333,0,-0.762327,-1.54012,0
-0.102367,-0.0503314,0,-0.76202,-1.54051,0
-0.102358,-0.0503264,0,-0.761528,-1.54042,0
-0.102349,-0.0503215,0,-0.761036,-1.54033,0
-0.102348,-0.0503153,0,-0.760543,-1.54041,0
-0.102348,-0.050309,0,-0.760049,-1.54049,0
-0.102329,-0.0503083,0,-0.759556,-1.54057,0
-0.102309,-0.0503075,0,-0.759063,-1.54065,0
-0.102232,-0.0503128,0,-0.758607,-1.54046,0
-0.102155,-0.0503181,0,-0.758152,-1.54027,0
-0.102078,-0.0503234,0,-0.757697,-1.54008,0
-0.102001,-0.0503287,0,-0.757241,-1.53989,0
-0.101998,-0.050323,0,-0.75675,-1.53979,0
-0.101994,-0.0503173,0,-0.756259,-1.5397,0
-0.101982,-0.0503116,0,-0.755778,-1.53983,0
-0.101971,-0.050306,0,-0.755296,-1.53997,0
-0.10197,-0.0503071,0,-0.754799,-1.53991,0
-0.101969,-0.0503083,0,-0.754302,-1.53986,0
-0.101971,-0.0503044,0,-0.753805,-1.53991,0
-0.101973,-0.0503006,0,-0.753308,-1.53997,0
-0.101893,-0.0503062,0,-0.752856,-1.53977,0
-0.101814,-0.0503117,0,-0.752403,-1.53957,0
-0.101735,-0.0503173,0,-0.751951,-1.53938,0
-0.101655,-0.0503229,0,-0.751498,-1.53918,0
-0.101662,-0.0503067,0,-0.751128,-1.53952,0
-0.101669,-0.0502906,0,-0.750757,-1.53985,0
-0.101673,-0.0502845,0,-0.750276,-1.53999,0
-0.101677,-0.0502784,0,-0.749795,-1.54012,0
-0.101667,-0.0502788,0,-0.7493,-1.54019,0
-0.101657,-0.0502791,0,-0.748805,-1.54026,0
-0.101637,-0.0502643,0,-0.748312,-1.54034,0
-0.101617,-0.0502495,0,-0.747819,-1.54042,0
-0.101618,-0.0502458,0,-0.747333,-1.54031,0
-0.101619,-0.050242,0,-0.746847,-1.54019,0
-0.101604,-0.0502385,0,-0.746392,-1.54039,0
-0.101588,-0.0502349,0,-0.745937,-1.5406,0
-0.101539,-0.0502442,0,-0.74581,-1.54108,0
-0.10149,-0.0502534,0,-0.745683,-1.54156,0
-0.10148,-0.050242,0,-0.745183,-1.54157,0
-0.101469,-0.0502306,0,-0.744683,-1.54157,0
-0.101387,-0.0502368,0,-0.744241,-1.54135,0
-0.101305,-0.0502431,0,-0.743798,-1.54114,0
-0.101223,-0.0502494,0,-0.743356,-1.54092,0
-0.10114,-0.0502556,0,-0.742913,-1.5407,0
-0.101132,-0.0502563,0,-0.742437,-1.54055,0
-0.101124,-0.050257,0,-0.741962,-1.54039,0
-0.101041,-0.0502633,0,-0.741519,-1.54018,0
-0.100959,-0.0502696,0,-0.741077,-1.53996,0
-0.100876,-0.0502759,0,-0.740635,-1.53974,0
-0.100793,-0.0502822,0,-0.740193,-1.53952,0
-0.100788,-0.0502827,0,-0.739903,-1.53993,0
-0.100784,-0.0502832,0,-0.739612,-1.54034,0
-0.10079,-0.0502747,0,-0.739311,-1.54073,0
-0.100797,-0.0502661,0,-0.739009,-1.54113,0
-0.100714,-0.0502725,0,-0.738571,-1.54091,0
-0.100631,-0.0502789,0,-0.738134,-1.54068,0
-0.100643,-0.0502685,0,-0.737634,-1.54069,0
-0.100656,-0.0502581,0,-0.737134,-1.54071,0
-0.100602,-0.0502266,0,-0.736651,-1.5406,0
-0.100548,-0.0501951,0,-0.736168,-1.54048,0
-0.100549,-0.0501949,0,-0.735719,-1.5407,0
-0.10055,-0.0501948,0,-0.735269,-1.54092,0
-0.100533,-0.0501873,0,-0.73477,-1.54094,0
-0.100516,-0.0501798,0,-0.734271,-1.54097,0
-0.100431,-0.0501869,0,-0.733838,-1.54073,0
-0.100346,-0.050194,0,-0.733405,-1.5405,0
-0.100344,-0.0501943,0,-0.732921,-1.54037,0
-0.100341,-0.0501946,0,-0.732437,-1.54025,0
-0.100255,-0.0502017,0,-0.732005,-1.54001,0
-0.100169,-0.0502089,0,-0.731573,-1.53978,0
-0.100175,-0.0502054,0,-0.731074,-1.53975,0
-0.10018,-0.050202,0,-0.730574,-1.53972,0
-0.100187,-0.0502016,0,-0.73008,-1.53964,0
-0.100194,-0.0502013,0,-0.729585,-1.53957,0
-0.100165,-0.0502032,0,-0.72918,-1.53986,0
-0.100136,-0.050205,0,-0.728775,-1.54015,0
-0.100127,-0.0502025,0,-0.728302,-1.53999,0
-0.100118,-0.0502001,0,-0.727829,-1.53983,0
-0.100099,-0.0501996,0,-0.727396,-1.54008,0
-0.100079,-0.050199,0,-0.726963,-1.54033,0
-0.100062,-0.0501934,0,-0.726502,-1.54014,0
-0.100045,-0.0501877,0,-0.72604,-1.53994,0
-0.10003,-0.050183,0,-0.725589,-1.54016,0
-0.100014,-0.0501782,0,-0.725137,-1.54037,0
-0.099924,-0.050186,0,-0.724715,-1.54012,0
-0.0998338,-0.0501937,0,-0.724294,-1.53987,0
-0.0997436,-0.0502015,0,-0.723872,-1.53961,0
-0.0996534,-0.0502092,0,-0.723451,-1.53936,0
-0.0996476,-0.0502035,0,-0.723087,-1.5397,0
-0.0996418,-0.0501979,0,-0.722723,-1.54005,0
-0.0996388,-0.0501943,0,-0.722237,-1.54016,0
-0.0996358,-0.0501908,0,-0.721751,-1.54028,0
-0.0996404,-0.050181,0,-0.721387,-1.54062,0
-0.0996451,-0.0501712,0,-0.721024,-1.54097,0
-0.0996524,-0.0501675,0,-0.720564,-1.54077,0
-0.0996597,-0.0501638,0,-0.720105,-1.54057,0
-0.0996258,-0.050165,0,-0.719761,-1.54093,0
-0.0995919,-0.0501661,0,-0.719416,-1.5413,0
-0.0995776,-0.0501598,0,-0.718933,-1.54117,0
-0.0995633,-0.0501535,0,-0.718449,-1.54105,0
-0.0995549,-0.0501505,0,-0.718014,-1.54129,0
-0.0995464,-0.0501476,0,-0.71758,-1.54154,0
-0.0995252,-0.0501429,0,-0.717249,-1.54191,0
-0.099504,-0.0501382,0,-0.716918,-1.54229,0
-0.0994576,-0.0501149,0,-0.716707,-1.54274,0
-0.0994111,-0.0500917,0,-0.716495,-1.54319,0
-0.0993703,-0.0500875,0,-0.716095,-1.54349,0
-0.0993296,-0.0500833,0,-0.715695,-1.54378,0
-0.099237,-0.0500922,0,-0.715298,-1.54349,0
-0.0991445,-0.050101,0,-0.714902,-1.5432,0
-0.0991039,-0.0500826,0,-0.714408,-1.54314,0
-0.0990633,-0.0500642,0,-0.713913,-1.54308,0
-0.0990584,-0.0500583,0,-0.713415,-1.54304,0
-0.0990536,-0.0500524,0,-0.712917,-1.54299,0
-0.0990362,-0.0500508,0,-0.712485,-1.54324,0
-0.0990189,-0.0500492,0,-0.712052,-1.54349,0
-0.0990131,-0.0500437,0,-0.711559,-1.54358,0
-0.0990073,-0.0500383,0,-0.711066,-1.54366,0
-0.0989935,-0.0500368,0,-0.710575,-1.54356,0
-0.0989796,-0.0500352,0,-0.710085,-1.54347,0
-0.0989486,-0.050034,0,-0.709592,-1.54354,0
-0.0989175,-0.0500327,0,-0.709099,-1.54362,0
-0.0989042,-0.050031,0,-0.708662,-1.54386,0
-0.0988909,-0.0500293,0,-0.708226,-1.54411,0
-0.0988701,-0.0500271,0,-0.707758,-1.54393,0
-0.0988493,-0.050025,0,-0.70729,-1.54376,0
-0.09885,-0.050022,0,-0.706792,-1.5438,0
-0.0988508,-0.050019,0,-0.706294,-1.54385,0
-0.0988495,-0.050018,0,-0.706006,-1.54426,0
-0.0988482,-0.0500171,0,-0.705718,-1.54467,0
-0.0987564,-0.0500231,0,-0.705557,-1.54513,0
-0.0986647,-0.0500292,0,-0.705395,-1.5456,0
-0.0986634,-0.0500219,0,-0.704895,-1.54562,0
-0.0986622,-0.0500147,0,-0.704395,-1.54563,0
-0.0986751,-0.0500044,0,-0.704008,-1.54595,0
-0.098688,-0.0499941,0,-0.703621,-1.54627,0
-0.0986914,-0.049991,0,-0.703126,-1.5462,0
-0.0986948,-0.0499879,0,-0.702632,-1.54612,0
-0.0986875,-0.0499829,0,-0.702181,-1.54634,0
-0.0986802,-0.0499778,0,-0.701731,-1.54656,0
-0.0986745,-0.0499771,0,-0.701286,-1.54679,0
-0.0986688,-0.0499763,0,-0.70084,-1.54701,0
-0.0986758,-0.0499689,0,-0.700368,-1.54685,0
-0.0986828,-0.0499615,0,-0.699895,-1.54669,0
-0.0986561,-0.0499484,0,-0.699405,-1.54678,0
-0.0986293,-0.0499353,0,-0.698915,-1.54688,0
-0.0986156,-0.0499364,0,-0.698415,-1.54687,0
-0.0986018,-0.0499376,0,-0.697916,-1.54687,0
-0.0986369,-0.0499289,0,-0.69768,-1.54731,0
-0.098672,-0.0499202,0,-0.697444,-1.54774,0
-0.0986681,-0.0499232,0,-0.69736,-1.54824,0
-0.0986643,-0.0499263,0,-0.697276,-1.54873,0
-0.0986464,-0.0499131,0,-0.696802,-1.54889,0
-0.0986286,-0.0498999,0,-0.696328,-1.54905,0
-0.0986219,-0.0499004,0,-0.695829,-1.54904,0
-0.0986152,-0.0499008,0,-0.695329,-1.54904,0
-0.0986213,-0.0498937,0,-0.695051,-1.54946,0
-0.0986273,-0.0498865,0,-0.694773,-1.54987,0
-0.0986127,-0.0498844,0,-0.694273,-1.54987,0
-0.0985981,-0.0498823,0,-0.693773,-1.54987,0
-0.0985951,-0.0498754,0,-0.693289,-1.54974,0
-0.098592,-0.0498684,0,-0.692805,-1.54962,0
-0.0985997,-0.0498636,0,-0.692326,-1.54948,0
-0.0986074,-0.0498588,0,-0.691846,-1.54933,0
-0.0985028,-0.0498708,0,-0.691542,-1.54895,0
-0.0983982,-0.0498828,0,-0.691238,-1.54857,0
-0.098394,-0.0498757,0,-0.690753,-1.54869,0
-0.0983899,-0.0498686,0,-0.690268,-1.54881,0
-0.0982848,-0.0498808,0,-0.689969,-1.54843,0
-0.0981797,-0.0498929,0,-0.68967,-1.54804,0
-0.0980746,-0.0499051,0,-0.689371,-1.54765,0
-0.0979695,-0.0499173,0,-0.689071,-1.54727,0
-0.0978644,-0.0499295,0,-0.688772,-1.54688,0
-0.0977593,-0.0499417,0,-0.688473,-1.54649,0
-0.0976542,-0.0499539,0,-0.688174,-1.54611,0
-0.0975491,-0.0499661,0,-0.687875,-1.54572,0
-0.097444,-0.0499783,0,-0.687576,-1.54533,0
-0.0973389,-0.0499905,0,-0.687277,-1.54495,0
-0.0972338,-0.0500027,0,-0.686978,-1.54456,0
-0.0971288,-0.0500149,0,-0.686679,-1.54417,0
-0.0970237,-0.0500271,0,-0.68638,-1.54379,0
-0.0969186,-0.0500393,0,-0.686081,-1.5434,0
-0.0968135,-0.0500515,0,-0.685781,-1.54301,0
-0.0967084,-0.0500637,0,-0.685482,-1.54263,0
-0.0966033,-0.0500759,0,-0.685183,-1.54224,0
-0.0964982,-0.0500881,0,-0.684884,-1.54186,0
-0.0963931,-0.0501003,0,-0.684585,-1.54147,0
-0.096288,-0.0501125,0,-0.684286,-1.54108,0
-0.0961829,-0.0501247,0,-0.683987,-1.5407,0
-0.0960778,-0.0501369,0,-0.683688,-1.54031,0
-0.0959728,-0.0501491,0,-0.683389,-1.53992,0
-0.0958677,-0.0501613,0,-0.68309,-1.53954,0
-0.0958517,-0.0501667,0,-0.682837,-1.53911,0
-0.0958357,-0.050172,0,-0.682584,-1.53867,0
-0.0957291,-0.0501843,0,-0.682285,-1.53829,0
-0.0956225,-0.0501967,0,-0.681985,-1.5379,0
-0.095516,-0.050209,0,-0.681685,-1.53752,0
-0.0954094,-0.0502213,0,-0.681385,-1.53713,0
-0.0953028,-0.0502336,0,-0.681086,-1.53675,0
-0.0951962,-0.0502459,0,-0.680786,-1.53636,0
-0.0950896,-0.0502582,0,-0.680486,-1.53598,0
-0.094983,-0.0502705,0,-0.680186,-1.53559,0
-0.0948765,-0.0502828,0,-0.679886,-1.5352,0
-0.0947699,-0.0502951,0,-0.679587,-1.53482,0
-0.094856,-0.050221,0,-0.6793,-1.53443,0
-0.0949421,-0.0501469,0,-0.679014,-1.53403,0
-0.0948321,-0.0501609,0,-0.678715,-1.53365,0
-0.094722,-0.0501748,0,-0.678415,-1.53326,0
-0.0946119,-0.0501888,0,-0.678116,-1.53288,0
-0.0945018,-0.0502027,0,-0.677816,-1.53249,0
-0.0943917,-0.0502167,0,-0.677517,-1.53211,0
-0.0942816,-0.0502306,0,-0.677217,-1.53172,0
-0.0941715,-0.0502446,0,-0.676918,-1.53134,0
-0.0940614,-0.0502585,0,-0.676618,-1.53095,0
-0.0939513,-0.0502725,0,-0.676319,-1.53057,0
-0.0938412,-0.0502864,0,-0.676019,-1.53018,0
-0.0937311,-0.0503004,0,-0.67572,-1.5298,0
-0.093621,-0.0503143,0,-0.67542,-1.52942,0
-0.0935109,-0.0503283,0,-0.675121,-1.52903,0
-0.0934008,-0.0503422,0,-0.674821,-1.52865,0
-0.0932907,-0.0503562,0,-0.674522,-1.52826,0
-0.0931806,-0.0503701,0,-0.674222,-1.52788,0
-0.0930705,-0.0503841,0,-0.673923,-1.52749,0
-0.0929604,-0.050398,0,-0.673623,-1.52711,0
-0.0928503,-0.050412,0,-0.673324,-1.52672,0
-0.0927402,-0.0504259,0,-0.673024,-1.52634,0
-0.0926301,-0.0504399,0,-0.672725,-1.52595,0
-0.09252,-0.0504538,0,-0.672425,-1.52557,0
-0.0924099,-0.0504678,0,-0.672126,-1.52518,0
-0.0922998,-0.0504817,0,-0.671826,-1.5248,0
-0.0921897,-0.0504957,0,-0.671527,-1.52441,0
-0.0920796,-0.0505096,0,-0.671227,-1.52403,0
-0.0919695,-0.0505236,0,-0.670928,-1.52364,0
-0.0918595,-0.0505375,0,-0.670628,-1.52326,0
-0.0917494,-0.0505515,0,-0.670329,-1.52288,0
-0.0916393,-0.0505654,0,-0.670029,-1.52249,0
-0.0916664,-0.0505472,0,-0.669701,-1.52212,0
-0.0916935,-0.050529,0,-0.669372,-1.52174,0
-0.0915797,-0.0505439,0,-0.669074,-1.52135,0
-0.091466,-0.0505587,0,-0.668776,-1.52097,0
-0.0913522,-0.0505735,0,-0.668477,-1.52059,0
-0.0912384,-0.0505883,0,-0.668179,-1.5202,0
-0.0911247,-0.0506031,0,-0.667881,-1.51982,0
-0.0910109,-0.050618,0,-0.667582,-1.51943,0
-0.0908971,-0.0506328,0,-0.667284,-1.51905,0
-0.0907834,-0.0506476,0,-0.666986,-1.51866,0
-0.0906696,-0.0506624,0,-0.666687,-1.51828,0
-0.0905559,-0.0506773,0,-0.666389,-1.51789,0
-0.0904421,-0.0506921,0,-0.66609,-1.51751,0
-0.0903283,-0.0507069,0,-0.665792,-1.51713,0
-0.0902146,-0.0507217,0,-0.665494,-1.51674,0
-0.0901008,-0.0507365,0,-0.665195,-1.51636,0
-0.089987,-0.0507514,0,-0.664897,-1.51597,0
-0.0898733,-0.0507662,0,-0.664599,-1.51559,0
-0.0897595,-0.050781,0,-0.6643,-1.5152,0
-0.0896457,-0.0507958,0,-0.664002,-1.51482,0
-0.089532,-0.0508106,0,-0.663704,-1.51443,0
-0.0894182,-0.0508255,0,-0.663405,-1.51405,0
-0.0893045,-0.0508403,0,-0.663107,-1.51367,0
-0.0891907,-0.0508551,0,-0.662809,-1.51328,0
-0.0890769,-0.0508699,0,-0.66251,-1.5129,0
-0.0889632,-0.0508847,0,-0.662212,-1.51251,0
-0.0888494,-0.0508996,0,-0.661914,-1.51213,0
-0.0887356,-0.0509144,0,-0.661615,-1.51174,0
-0.0886219,-0.0509292,0,-0.661317,-1.51136,0
-0.0885081,-0.050944,0,-0.661019,-1.51097,0
-0.0883943,-0.0509589,0,-0.66072,-1.51059,0
-0.0882806,-0.0509737,0,-0.660422,-1.5102,0
-0.0881668,-0.0509885,0,-0.660124,-1.50982,0
-0.088053,-0.0510033,0,-0.659825,-1.50944,0
-0.0879393,-0.0510181,0,-0.659527,-1.50905,0
-0.0878255,-0.051033,0,-0.659229,-1.50867,0
-0.0877118,-0.0510478,0,-0.65893,-1.50828,0
-0.087598,-0.0510626,0,-0.658632,-1.5079,0
-0.0874842,-0.0510774,0,-0.658333,-1.50751,0
-0.0873705,-0.0510922,0,-0.658035,-1.50713,0
-0.0872567,-0.0511071,0,-0.657737,-1.50674,0
-0.0871429,-0.0511219,0,-0.657438,-1.50636,0
-0.0870292,-0.0511367,0,-0.65714,-1.50598,0
-0.0869154,-0.0511515,0,-0.656842,-1.50559,0
-0.0869334,-0.0511039,0,-0.656768,-1.5051,0
-0.0869513,-0.0510563,0,-0.656694,-1.50461,0
-0.0868297,-0.0510753,0,-0.656384,-1.50424,0
-0.0867082,-0.0510943,0,-0.656074,-1.50386,0
-0.0865866,-0.0511133,0,-0.655763,-1.50349,0
-0.0864651,-0.0511323,0,-0.655453,-1.50312,0
-0.0864886,-0.0511012,0,-0.655365,-1.50263,0
-0.0865121,-0.0510701,0,-0.655278,-1.50214,0
-0.0863799,-0.0510931,0,-0.654953,-1.50178,0
-0.0862477,-0.0511162,0,-0.654628,-1.50143,0
-0.0861155,-0.0511392,0,-0.654304,-1.50107,0
-0.0859833,-0.0511623,0,-0.653979,-1.50071,0
-0.0858511,-0.0511853,0,-0.653654,-1.50036,0
-0.085719,-0.0512084,0,-0.65333,-1.5,0
-0.0855868,-0.0512314,0,-0.653005,-1.49965,0
-0.0854546,-0.0512545,0,-0.65268,-1.49929,0
-0.0853224,-0.0512775,0,-0.652356,-1.49893,0
-0.0851902,-0.0513006,0,-0.652031,-1.49858,0
-0.085058,-0.0513236,0,-0.651707,-1.49822,0
-0.0849258,-0.0513467,0,-0.651382,-1.49787,0
-0.0847936,-0.0513697,0,-0.651057,-1.49751,0
-0.0846614,-0.0513928,0,-0.650733,-1.49716,0
-0.0845292,-0.0514158,0,-0.650408,-1.4968,0
-0.084397,-0.0514389,0,-0.650083,-1.49644,0
-0.0843283,-0.051447,0,-0.649902,-1.49598,0
-0.0842596,-0.0514552,0,-0.64972,-1.49552,0
-0.0841079,-0.0514831,0,-0.649352,-1.49522,0
-0.0839563,-0.051511,0,-0.648985,-1.49492,0
-0.0838046,-0.051539,0,-0.648617,-1.49462,0
-0.0836529,-0.0515669,0,-0.64825,-1.49432,0
-0.083563,-0.0515834,0,-0.648032,-1.49414,0
-0.083473,-0.0516,0,-0.647814,-1.49396,0