# alpha1,beta1,alpha2,beta2
-3.504563,-0.106022,-0.660740,-0.038586
4.527166,-0.078325,4.412672,-0.046496
-2.248521,-0.077006,-1.462234,-0.046520
-5.606326,-0.119755,-3.901563,-0.043978
-0.183400,-0.108920,-2.958829,-0.045486
-1.752500,-0.097704,-2.346271,-0.048860
-1.865714,-0.081891,-0.476193,-0.042999
-5.858053,-0.110106,-2.987375,-0.059962
-5.308297,-0.079494,-3.072986,-0.047852
1.183564,-0.099798,4.258229,-0.058552
-3.772758,-0.094136,-2.611290,-0.044819
-3.465372,-0.112961,-0.485391,-0.059920
4.036281,-0.103979,1.244221,-0.070129
-4.239858,-0.113327,-4.215809,-0.049911
-3.054037,-0.098541,-2.267384,-0.045703
-0.791215,-0.089051,-3.031683,-0.049556
-2.377861,-0.102074,-3.190171,-0.051558
0.667236,-0.122085,0.770243,-0.053047
-1.254216,-0.092588,-3.819263,-0.034492
-3.589422,-0.094471,-2.732212,-0.056479
-3.199786,-0.135844,-3.542037,-0.069244
1.257642,-0.095301,-1.876817,-0.034996
-1.661424,-0.095913,0.447356,-0.058207
1.773008,-0.099460,1.545594,-0.038762
-1.338344,-0.073032,-1.023276,-0.038806
-3.002021,-0.098175,-2.615870,-0.041148
2.802216,-0.082842,1.108190,-0.043449
-5.724729,-0.107717,-2.759971,-0.066093
0.566413,-0.127827,2.570060,-0.057319
-0.659008,-0.108688,-2.930865,-0.037240
-5.700691,-0.087552,-3.507801,-0.038281
0.692864,-0.082173,-2.197302,-0.039861
-1.448824,-0.126423,0.610441,-0.054762
2.586037,-0.105861,0.951984,-0.065691
3.563946,-0.131386,0.486636,-0.060579
-2.478677,-0.082673,-3.194255,-0.049675
-6.485505,-0.114891,-4.025115,-0.055823
-5.251754,-0.137536,-2.265928,-0.060369
-0.464789,-0.109890,-2.641699,-0.035944
4.776731,-0.117691,4.628207,-0.046302
1.110516,-0.132305,1.454041,-0.061643
5.948116,-0.117188,3.704184,-0.062350
-5.738037,-0.095088,-4.472030,-0.057977
5.701232,-0.075429,4.524015,-0.036939
0.683991,-0.107532,3.428904,-0.036058
-3.262277,-0.107689,-1.869436,-0.037140
-5.244371,-0.108396,-2.854115,-0.047776
3.805547,-0.083502,3.397972,-0.035660
-2.100239,-0.118156,-3.333546,-0.071003
-4.277472,-0.074128,-2.165492,-0.038604
-1.219084,-0.113984,0.658719,-0.064556
6.993478,-0.093161,4.522635,-0.038587
-3.272900,-0.071938,-0.945230,-0.039273
2.514524,-0.092827,2.194076,-0.051843
-4.479770,-0.107560,-1.353196,-0.051885
-3.265011,-0.143367,-0.137241,-0.071078
-1.266719,-0.080807,-3.724517,-0.043241
-0.759552,-0.093452,2.321438,-0.056598
3.319921,-0.108174,3.648679,-0.051489
4.374608,-0.083346,1.674811,-0.036974
-3.058336,-0.110322,-4.558485,-0.055786
-1.030820,-0.118961,0.401063,-0.049445
-2.478851,-0.091947,-4.334518,-0.035819
2.589710,-0.099113,0.058724,-0.052912
3.022983,-0.081516,4.675080,-0.039056
0.907433,-0.082150,-0.592580,-0.051193
-6.043269,-0.114174,-4.247282,-0.070154
4.411072,-0.094821,4.389632,-0.037995
5.940103,-0.114297,4.456608,-0.061473
-2.644438,-0.080071,-4.651249,-0.043970
0.923369,-0.139447,-2.012657,-0.060823
-0.893274,-0.092413,-1.122627,-0.040648
2.702954,-0.114725,3.618475,-0.058538
6.132913,-0.135551,4.062486,-0.058254
3.588645,-0.095098,1.864688,-0.035345
0.841786,-0.096148,-1.419680,-0.059622
0.839534,-0.129581,1.393206,-0.056256
-2.686037,-0.069864,-1.678716,-0.035797
3.146761,-0.076758,3.196233,-0.037973
-1.841523,-0.077307,-0.826877,-0.044708
-3.957498,-0.073297,-2.824169,-0.035315
3.128596,-0.100256,4.390964,-0.053864
4.515195,-0.124798,4.279240,-0.059213
-0.199172,-0.104519,-0.841172,-0.046202
-3.941585,-0.104857,-4.424477,-0.051017
3.877257,-0.126552,4.341101,-0.045734
-2.349707,-0.106491,-1.596117,-0.046177
-4.232792,-0.108137,-3.736469,-0.063319
1.542245,-0.120009,0.635291,-0.048818
-0.172666,-0.107256,-0.460572,-0.063292
-2.062742,-0.106543,-2.548650,-0.047059
-2.790141,-0.102829,-0.869012,-0.070526
-0.497116,-0.086018,2.029262,-0.047603
1.309170,-0.111200,2.847959,-0.038042
4.635588,-0.113196,4.314076,-0.060895
-2.332583,-0.065754,-4.261261,-0.035235
7.289457,-0.067637,4.290609,-0.034227
-1.277103,-0.089480,0.458785,-0.049203
2.239873,-0.113743,2.253026,-0.042381
0.414779,-0.082705,0.276209,-0.039022
-1.197865,-0.113984,-4.323457,-0.060655
-1.547042,-0.081983,-1.226942,-0.035592
-1.030821,-0.081963,-0.879072,-0.035767
1.022753,-0.125121,-1.005806,-0.065693
-5.388229,-0.072536,-3.536780,-0.036178
-7.314179,-0.101788,-4.560944,-0.048760
-5.052788,-0.108962,-1.956448,-0.039389
-3.204245,-0.089887,-3.447074,-0.051080
-3.347306,-0.112468,-3.425770,-0.043945
-2.723041,-0.136249,-4.707803,-0.059102
-0.627957,-0.076752,-3.595301,-0.038127
-3.486275,-0.079116,-4.451359,-0.034055
5.199247,-0.094703,4.392519,-0.063389
3.708310,-0.126929,2.184943,-0.062962
-1.952822,-0.106427,-1.467453,-0.040714
6.205242,-0.085560,3.294768,-0.047625
2.520781,-0.086789,1.818249,-0.044522
0.695783,-0.079181,-0.885120,-0.040225
-2.538591,-0.091773,-4.576542,-0.049724
-1.008782,-0.098194,1.076623,-0.036801
-2.431851,-0.067346,0.325788,-0.035309
3.395199,-0.097842,4.702520,-0.063372
2.528618,-0.084830,-0.215714,-0.047161
3.680507,-0.106402,3.771350,-0.066625
4.323152,-0.099402,2.909871,-0.034439
-1.533587,-0.110488,-0.570598,-0.067132
1.586254,-0.101237,-1.143027,-0.036126
4.764131,-0.089799,4.703358,-0.043271
-4.507180,-0.124201,-2.502185,-0.063834
2.911231,-0.075310,3.213765,-0.044762
1.234793,-0.136850,-1.221590,-0.054347
0.713878,-0.103946,0.699115,-0.048082
-3.281320,-0.105766,-4.108964,-0.068325
-1.651602,-0.081768,-1.601913,-0.049745
-3.077350,-0.077680,-2.003854,-0.045200
1.435861,-0.109052,1.075501,-0.051043
0.318793,-0.094247,2.687069,-0.043757
2.035426,-0.121026,0.631251,-0.060992
-2.980165,-0.087311,-2.333386,-0.053983
3.320996,-0.123090,3.655739,-0.062098
2.429863,-0.125924,1.157065,-0.045961
-4.499810,-0.087949,-4.491148,-0.048530
-0.454570,-0.078162,0.673687,-0.034212
-4.435057,-0.108313,-1.699617,-0.039176
0.391123,-0.084142,-0.966048,-0.045860
-1.827963,-0.097128,-4.087153,-0.048851
1.382923,-0.094374,2.379385,-0.035808
-1.681186,-0.069111,-0.164433,-0.034180
6.056594,-0.073483,4.490910,-0.039772
0.616965,-0.088129,1.197406,-0.043398
1.004635,-0.070988,-0.165139,-0.038827
-5.674270,-0.074001,-3.431589,-0.036383
0.448748,-0.122898,2.980140,-0.042468
-0.091813,-0.103366,2.353867,-0.038042
3.879341,-0.115133,1.302720,-0.034976
-1.025567,-0.098547,-0.364875,-0.051365
-1.766181,-0.144533,-2.535304,-0.067197
2.548269,-0.105158,2.987582,-0.057007
-2.610169,-0.114613,-3.956063,-0.063685
-1.598746,-0.084027,-0.680990,-0.053748
4.029996,-0.081385,2.369411,-0.044639
5.133884,-0.112565,4.194288,-0.037622
0.931898,-0.104654,0.367371,-0.037971
-3.470206,-0.124266,-1.885804,-0.059497
-0.687578,-0.110784,0.621990,-0.050071
-0.801813,-0.074671,1.883897,-0.034946
-1.142032,-0.083846,-0.254515,-0.038828
2.025248,-0.093217,2.949525,-0.034710
-1.198263,-0.077257,-0.851851,-0.038549
4.194397,-0.100836,3.573591,-0.062878
0.747079,-0.107393,1.136867,-0.062378
-7.518252,-0.099464,-4.398408,-0.052324
-3.950821,-0.110971,-3.232714,-0.057666
0.115424,-0.082204,-2.016671,-0.036132
0.687557,-0.124585,2.620154,-0.070239
-4.250655,-0.092957,-1.455772,-0.050813
-2.454220,-0.105490,0.325148,-0.050771
2.843114,-0.101809,0.591526,-0.039934
7.269272,-0.111830,4.588830,-0.038278
-1.012806,-0.118664,-2.747242,-0.053954
6.504771,-0.074910,3.657770,-0.043882
4.325728,-0.111155,1.366926,-0.059525
-4.147243,-0.103012,-4.127391,-0.046182
-5.257630,-0.123858,-2.240347,-0.053068
3.820355,-0.070945,3.447850,-0.034315
-4.080357,-0.078046,-4.482126,-0.046853
3.924819,-0.106464,1.308570,-0.036157
-4.600720,-0.137921,-3.112279,-0.057007
5.217823,-0.112022,2.606566,-0.052430
-1.513367,-0.077933,-1.907772,-0.038608
2.122880,-0.078933,1.567873,-0.046823
3.591204,-0.109999,2.733021,-0.070571
-0.839200,-0.117401,1.173410,-0.060504
4.973079,-0.097934,2.198266,-0.058587
-3.329507,-0.113436,-3.450620,-0.045045
1.272143,-0.147898,0.064171,-0.070632
-3.230996,-0.102060,-0.362837,-0.038309
4.655353,-0.085516,4.510933,-0.048130
2.299662,-0.118738,3.202976,-0.048975
-5.389911,-0.111013,-4.614739,-0.056366
3.608677,-0.075797,1.563475,-0.039371
3.701084,-0.092058,0.975945,-0.039951
-2.483491,-0.094351,-2.011549,-0.045075
-3.032329,-0.103884,-1.652240,-0.035496
3.423090,-0.083105,2.778420,-0.037349
1.717244,-0.119558,4.683394,-0.054589
-0.295742,-0.118792,-0.468238,-0.070016
0.207991,-0.074558,-0.731679,-0.035269
-0.696144,-0.089296,-3.212027,-0.041919
2.443337,-0.090854,1.530930,-0.035897
3.262833,-0.126718,1.137103,-0.052379
-1.714516,-0.102018,-2.494100,-0.038934
5.457369,-0.128123,2.381883,-0.060366
0.618276,-0.090957,3.486087,-0.039831
0.721872,-0.108877,0.927559,-0.070904
-2.058844,-0.102018,-3.388240,-0.044226
1.437520,-0.099880,2.375556,-0.050275
-2.902333,-0.087672,-1.544997,-0.049214
3.590047,-0.126204,1.353951,-0.050689
0.581861,-0.081460,0.428232,-0.037031
3.045466,-0.115802,3.059995,-0.038869
2.819810,-0.120530,1.221673,-0.053368
3.043761,-0.112176,3.415496,-0.062203
1.020529,-0.126092,-1.043612,-0.068464
1.500297,-0.086482,-1.549486,-0.041846
-1.372205,-0.079723,0.254298,-0.035798
-5.918488,-0.082272,-3.115116,-0.037471
-2.117147,-0.120323,-0.118421,-0.067355
-3.033777,-0.084470,-4.629601,-0.041539
1.362368,-0.125223,-0.292257,-0.044613
1.547271,-0.117834,-1.106262,-0.038836
-0.882329,-0.097594,1.119304,-0.066724
-5.646371,-0.110591,-2.533567,-0.052209
-6.772483,-0.095506,-4.048243,-0.042745
-0.325959,-0.089707,-1.872821,-0.049404
-1.398636,-0.083557,-0.157592,-0.050979
-2.278047,-0.089683,-0.541841,-0.054781
-3.105220,-0.105127,-0.747735,-0.049075
1.934094,-0.081162,3.136175,-0.042041
2.889717,-0.099260,2.307716,-0.062075
1.166847,-0.116633,3.058909,-0.054504
-1.185636,-0.082262,1.305757,-0.044175
1.962497,-0.068972,4.687416,-0.037878
-5.032675,-0.107703,-2.626351,-0.058648
-4.010479,-0.090481,-2.220343,-0.041112
1.031169,-0.100352,3.872813,-0.041395
-3.716643,-0.084871,-1.884048,-0.046200
2.092913,-0.091368,2.869079,-0.058391
6.295581,-0.106423,4.143675,-0.060243
3.094575,-0.100604,1.552356,-0.041942
-1.788025,-0.087808,0.428698,-0.047571
-7.316630,-0.108886,-4.632150,-0.040474
0.093423,-0.076321,2.104904,-0.036618
0.734179,-0.084517,-2.186632,-0.053333
3.766338,-0.108240,4.418895,-0.052440
0.584559,-0.129839,1.450885,-0.053652
-2.385225,-0.088866,-3.468359,-0.035804
-1.425964,-0.099465,0.566153,-0.040517
2.390268,-0.090579,2.803245,-0.047719
0.250797,-0.098141,-2.511622,-0.059336
2.420119,-0.100720,-0.364415,-0.045697
1.341138,-0.085128,-1.470118,-0.044589
-0.111256,-0.097042,1.061251,-0.048305
0.313700,-0.090110,-1.230406,-0.053235
5.541374,-0.092345,2.895915,-0.044928
-5.380833,-0.125447,-4.022970,-0.062892
-0.316202,-0.075819,2.577195,-0.034684
-2.951759,-0.103299,-1.998150,-0.060508
-5.470678,-0.137143,-2.637298,-0.054962
1.382034,-0.107675,0.435820,-0.055266
0.700746,-0.093947,-0.654650,-0.062632
6.540065,-0.105575,3.905635,-0.047915
-3.011757,-0.140251,-3.226455,-0.065842
-0.950194,-0.106640,-1.001429,-0.050392
1.596721,-0.104694,0.006255,-0.049055
0.063804,-0.086181,0.057159,-0.055538
5.615744,-0.091339,3.935027,-0.048079
-3.094644,-0.096358,-2.763277,-0.055378
-4.715725,-0.097652,-3.685524,-0.056623
-1.372441,-0.083315,-0.120144,-0.034354
4.717229,-0.088109,1.805407,-0.056079
0.263133,-0.075940,-1.715884,-0.038899
-5.159458,-0.073437,-2.508276,-0.042883
1.171537,-0.112316,0.003932,-0.053597
2.484738,-0.091624,0.925628,-0.060978
-0.135270,-0.114229,1.107232,-0.050057
3.864143,-0.079066,3.914462,-0.044093
-3.239876,-0.075242,-2.795848,-0.043484
-3.515460,-0.108586,-3.959642,-0.052333
2.733887,-0.127467,3.985036,-0.063227
-4.632650,-0.086062,-4.685013,-0.054023
3.246462,-0.116150,2.633339,-0.050747
0.403927,-0.128979,3.374381,-0.062103
0.123084,-0.070540,1.068347,-0.034858
-5.703043,-0.135734,-4.356001,-0.067038
4.885664,-0.130330,1.899784,-0.064564
2.802739,-0.112055,2.506764,-0.068504
-1.559195,-0.151291,-0.170246,-0.069463
1.129021,-0.125944,-0.378935,-0.066796
2.088436,-0.112290,1.556450,-0.041269
-1.232025,-0.087574,-2.180000,-0.042682
5.319672,-0.097037,4.072363,-0.040469
-2.764909,-0.104318,-4.557718,-0.046548
-0.708561,-0.122568,-3.469020,-0.055053
0.489530,-0.100955,1.503253,-0.045121
-1.549391,-0.126623,0.927863,-0.060519
6.076332,-0.131572,4.677462,-0.056831
-5.379414,-0.117227,-2.992639,-0.052842
3.365611,-0.068445,3.698555,-0.035549
-3.339897,-0.089657,-4.012218,-0.051107
0.551179,-0.119249,0.263018,-0.059582
-1.680297,-0.103567,1.302405,-0.051416
-5.438574,-0.116714,-2.749196,-0.064092
3.898085,-0.116525,0.945706,-0.062328
3.544489,-0.091000,4.588737,-0.054751
0.625976,-0.083794,2.624822,-0.044524
6.437678,-0.124940,4.711635,-0.045185
6.633657,-0.104105,4.146215,-0.040143
4.626229,-0.122495,4.237444,-0.051253
-2.177075,-0.113825,-4.533161,-0.041510
-1.287297,-0.089408,0.355196,-0.049336
-1.458744,-0.115757,-4.090027,-0.058007
-0.110570,-0.109726,-0.228856,-0.060583
1.041892,-0.104791,2.634858,-0.048547
-0.873620,-0.098854,-3.829785,-0.037394
-1.913910,-0.102656,-2.374148,-0.038996
-5.228447,-0.119574,-3.899816,-0.066002
-2.486087,-0.114176,-1.027292,-0.055543
0.431577,-0.142659,-1.252882,-0.064500
-0.342239,-0.112907,-1.523410,-0.058440
0.117825,-0.099935,-2.387914,-0.057603
1.633241,-0.116815,1.522234,-0.045303
1.800204,-0.095201,0.955324,-0.053274
-0.640499,-0.088324,2.039772,-0.044880
1.006830,-0.067725,1.296116,-0.034197
-1.686083,-0.094465,-2.951340,-0.052631
0.947878,-0.076176,0.664398,-0.036459
-0.705809,-0.083183,-2.046664,-0.040522
0.136656,-0.132159,2.009767,-0.060485
1.474303,-0.079668,3.712600,-0.039976
-4.244985,-0.117623,-1.471612,-0.055625
-4.992957,-0.095689,-4.066193,-0.036212
-0.492979,-0.076823,-3.366834,-0.043391
1.410531,-0.091566,2.581742,-0.047638
5.640600,-0.087009,3.779356,-0.053136
0.686342,-0.109072,1.762838,-0.055776
0.514134,-0.064932,-1.869646,-0.034287
-0.789468,-0.072724,-0.001778,-0.037957
-0.212934,-0.117766,1.510606,-0.064893
-1.973278,-0.115284,-4.513439,-0.069204
2.016684,-0.119694,4.255027,-0.039358
-4.982774,-0.113531,-4.415709,-0.041532
-7.647600,-0.107731,-4.528861,-0.042564
1.380404,-0.084633,4.521646,-0.052849
-0.388773,-0.067489,2.355355,-0.036073
-2.558415,-0.076591,-2.801063,-0.036437
5.764275,-0.127776,3.701896,-0.063813
2.666974,-0.084263,3.213811,-0.037940
3.301290,-0.090443,2.598182,-0.045449
-3.710413,-0.116080,-4.586899,-0.049938
-6.554278,-0.095080,-4.147706,-0.046869
1.588851,-0.085248,4.328172,-0.044781
-1.847696,-0.090280,-2.521628,-0.035467
5.280426,-0.094883,4.273238,-0.054499
0.706291,-0.117725,0.627853,-0.068025
-6.771222,-0.094843,-3.701925,-0.038988
3.318911,-0.123447,1.638521,-0.069154
-2.812518,-0.124236,-1.908996,-0.056945
3.902850,-0.114823,2.059365,-0.057903
-4.815537,-0.088645,-3.994329,-0.049023
-1.999682,-0.084899,-1.823181,-0.038477
5.033525,-0.136180,3.099841,-0.054704
0.394673,-0.109337,-1.932051,-0.046622
-4.259481,-0.091504,-1.806651,-0.040581
0.670272,-0.117527,-2.400948,-0.058818
0.950121,-0.092736,-0.486627,-0.037998
1.424209,-0.087076,-1.192286,-0.039435
-1.360138,-0.106632,0.222420,-0.043113
7.089771,-0.098729,4.394110,-0.065775
3.883921,-0.116271,2.176015,-0.044858
-2.533428,-0.096881,-3.441524,-0.048568
0.171668,-0.100096,-1.880535,-0.063306
-2.756650,-0.085835,-0.787261,-0.048175
-1.484618,-0.102727,-0.538146,-0.051867
3.484939,-0.098279,3.229656,-0.063663
0.936991,-0.122765,3.083485,-0.070946
-0.556613,-0.109086,0.375442,-0.056849
0.695614,-0.077153,1.749559,-0.045038
-0.259667,-0.111022,-2.388895,-0.035869
-0.657091,-0.125513,-0.596575,-0.053250
-1.266984,-0.102509,-1.452258,-0.038533
5.176802,-0.087032,2.961157,-0.045577
0.500772,-0.076940,2.269560,-0.039651
-2.533959,-0.103806,-2.658789,-0.057839
3.776756,-0.093206,3.347785,-0.046001
-4.140838,-0.101318,-2.397595,-0.054018
-3.025679,-0.132544,-0.969925,-0.069298
0.923633,-0.102409,3.164373,-0.037777
1.217195,-0.109788,-1.566473,-0.056533
-6.127881,-0.116207,-4.616556,-0.060694
-1.989305,-0.089908,-1.164087,-0.041623
2.923769,-0.128151,3.266973,-0.056312
-5.192527,-0.102919,-2.378706,-0.051617
-0.639800,-0.118196,1.262874,-0.059077
-2.729432,-0.086748,-2.328501,-0.048057
-4.229961,-0.114095,-3.816738,-0.041643
0.321965,-0.117964,-1.259411,-0.039502
3.194412,-0.128472,0.106829,-0.068805
-0.591151,-0.118162,-1.705860,-0.053703
-1.187803,-0.127238,1.465942,-0.070437
2.750653,-0.095420,2.807105,-0.047743
-0.168745,-0.085756,-1.225061,-0.048541
4.236049,-0.078786,3.222254,-0.040860
-4.637610,-0.099885,-4.064661,-0.058798
-4.003509,-0.083385,-2.157654,-0.039990
1.513424,-0.117724,3.213337,-0.067866
1.477978,-0.069516,3.635936,-0.036783
-1.788426,-0.068343,1.350516,-0.038010
1.896936,-0.066316,-0.610366,-0.035992
-2.403715,-0.090589,-4.047770,-0.040974
-5.935316,-0.133653,-3.072160,-0.063275
4.681090,-0.106021,2.394790,-0.068192
2.930585,-0.105790,-0.025137,-0.063093
-1.299320,-0.086774,-2.019149,-0.047815
3.498513,-0.076178,2.368623,-0.040869
0.252061,-0.128282,-2.855817,-0.054929
-1.313402,-0.094873,-0.186587,-0.048940
2.840804,-0.098561,2.047530,-0.036220
-7.467813,-0.107033,-4.645241,-0.060977
0.339223,-0.096158,-0.149267,-0.052271
2.022813,-0.118739,3.056129,-0.047093
-1.724873,-0.083874,-4.195817,-0.045490
-0.558063,-0.108844,-2.361752,-0.053638
5.151262,-0.094993,4.609919,-0.060831
-2.583188,-0.122644,-1.544494,-0.049773
1.405125,-0.130930,-0.442876,-0.069582
4.220708,-0.075331,4.427284,-0.038403
-0.810874,-0.079762,1.294245,-0.041480
-3.123941,-0.112013,-3.649221,-0.061894
2.764290,-0.097540,1.016678,-0.034319
5.345447,-0.133020,4.070911,-0.057037
-0.491572,-0.077157,-0.322391,-0.045883
3.135638,-0.080853,0.427763,-0.045166
-6.119370,-0.114277,-4.094365,-0.057362
-2.813434,-0.140123,-0.974271,-0.063784
2.000186,-0.106085,-1.087009,-0.041185
2.415934,-0.097609,0.545360,-0.065606
2.889594,-0.101508,0.040543,-0.058720
-6.616352,-0.090049,-4.538007,-0.040658
4.348955,-0.111471,2.222365,-0.052507
1.463092,-0.097497,-1.251223,-0.056898
-4.375914,-0.101121,-2.925162,-0.064211
-3.160705,-0.096103,-4.354261,-0.051175
-1.198729,-0.071151,0.011863,-0.036761
2.273660,-0.080025,3.594702,-0.038773
3.377048,-0.103542,0.646457,-0.047922
0.856086,-0.118757,-0.057664,-0.036754
4.968579,-0.083080,4.026520,-0.047843
2.314427,-0.088174,2.828163,-0.043621
2.468502,-0.094081,-0.148321,-0.051501
-3.720409,-0.090496,-3.577794,-0.049245
-0.923255,-0.074004,0.588675,-0.039005
6.639060,-0.079809,3.748189,-0.047894
-3.151839,-0.086507,-2.878824,-0.036841
-0.450458,-0.079936,-3.337802,-0.037201
0.616970,-0.101557,2.097038,-0.041259
3.324780,-0.093150,0.416356,-0.038868
6.740682,-0.096034,3.956731,-0.037760
-2.679379,-0.127602,-0.385314,-0.058805
-3.775890,-0.095395,-3.726023,-0.048751
-6.209605,-0.111195,-3.236480,-0.059735
-4.452138,-0.113417,-4.150587,-0.049811
4.308548,-0.092324,2.762813,-0.054165
1.621113,-0.101174,0.068507,-0.055576
3.910124,-0.092515,3.033139,-0.043440
0.079814,-0.085978,-2.769610,-0.035489
-0.646514,-0.086153,-1.269287,-0.040478
0.158340,-0.072872,0.819920,-0.039033
-4.859407,-0.084989,-2.683811,-0.052878
1.646434,-0.067426,2.844184,-0.036774
-2.900043,-0.118210,-3.951521,-0.053564
1.721091,-0.075923,1.778359,-0.038820
-3.719143,-0.132663,-3.400395,-0.069284
-1.444326,-0.077442,-1.642564,-0.037179
3.710963,-0.079607,3.127000,-0.041600
3.307979,-0.074260,2.269353,-0.034164
-0.192700,-0.109916,-0.182873,-0.046071
4.093529,-0.100999,1.858415,-0.046593
4.565265,-0.119663,1.617986,-0.052091
2.824040,-0.084997,0.213636,-0.041714
-3.152335,-0.078355,-4.322154,-0.040554
3.969738,-0.098113,4.021223,-0.058605
-4.538136,-0.089344,-1.795676,-0.038897
-6.453911,-0.102849,-3.469148,-0.044217
3.787966,-0.111530,2.062563,-0.044170
4.778056,-0.078094,2.362418,-0.035041
3.178124,-0.102672,4.681080,-0.060930
-0.934554,-0.105506,-2.570659,-0.068039
-2.112421,-0.091763,-2.860838,-0.060695
-1.522482,-0.116033,0.272608,-0.051267
-5.397106,-0.130188,-3.734955,-0.064750
-1.561488,-0.104558,-0.310893,-0.046835
-1.742179,-0.102290,-4.111180,-0.036761
2.241712,-0.080604,1.584043,-0.034108
-0.486766,-0.119127,-2.804290,-0.065819
6.633695,-0.075678,4.140737,-0.042588
-0.486159,-0.103734,1.077839,-0.055645
5.001448,-0.113563,4.664558,-0.059694
-3.005485,-0.108371,-4.243766,-0.038784
-3.396060,-0.114136,-2.578471,-0.040237
-3.350959,-0.092725,-2.957109,-0.062187
1.641829,-0.076860,1.133984,-0.035813
4.240061,-0.105985,3.236276,-0.053305
-6.397120,-0.075503,-3.850918,-0.043741
-3.406987,-0.107429,-4.567113,-0.043996
3.035889,-0.112602,2.832888,-0.065322
-0.673282,-0.097968,0.457123,-0.066568
0.168878,-0.092526,-2.641780,-0.041142
0.467140,-0.103887,-0.265049,-0.063993
1.663278,-0.106204,-1.312379,-0.047156
-6.913464,-0.084052,-3.776853,-0.041572
1.519813,-0.105010,-0.104577,-0.060301
-0.367071,-0.088259,1.982603,-0.041396
-5.408555,-0.078281,-2.603801,-0.043162
-0.745286,-0.083404,-3.555988,-0.045521
2.098813,-0.088157,0.997229,-0.043610
5.359914,-0.070421,2.592033,-0.037803
2.930184,-0.101172,3.648410,-0.053178
4.501800,-0.094913,4.694140,-0.045657
4.067517,-0.087816,0.963917,-0.034371
3.724214,-0.128872,3.573510,-0.063521
3.622673,-0.073588,3.524270,-0.041531
-0.972097,-0.087402,0.680269,-0.044534
2.687017,-0.108315,1.910835,-0.042276
-2.220246,-0.072743,-3.030430,-0.042627
5.229393,-0.103687,2.362768,-0.051164
-3.390414,-0.088565,-1.679675,-0.048562
1.071734,-0.092915,1.660401,-0.039854
0.480930,-0.115404,2.209290,-0.063179
-4.446377,-0.081704,-1.927453,-0.043626
-6.402676,-0.081680,-4.155041,-0.036386
1.600678,-0.142075,3.369314,-0.069359
-4.582962,-0.114118,-2.197763,-0.057905
-1.291871,-0.069463,-1.554347,-0.036883
4.927856,-0.110998,4.136380,-0.046954
-0.802843,-0.099546,0.458518,-0.048969
3.627573,-0.114891,2.214786,-0.036259
-2.057215,-0.093982,-2.211350,-0.052859
-0.594788,-0.082677,-3.178960,-0.040046
2.467019,-0.138187,0.354585,-0.063895
-3.560997,-0.129363,-0.983351,-0.068528
3.433522,-0.100623,3.186326,-0.051108
-1.959353,-0.089097,-1.630117,-0.049258
4.038776,-0.082945,4.223897,-0.052194
-5.727566,-0.077530,-4.299585,-0.045783
-4.247446,-0.115919,-2.426024,-0.051482
0.538299,-0.105172,-0.954652,-0.038413
4.198359,-0.094355,1.905641,-0.053806
-3.002978,-0.097066,-2.306471,-0.048076
-5.894786,-0.064339,-4.182215,-0.034115
-2.235258,-0.095021,-3.679877,-0.048635
-4.504692,-0.095090,-3.164737,-0.040822
-5.919292,-0.119125,-4.637380,-0.069328
4.219378,-0.099952,3.797789,-0.049285
2.895006,-0.116129,1.155629,-0.059414
-2.119930,-0.112409,-2.453697,-0.036864
1.312168,-0.083541,1.313614,-0.048478
1.559494,-0.082691,-0.301953,-0.035040
3.460382,-0.090138,2.106523,-0.045417
3.500285,-0.103649,3.487652,-0.044796
1.354379,-0.088184,-1.539502,-0.046124
0.776940,-0.079331,0.048319,-0.035158
-3.939010,-0.083281,-3.644243,-0.042046
-4.769734,-0.101403,-3.113256,-0.048733
1.797338,-0.097128,0.704312,-0.047219
-3.295519,-0.088107,-2.146681,-0.038135
-2.254283,-0.139450,-1.080606,-0.060486
-3.457389,-0.148154,-2.416032,-0.071390
-2.329513,-0.096049,-1.284622,-0.045652
3.278247,-0.118133,4.351098,-0.057783
1.601345,-0.121449,0.980723,-0.067711
-2.705417,-0.070812,-2.942002,-0.036091
3.005950,-0.099681,3.723754,-0.063245
-0.908959,-0.114957,-1.584700,-0.059323
0.404585,-0.097030,-0.637325,-0.036912
-4.647728,-0.110170,-2.206580,-0.063325
-3.562055,-0.093914,-1.634483,-0.056136
-1.959762,-0.102151,-4.304419,-0.037637
-3.065638,-0.117472,-0.450084,-0.057225
2.422475,-0.093635,4.306366,-0.044792
-2.402108,-0.098641,0.351453,-0.057697
4.921589,-0.124923,4.527178,-0.056253
-5.089591,-0.089773,-4.595701,-0.035637
4.111986,-0.079000,1.693268,-0.044484
-1.346598,-0.107649,1.062427,-0.046668
0.332081,-0.106301,-2.295356,-0.044742
4.267504,-0.091206,2.182981,-0.043814
-1.550658,-0.088754,-4.664806,-0.036556
2.095502,-0.080266,-0.076149,-0.038093
0.537090,-0.116862,-1.803519,-0.038919
-1.118397,-0.113353,1.151752,-0.071353
4.369170,-0.079573,3.944085,-0.044645
2.617372,-0.086823,3.725749,-0.042405
-1.947736,-0.125607,-4.635785,-0.052791
-1.689100,-0.096425,-0.524507,-0.038695
2.349905,-0.082048,3.425875,-0.046402
-5.029405,-0.091413,-3.333014,-0.034793
1.029593,-0.098096,-1.702416,-0.038243
-2.802357,-0.090403,-3.058888,-0.049865
3.636608,-0.072254,4.146758,-0.035155
-0.039818,-0.112142,-1.581415,-0.071446
0.855301,-0.077442,-1.415545,-0.034666
5.151172,-0.100402,4.022751,-0.045590
-1.030458,-0.096745,-0.189251,-0.039861
-2.026085,-0.087157,-0.528677,-0.039554
1.402576,-0.114617,0.616643,-0.044991
2.107576,-0.134646,0.953837,-0.064608
-0.733388,-0.092498,-0.006721,-0.056338
-2.811928,-0.093663,-3.269596,-0.042087
-3.296012,-0.069714,-3.259392,-0.037599
-3.848461,-0.101031,-3.995485,-0.034367
0.084057,-0.128834,2.838403,-0.047751
-0.536024,-0.105016,-1.411403,-0.049629
5.575786,-0.087757,2.678131,-0.047055
4.236555,-0.126367,1.758865,-0.056168
-7.179496,-0.099482,-4.710139,-0.067650
-4.337798,-0.105503,-2.113198,-0.052949
3.600428,-0.097584,3.788902,-0.056460
-0.504714,-0.074965,1.890818,-0.043275
2.952850,-0.088592,1.842724,-0.056034
-4.403263,-0.086807,-1.473511,-0.044339
-1.636023,-0.120056,0.452733,-0.049963
-0.710402,-0.112583,-0.307933,-0.054932
3.480373,-0.079381,3.781927,-0.048389
-6.962009,-0.071739,-4.512684,-0.038142
-3.116534,-0.083850,-4.105841,-0.034639
-3.741904,-0.096526,-1.729742,-0.042201
-4.991025,-0.106490,-3.910592,-0.068349
-1.841981,-0.090660,-2.361946,-0.055670
5.103050,-0.096878,2.310579,-0.054125
4.026713,-0.109367,2.843263,-0.046054
1.729742,-0.099387,2.633629,-0.056818
-6.107066,-0.089946,-4.170734,-0.045481
0.683624,-0.108725,-0.929686,-0.057505
-1.029369,-0.107461,-1.488404,-0.063498
4.221385,-0.119636,2.176561,-0.039725
-4.818408,-0.090707,-3.105115,-0.037105
7.762817,-0.095742,4.671302,-0.048362
-1.866153,-0.114322,-0.135253,-0.039855
2.751867,-0.118281,4.604933,-0.036601
-0.731995,-0.108496,-3.254601,-0.057700
0.414410,-0.093431,-1.075966,-0.043591
-1.461794,-0.081421,-2.131808,-0.048189
1.755763,-0.123919,2.103916,-0.060603
-1.998762,-0.119303,-3.207316,-0.054838
-6.510988,-0.073572,-3.755131,-0.038454
-0.630462,-0.098233,0.672802,-0.059784
-2.568765,-0.104310,0.007925,-0.042252
-2.574633,-0.095657,-0.688431,-0.036674
-3.660162,-0.101019,-0.955997,-0.051144
2.372895,-0.090980,4.197082,-0.037197
2.883065,-0.082662,1.834800,-0.037591
1.063092,-0.100606,2.231039,-0.051937
-2.271112,-0.117700,-3.009782,-0.037307
7.134382,-0.100437,4.181570,-0.041961
1.852737,-0.114254,0.314970,-0.045413
0.934858,-0.073753,1.889008,-0.042882
2.713268,-0.096857,1.622502,-0.040484
-0.176611,-0.141032,-3.182282,-0.066411
2.867960,-0.116887,3.111391,-0.053093
0.518675,-0.084376,0.622136,-0.039377
-1.816584,-0.090904,-0.165579,-0.042506
0.717220,-0.133569,1.750037,-0.054366
2.779019,-0.090338,-0.107041,-0.053985
1.989077,-0.082414,1.717486,-0.039634
2.257574,-0.123594,2.216057,-0.056645
-1.248300,-0.127842,-1.045181,-0.062602
-2.584204,-0.083443,-0.584155,-0.040546
-4.940280,-0.143910,-4.368340,-0.062956
-3.460256,-0.113101,-1.601943,-0.064907
-3.037719,-0.125268,-3.471212,-0.058384
-1.421123,-0.093754,1.576788,-0.034619
4.651336,-0.130514,1.685184,-0.067962
1.396258,-0.138192,-1.524087,-0.065193
2.371317,-0.084312,1.806437,-0.040825
-5.116618,-0.130610,-4.237531,-0.065226
-2.632043,-0.131850,-1.490729,-0.059632
3.353806,-0.075160,1.336979,-0.037568
-2.903795,-0.107516,-3.939913,-0.057435
5.408492,-0.122469,4.669192,-0.056402
7.120626,-0.090837,4.644004,-0.038181
-1.617212,-0.116332,1.467034,-0.059024
0.970510,-0.092361,-1.933829,-0.035927
6.333570,-0.104323,4.642472,-0.055585
-1.143885,-0.096038,-2.507362,-0.044942
-3.872536,-0.098445,-4.358010,-0.064835
-3.202646,-0.077997,-3.459589,-0.043533
0.942188,-0.082962,0.024747,-0.044953
-0.864681,-0.132939,-3.434105,-0.065068
0.992980,-0.080764,-2.114707,-0.045851
4.487564,-0.092826,2.819246,-0.056829
0.853991,-0.111127,2.224868,-0.040678
0.139575,-0.072501,1.144273,-0.038204
-1.716616,-0.110823,0.295418,-0.061796
1.839853,-0.079864,4.655124,-0.045251
2.595888,-0.111135,4.185831,-0.068644
-1.817846,-0.075988,-3.430501,-0.039701
-4.143396,-0.110794,-4.059049,-0.069640
4.777207,-0.093293,2.698734,-0.037839
1.056181,-0.091653,0.145687,-0.042611
0.280088,-0.099479,0.019858,-0.046012
-6.374899,-0.109783,-3.688752,-0.062094
2.133074,-0.075325,4.238653,-0.036481
-3.522762,-0.121380,-2.108899,-0.061037
-2.776248,-0.085074,-1.740669,-0.045544
1.914292,-0.084351,3.980344,-0.041175
-7.024449,-0.105953,-4.437688,-0.043554
1.472802,-0.124291,1.289445,-0.055989
4.107501,-0.087955,4.273030,-0.035111
2.249231,-0.101625,1.757185,-0.067287
4.225588,-0.107271,3.043448,-0.063966
-1.546303,-0.078763,-4.019708,-0.034093
1.067578,-0.121313,1.460982,-0.066446
5.250223,-0.116512,2.429867,-0.039725
0.574520,-0.073387,1.901734,-0.040188
4.292518,-0.095732,1.857238,-0.058582
0.218354,-0.109432,0.052454,-0.055919
5.426030,-0.113237,2.707066,-0.051627
1.455953,-0.072447,0.595848,-0.037262
4.679822,-0.104283,2.379912,-0.054923
-0.479254,-0.077033,2.537413,-0.038319
-3.179305,-0.099179,-4.602984,-0.052935
-2.799801,-0.092327,-2.270568,-0.037557
-2.132635,-0.107018,0.044165,-0.066877
5.218375,-0.086860,3.009870,-0.041203
-0.974871,-0.076741,-0.897406,-0.035958
-4.236748,-0.112360,-4.122981,-0.071112
2.532489,-0.097190,0.730383,-0.048272
-5.393658,-0.080014,-2.560465,-0.039336
7.419356,-0.101902,4.297894,-0.035650
-5.561020,-0.096732,-3.731938,-0.039966
-0.496158,-0.094940,2.431895,-0.040517
5.786027,-0.133637,3.448884,-0.060773
-1.921712,-0.090113,1.184492,-0.042213
-5.024419,-0.110634,-2.991192,-0.060328
0.704919,-0.080184,-0.974445,-0.043644
-0.525581,-0.119871,-2.433270,-0.065987
-2.771514,-0.117744,-4.676081,-0.040618
-5.147048,-0.116045,-4.453421,-0.056942
-4.136602,-0.084573,-3.334207,-0.045266
4.166177,-0.129388,3.530813,-0.049520
3.023070,-0.096962,1.110805,-0.042991
-3.789390,-0.093028,-4.454199,-0.051848
0.178897,-0.078140,1.953535,-0.041691
2.945422,-0.088891,2.174287,-0.051309
1.513439,-0.085094,1.524234,-0.039281
5.065502,-0.081966,2.679421,-0.042138
0.507648,-0.133023,-2.589008,-0.049654
4.132816,-0.101002,1.267274,-0.039380
2.483513,-0.120850,0.559507,-0.049001
-3.221098,-0.088643,-4.673513,-0.054164
7.496214,-0.084694,4.618150,-0.044652
-4.774388,-0.116878,-1.716484,-0.057125
-0.845651,-0.096452,-1.111532,-0.038455
-0.739554,-0.131266,-1.508739,-0.064964
-3.056121,-0.088264,-1.470794,-0.041568
3.101821,-0.088620,3.319411,-0.043748
-0.598446,-0.093723,-1.194718,-0.043960
1.628970,-0.116462,3.934277,-0.055519
-2.287367,-0.112096,-0.683735,-0.070178
-2.460597,-0.114343,-1.397432,-0.038714
4.827967,-0.089614,2.316867,-0.037434
1.362576,-0.120405,-0.024497,-0.061476
-3.430552,-0.075338,-1.064946,-0.040956
-3.970325,-0.080047,-4.561727,-0.045319
2.592910,-0.102159,0.142044,-0.037592
0.926412,-0.087533,1.189764,-0.044647
4.588074,-0.086644,4.503514,-0.044101
-3.695237,-0.129090,-4.148664,-0.058144
-3.959613,-0.107913,-1.689271,-0.058818
3.948025,-0.103725,4.626143,-0.053045
4.178867,-0.132102,1.389164,-0.055373
-2.584243,-0.143804,0.017783,-0.066255
0.366128,-0.071394,1.497641,-0.039497
-5.301559,-0.080557,-2.443351,-0.034824
-1.538925,-0.097494,1.008426,-0.047702
-3.373790,-0.078195,-0.956755,-0.035093
-1.562574,-0.090937,0.884021,-0.043517
-4.710814,-0.132279,-2.216651,-0.067141
-1.791955,-0.088778,-2.894728,-0.041647
3.491938,-0.139892,1.362505,-0.060113
-0.794937,-0.114941,-2.474278,-0.039524
4.643679,-0.092175,4.048096,-0.035972
4.721882,-0.083923,4.069418,-0.041369
-6.477922,-0.096947,-3.425760,-0.063519
3.451686,-0.097337,3.707332,-0.050436
4.219069,-0.112893,1.883289,-0.050437
-2.872541,-0.088511,-2.211011,-0.037678
-5.142585,-0.098745,-2.621411,-0.047518
1.938882,-0.083609,0.667929,-0.048611
-0.576501,-0.098460,-1.954126,-0.044564
0.313036,-0.098501,1.357112,-0.049554
0.108152,-0.084870,-2.482578,-0.035280
0.392401,-0.092974,0.272808,-0.056127
3.730278,-0.123903,4.062827,-0.061833
-3.154439,-0.097319,-4.624243,-0.061018
1.885196,-0.113645,4.573524,-0.035299
-0.602169,-0.108713,-1.950534,-0.039518
-0.659548,-0.115324,-3.558903,-0.053894
-0.148816,-0.071515,0.778629,-0.038318
-1.870495,-0.080164,-0.792837,-0.047952
-0.768627,-0.072806,-2.089809,-0.038371
2.854116,-0.083156,4.434932,-0.047199
2.849587,-0.121835,2.255684,-0.054639
-0.952063,-0.087788,-1.189144,-0.055748
-6.533713,-0.077984,-4.673233,-0.039264
-5.980569,-0.092818,-2.884053,-0.056843
-1.509204,-0.095618,-2.445991,-0.055235
-5.801685,-0.088721,-3.923604,-0.045679
1.081068,-0.089986,-0.870744,-0.051731
5.996404,-0.100955,3.705878,-0.045919
1.554376,-0.097048,-1.348805,-0.058926
-1.142617,-0.115803,1.311077,-0.056604
-2.671029,-0.110317,-1.272629,-0.050151
2.673448,-0.115815,-0.388527,-0.039304
-0.346317,-0.103398,0.450204,-0.042509
4.459333,-0.126743,2.440349,-0.052100
-1.754355,-0.086092,-1.982905,-0.052007
3.132789,-0.099838,2.913756,-0.034456
0.638673,-0.098827,2.009673,-0.057662
1.634689,-0.114686,3.085210,-0.045462
0.097386,-0.112421,2.487943,-0.034406
4.795098,-0.092562,2.885007,-0.057607
1.395352,-0.108527,3.354406,-0.050872
-1.725175,-0.100070,-0.319391,-0.052127
4.281893,-0.115992,3.465257,-0.063850
0.974373,-0.124799,-2.152872,-0.042341
-4.651845,-0.102844,-4.420815,-0.034426
1.377140,-0.110158,0.810776,-0.064507
2.143300,-0.086152,3.505341,-0.049578
-2.401802,-0.090056,-0.618632,-0.039669
-4.361423,-0.121140,-3.232390,-0.065226
-2.331870,-0.099546,-3.120858,-0.048209
-5.322986,-0.106261,-2.678772,-0.056730
0.226291,-0.108119,3.065305,-0.067850
0.164501,-0.088890,0.261390,-0.039129
-5.512565,-0.081587,-4.189270,-0.044676
-1.375426,-0.090201,1.330870,-0.045092
-0.622724,-0.080635,-0.222755,-0.047119
-7.535851,-0.118821,-4.446592,-0.045130
1.944060,-0.107757,4.622798,-0.037008
2.985361,-0.108343,3.884682,-0.053885
-0.477428,-0.121509,-1.404395,-0.061551
5.223651,-0.099217,2.597816,-0.062406
-0.965202,-0.103971,0.501942,-0.035093
-2.894633,-0.108812,-3.365681,-0.054800
7.344131,-0.078697,4.371222,-0.046888
1.299911,-0.108672,3.384957,-0.056564
0.326705,-0.098515,-2.416780,-0.063607
7.001995,-0.068535,4.176014,-0.038172
4.843770,-0.090331,4.021189,-0.037919
-6.070685,-0.098757,-3.445101,-0.044298
-0.908004,-0.098815,1.560473,-0.067017
-4.276961,-0.114001,-3.696802,-0.044023
-4.577886,-0.115039,-3.833126,-0.059948
-0.195686,-0.086701,-0.521163,-0.055250
-0.269221,-0.122038,1.938746,-0.063553
0.055241,-0.127254,-3.028164,-0.056763
-0.266418,-0.118817,-1.492177,-0.050232
4.381456,-0.068036,4.473195,-0.037487
1.996617,-0.095291,-1.080981,-0.064381
2.611128,-0.083000,4.422153,-0.051800
-2.654614,-0.097330,-3.617711,-0.064813
-3.078200,-0.124853,-3.117103,-0.054307
0.210724,-0.112088,-1.111586,-0.036382
5.795522,-0.095146,3.412106,-0.057825
-4.784189,-0.129616,-1.789948,-0.054204
-2.634927,-0.096112,-2.616709,-0.065320
2.177954,-0.111894,3.899865,-0.035406
1.991055,-0.078802,2.779896,-0.041784
-0.959490,-0.112900,0.199740,-0.041541
-1.588142,-0.099938,-0.327511,-0.065603
2.874822,-0.094345,3.642262,-0.058801
5.808688,-0.114871,4.444596,-0.050493
1.467476,-0.109495,2.731317,-0.069471
-5.602953,-0.111681,-3.083361,-0.058918
2.280172,-0.118889,0.580062,-0.041490
1.196585,-0.088680,4.290690,-0.041583
-4.478741,-0.115457,-3.165827,-0.035803
4.984458,-0.097982,3.275782,-0.041472
-0.690797,-0.077902,1.816630,-0.046410
-1.617455,-0.087005,-2.609263,-0.041652
5.358682,-0.096983,3.857672,-0.035577
-5.242766,-0.102845,-4.328408,-0.042208
-0.589462,-0.108956,-1.801073,-0.055632
-3.087464,-0.083400,-0.282883,-0.037966
2.450409,-0.105491,1.947472,-0.042227
-5.881033,-0.098466,-3.214426,-0.043609
-1.539125,-0.112625,-4.331996,-0.057077
-0.098546,-0.101627,1.688220,-0.064262
7.014163,-0.114781,4.116124,-0.043959
0.994886,-0.134701,3.258046,-0.061965
-1.446023,-0.109946,-3.533438,-0.061748
-0.770477,-0.098163,0.393860,-0.060445
3.440099,-0.119944,4.014628,-0.045864
1.531727,-0.073685,-0.834647,-0.040068
2.864953,-0.064799,0.188717,-0.034381
4.110479,-0.113493,1.711013,-0.038526
2.842415,-0.118568,0.369922,-0.050590
-4.586426,-0.087065,-2.405020,-0.048537
-1.234963,-0.109505,0.901973,-0.036398
2.466663,-0.133823,-0.631699,-0.059867
0.928667,-0.088601,0.424239,-0.034833
-1.136306,-0.095950,-3.392635,-0.038406
1.330993,-0.081730,-0.858269,-0.035168
-1.333001,-0.088691,-1.401864,-0.050263
2.399893,-0.082491,4.200833,-0.050972
3.746865,-0.090658,3.496442,-0.049267
1.119917,-0.098499,3.340551,-0.037065
4.672565,-0.082688,2.207433,-0.049610
6.069194,-0.080752,3.192312,-0.036195
4.122539,-0.111143,1.501376,-0.053526
-0.905944,-0.067093,0.074216,-0.035637
0.781545,-0.080423,-0.772550,-0.035462
-1.032366,-0.095051,1.218267,-0.052532
-5.977826,-0.083738,-3.357002,-0.050109
-3.584533,-0.118236,-0.522516,-0.054912
1.740441,-0.076709,2.037125,-0.041758
-5.336110,-0.123645,-2.226042,-0.063581
-0.369147,-0.091864,-1.205938,-0.039246
-0.617417,-0.135307,-2.320278,-0.053984
-1.719162,-0.071033,-0.398163,-0.038477
-1.321045,-0.109194,-2.165180,-0.045004
1.288854,-0.116045,0.107660,-0.057637
3.519343,-0.089103,4.520859,-0.051354
-4.631607,-0.098816,-3.626101,-0.056099
-1.392956,-0.119222,-3.000808,-0.049741
5.601191,-0.103616,3.264242,-0.034750
3.099533,-0.124377,3.675471,-0.070332
-6.904993,-0.115453,-4.475216,-0.054549
5.373881,-0.102469,3.386161,-0.066655
2.898068,-0.088427,1.001129,-0.044319
0.012091,-0.082343,1.983701,-0.046755
-2.665258,-0.108016,-1.264428,-0.067479
-1.597892,-0.082866,-1.791170,-0.036305
1.738698,-0.109741,0.087787,-0.063212
4.275101,-0.100036,3.359579,-0.050533
4.230954,-0.131637,1.602430,-0.053689
1.289812,-0.087621,0.832014,-0.053901
0.822919,-0.105023,1.849766,-0.044850
1.351382,-0.122125,-0.406967,-0.040590
-1.851065,-0.113532,0.972349,-0.047190
2.081256,-0.136368,-0.117057,-0.065045
-7.068784,-0.087355,-4.311886,-0.046761
5.345209,-0.096348,4.150775,-0.061144
1.874070,-0.082219,1.891808,-0.050130
-1.544924,-0.105593,-2.157298,-0.035154
2.475309,-0.124632,4.077374,-0.043908
2.250467,-0.086742,0.700252,-0.036101
-2.633875,-0.112317,-4.352128,-0.053070
-2.843733,-0.091701,-3.208730,-0.046809
-2.094730,-0.085115,-3.258522,-0.047000
-6.060578,-0.084161,-3.370855,-0.042795
-0.958920,-0.082070,-1.165484,-0.037738
5.759889,-0.137524,3.287539,-0.067421
4.309717,-0.125762,3.274160,-0.048475
-0.292672,-0.103808,1.076140,-0.066756
1.269297,-0.095770,-0.698927,-0.058863
0.436660,-0.150735,1.751271,-0.069832
-5.662598,-0.094850,-4.394443,-0.050296
-2.611798,-0.099687,0.043652,-0.058693
-5.779792,-0.119328,-2.678348,-0.059757
-3.245457,-0.081837,-1.629409,-0.035200
-2.262658,-0.074080,0.540258,-0.036751
0.958587,-0.109165,1.811748,-0.042170
1.105828,-0.133246,0.747661,-0.064625
-4.057014,-0.138377,-4.189680,-0.066355
1.929845,-0.099697,-1.153796,-0.050860
0.544657,-0.095428,1.762966,-0.047090
2.798552,-0.119787,0.966910,-0.044903
-3.141757,-0.130454,-2.384332,-0.056975
-2.201136,-0.138250,-4.116598,-0.065783
-3.972673,-0.107299,-1.818618,-0.049316
-0.705238,-0.144089,-0.625585,-0.061825
0.448750,-0.080470,0.194787,-0.034407
0.433427,-0.117132,0.545477,-0.067063
6.305807,-0.081120,3.422435,-0.049364
-4.014355,-0.081463,-2.186554,-0.038499
2.106021,-0.087852,-0.341131,-0.041435
4.072754,-0.112643,3.701202,-0.056648
-6.461754,-0.099218,-4.006976,-0.049262
1.005331,-0.095330,3.139937,-0.036945
-3.677233,-0.136943,-2.856754,-0.054966
1.690812,-0.114561,1.471506,-0.052536
1.965664,-0.128568,2.919283,-0.061569
-1.344830,-0.080587,-0.174663,-0.046922
2.481207,-0.078078,3.157779,-0.047875
1.868758,-0.125105,-1.123142,-0.043039
-2.154404,-0.083453,-3.603297,-0.048507
-4.816246,-0.089567,-3.813592,-0.043802
