-0.0534661245,0.1131461811,0.0861737213
-0.0509747484,0.1144843091,0.0849676496
-0.0479463615,0.1148188400,0.0829956741
-0.0495075048,0.1154878998,0.0845568212
-0.0468636948,0.1161448023,0.0845284373
-0.0430287494,0.1173724291,0.0843784046
-0.0390174139,0.1183587924,0.0843216359
-0.0355315289,0.1187217102,0.0837390789
-0.0322233877,0.1188332214,0.0836647339
-0.0346989174,0.1196169771,0.0850602105
-0.0308324393,0.1201009148,0.0850204683
-0.0270567342,0.1205678256,0.0854241237
-0.0231910368,0.1210315677,0.0861498260
-0.0573132362,0.1108044586,0.0903553619
-0.0573132362,0.1114735260,0.0900208282
-0.0547113268,0.1126778403,0.0889577667
-0.0511551296,0.1143545934,0.0886758815
-0.0492844849,0.1154878998,0.0886827087
-0.0469495934,0.1161433127,0.0887168445
-0.0429685334,0.1175218524,0.0886291838
-0.0390618296,0.1186309453,0.0887216077
-0.0365722923,0.1188332189,0.0890172399
-0.0372413521,0.1195022812,0.0883481766
-0.0346895815,0.1196578763,0.0886904886
-0.0307514475,0.1202549744,0.0885823494
-0.0270301841,0.1207129669,0.0887942191
-0.0227709280,0.1209804434,0.0884882140
-0.0188626112,0.1210998383,0.0888806950
-0.0148695709,0.1210703964,0.0893935845
-0.0108133768,0.1213293363,0.0898664298
-0.0070548190,0.1217062504,0.0901585774
-0.0044572778,0.1221785278,0.0903553619
-0.0585923269,0.1103518652,0.0931103302
-0.0574805026,0.1114735260,0.0925298204
-0.0549656495,0.1124712527,0.0926912174
-0.0510732038,0.1142317041,0.0926629505
-0.0492844849,0.1154878998,0.0926970863
-0.0468591332,0.1160733337,0.0926970863
-0.0429283895,0.1174950905,0.0926970863
-0.0389618029,0.1185464783,0.0926970863
-0.0365722923,0.1188332214,0.0926970863
-0.0346606854,0.1195978612,0.0926970863
-0.0308852599,0.1201713409,0.0926970863
-0.0267644416,0.1204146382,0.0926514685
-0.0228565057,0.1208404083,0.0926970863
-0.0187969226,0.1208584910,0.0926518794
-0.0149987370,0.1212864477,0.0927045202
-0.0108611671,0.1218917879,0.0926970863
-0.0068717250,0.1226148761,0.0925516371
-0.0030235752,0.1226564331,0.0916934894
-0.0001083741,0.1228475952,0.0923625526
-0.0051263404,0.1235166550,0.0933661480
-0.0026651493,0.1236600266,0.0934378330
0.0010496195,0.1238254553,0.0935720133
0.0043241668,0.1240184555,0.0941188402
-0.0637529645,0.1065391865,0.0982168512
-0.0621639411,0.1081282117,0.0973327321
-0.0592606881,0.1100039801,0.0967114615
-0.0573132362,0.1114735260,0.0967114614
-0.0548600078,0.1123656116,0.0967114614
-0.0510407748,0.1142334108,0.0967114614
-0.0486154251,0.1148188375,0.0977150548
-0.0492844849,0.1154878998,0.0960423985
-0.0467584323,0.1160067684,0.0966773255
-0.0429283895,0.1174950905,0.0967114614
-0.0389618029,0.1185464783,0.0967114614
-0.0365722923,0.1188332214,0.0967114614
-0.0346606854,0.1195978612,0.0967114614
-0.0308852599,0.1201713409,0.0967114614
-0.0267948536,0.1204450503,0.0967266672
-0.0228565057,0.1208404083,0.0967114614
-0.0187969226,0.1208584910,0.0967566683
-0.0150533685,0.1213694323,0.0967036814
-0.0108611671,0.1218917879,0.0967114614
-0.0069423714,0.1226564331,0.0967114614
-0.0044572778,0.1228475927,0.0977150548
-0.0051263404,0.1235166550,0.0960423985
-0.0026834875,0.1237656103,0.0967192411
0.0011799283,0.1245843110,0.0965762251
0.0051797954,0.1249834473,0.0966342614
0.0090745128,0.1250220470,0.0970125380
0.0131128881,0.1250874985,0.0979186823
0.0156145992,0.1251893120,0.0983841171
-0.0773851242,0.0954160233,0.1023984909
-0.0747929899,0.0977108197,0.1025048336
-0.0735380096,0.0995976620,0.1022312279
-0.0710476104,0.1013632454,0.1018223568
-0.0681297506,0.1025526886,0.1008373464
-0.0695475311,0.1036359384,0.1019205933
-0.0667505434,0.1050411352,0.1009782042
-0.0644499054,0.1065298941,0.1006514999
-0.0625592981,0.1080369762,0.1007258401
-0.0591136249,0.1099529314,0.1007197579
-0.0573132362,0.1114735260,0.1007258403
-0.0548600078,0.1123656116,0.1007258403
-0.0510407748,0.1142334108,0.1007258403
-0.0486154251,0.1148188400,0.1007258403
-0.0467754998,0.1159897003,0.1007258403
-0.0429283895,0.1174950905,0.1007258403
-0.0389618029,0.1185464783,0.1007258403
-0.0365722923,0.1188332214,0.1007258403
-0.0346606854,0.1195978612,0.1007258403
-0.0308852599,0.1201713409,0.1007258403
-0.0269186731,0.1205536652,0.1007258403
-0.0228565057,0.1208404083,0.1007258403
-0.0185853967,0.1209493250,0.1007647391
-0.0148277543,0.1215094681,0.1007258403
-0.0108611671,0.1218917879,0.1007258403
-0.0068845788,0.1225830802,0.1007025008
-0.0042342579,0.1228475944,0.1010603714
0.0508519020,0.1228475952,0.1001682866
0.0535170052,0.1228475952,0.1007592934
0.0567315428,0.1227867709,0.1019119048
-0.0024664127,0.1236635234,0.1006524066
0.0012530909,0.1244969128,0.1007025008
0.0051429905,0.1252748892,0.1007180605
0.0092148699,0.1258729205,0.1006967503
0.0132651014,0.1259439539,0.1006247025
0.0170832752,0.1258175791,0.1008155912
0.0212124265,0.1258360733,0.1014618073
0.0254429002,0.1256853411,0.1016602189
0.0293479960,0.1253653809,0.1011484046
0.0334283944,0.1250722265,0.1010101906
0.0373135197,0.1247787526,0.1010755764
0.0412502654,0.1243970040,0.1011836188
0.0454994036,0.1239403974,0.1015287132
0.0493353600,0.1235434177,0.1014350461
0.0531608265,0.1235166550,0.1017294320
0.0560928917,0.1235166550,0.1023984909
-0.0858599150,0.0891342655,0.1060411665
-0.0843545214,0.0903980503,0.1050189877
-0.0825991941,0.0924744511,0.1050862792
-0.0798606524,0.0940946234,0.1043220476
-0.0782432676,0.0962741681,0.1050747442
-0.0758053058,0.0978926695,0.1043189170
-0.0740589220,0.0999656464,0.1049791643
-0.0715865761,0.1018836274,0.1045915331
-0.0696431122,0.1035403584,0.1045490532
-0.0671261553,0.1049501659,0.1047402140
-0.0644499054,0.1065670649,0.1047402140
-0.0624745794,0.1079370520,0.1047402140
-0.0590974053,0.1099123823,0.1047402140
-0.0573132362,0.1114735260,0.1047402140
-0.0548600078,0.1123656116,0.1047402140
-0.0510407748,0.1142334108,0.1047402140
-0.0486154251,0.1148188400,0.1047402140
-0.0467754998,0.1159897003,0.1047402140
-0.0428614833,0.1174415652,0.1047669765
-0.0389618029,0.1185464783,0.1047402140
-0.0365722923,0.1188332214,0.1047402140
-0.0346606854,0.1195978612,0.1047402140
-0.0309304669,0.1201532580,0.1047854210
-0.0269186731,0.1205536652,0.1047402140
-0.0228565057,0.1208404083,0.1047402140
-0.0187660998,0.1211141146,0.1047554198
-0.0148277543,0.1215094681,0.1047402140
-0.0108989546,0.1219140158,0.1047635534
-0.0067685888,0.1224826494,0.1047402139
-0.0041227479,0.1228475952,0.1047402140
0.0582115945,0.1226989136,0.1038853001
0.0601550636,0.1228475952,0.1057438060
-0.0022270732,0.1236281662,0.1047402140
0.0012775415,0.1244724622,0.1047402140
0.0052207883,0.1252126511,0.1047635534
0.0092507251,0.1258661554,0.1047479938
0.0134066938,0.1262598150,0.1046064011
0.0172089627,0.1265345568,0.1046761543
0.0213016350,0.1265730568,0.1046793896
0.0253237900,0.1264418617,0.1048413505
0.0292999770,0.1262081145,0.1047098014
0.0333143493,0.1259648181,0.1045881538
0.0374374322,0.1257516098,0.1047758015
0.0413521609,0.1252676064,0.1046903894
0.0453944522,0.1247891880,0.1047336538
0.0493301129,0.1240938884,0.1047336538
0.0534166454,0.1237143340,0.1049226849
0.0571173954,0.1235584717,0.1050747442
0.0599957644,0.1235166550,0.1061898473
-0.0897627831,0.0827038269,0.1104272461
-0.0895499004,0.0842852492,0.1100623023
-0.0881131950,0.0861183558,0.1089968383
-0.0864298579,0.0887625652,0.1086802511
-0.0847448072,0.0904284633,0.1089066516
-0.0829571562,0.0928338561,0.1087232293
-0.0804795346,0.0945796967,0.1089218574
-0.0786074465,0.0964582163,0.1087417250
-0.0760685757,0.0982865160,0.1088948790
-0.0741513151,0.0999136079,0.1086802514
-0.0712201845,0.1018915928,0.1087784868
-0.0695236359,0.1034447784,0.1084200602
-0.0670518152,0.1048041406,0.1087492816
-0.0641711302,0.1066228199,0.1087545916
-0.0622679183,0.1080016331,0.1087093846
-0.0590974053,0.1099123823,0.1087545916
-0.0566441765,0.1108044586,0.1104272461
-0.0573132362,0.1114735260,0.1087545916
-0.0548600078,0.1123656116,0.1087545916
-0.0509912778,0.1142043954,0.1087614189
-0.0486154251,0.1148188400,0.1087545916
-0.0467584319,0.1159658051,0.1087750731
-0.0427611241,0.1173278255,0.1087545916
-0.0389373521,0.1185220273,0.1087779310
-0.0363492724,0.1188332206,0.1090891232
-0.0348012446,0.1195022812,0.1086758784
-0.0311242112,0.1200757610,0.1087545916
-0.0269186731,0.1205536652,0.1087545916
-0.0227684713,0.1208756220,0.1088250190
-0.0190366243,0.1213694323,0.1086690138
-0.0146525237,0.1216209780,0.1088820319
-0.0109471893,0.1220948954,0.1086542320
-0.0069510606,0.1226195041,0.1087850035
-0.0041531597,0.1228475952,0.1086025321
0.0615569089,0.1228475952,0.1085315698
-0.0023444525,0.1236222972,0.1088250190
0.0012775415,0.1244724622,0.1087545916
0.0052519079,0.1251815322,0.1087623713
0.0092662846,0.1258505957,0.1087623713
0.0132728812,0.1261929092,0.1087545916
0.0172172389,0.1265818973,0.1087156926
0.0213016351,0.1268619690,0.1087545916
0.0253160102,0.1268619690,0.1087545916
0.0293378222,0.1265348729,0.1087025533
0.0333447612,0.1261929092,0.1087545916
0.0373591372,0.1261929092,0.1087545916
0.0413735136,0.1259020104,0.1086818670
0.0453878926,0.1255238424,0.1087545913
0.0494825539,0.1250555000,0.1087144472
0.0533584659,0.1244184388,0.1088854947
0.0575321569,0.1240612447,0.1085445367
0.0606807553,0.1236600266,0.1091369125
-0.0934426270,0.0786894531,0.1144416199
-0.0927735672,0.0786894531,0.1144416199
-0.0914198779,0.0813968233,0.1130879366
-0.0898488028,0.0841757673,0.1128167565
-0.0882239349,0.0861829559,0.1127689667
-0.0863969865,0.0887663582,0.1127348309
-0.0845775418,0.0904816837,0.1129362321
-0.0827822239,0.0925836539,0.1126797583
-0.0803959023,0.0945462429,0.1129027790
-0.0785097150,0.0961847328,0.1126906722
-0.0757443208,0.0981082021,0.1128486168
-0.0738792310,0.0997247833,0.1126217731
-0.0711585202,0.1015562904,0.1127581754
-0.0686873016,0.1027757111,0.1134380283
-0.0693563690,0.1034447784,0.1117653732
-0.0668635671,0.1046426134,0.1127581754
-0.0640573898,0.1064956982,0.1127288229
-0.0621594214,0.1079473848,0.1127599252
-0.0590528011,0.1098312833,0.1127385548
-0.0566441765,0.1108044662,0.1127689667
-0.0548316231,0.1123128973,0.1127628842
-0.0508956973,0.1140678518,0.1127348309
-0.0486154251,0.1148188400,0.1127689667
-0.0467866508,0.1158447357,0.1127020604
-0.0429551524,0.1171337979,0.1127555853
-0.0390158268,0.1183677833,0.1128271459
-0.0362377625,0.1188332214,0.1127689667
-0.0345651039,0.1195022812,0.1127689667
-0.0311242112,0.1200757610,0.1127689667
-0.0270685610,0.1206579354,0.1127537604
-0.0227301274,0.1210931642,0.1127615323
-0.0187969226,0.1215275508,0.1128141735
-0.0149690009,0.1219406399,0.1127615323
-0.0106188820,0.1223185652,0.1128545440
-0.0068870352,0.1228123811,0.1126985391
-0.0044572778,0.1228475952,0.1114308434
0.0624489937,0.1228475952,0.1110963135
-0.0052378516,0.1235166550,0.1133265165
-0.0025869474,0.1236991279,0.1127841724
0.0012375313,0.1245124725,0.1127767464
0.0051429905,0.1252748894,0.1127767464
0.0091573673,0.1259439539,0.1127767464
0.0133180881,0.1262109919,0.1128141735
0.0171199916,0.1266490863,0.1127841724
0.0213016351,0.1268619690,0.1127689667
0.0253160102,0.1268619690,0.1127689667
0.0295056195,0.1267504590,0.1126415260
0.0332332507,0.1263203492,0.1129282666
0.0373591372,0.1261929092,0.1127689667
0.0413735135,0.1261929092,0.1127689667
0.0455187960,0.1259601902,0.1127107869
0.0494858992,0.1254903891,0.1127355135
0.0532892047,0.1249344321,0.1128167567
0.0572485478,0.1243833991,0.1127689662
0.0614379641,0.1238437546,0.1127764002
0.0637871208,0.1235166550,0.1137725601
-0.0940161111,0.0774277921,0.1171943405
-0.0927735596,0.0786894531,0.1151106873
-0.0934426270,0.0793585205,0.1167833455
-0.0918368748,0.0811345743,0.1167772630
-0.0899164835,0.0842046995,0.1167923869
-0.0882239349,0.0861829559,0.1167833455
-0.0864174681,0.0887253952,0.1167833455
-0.0845217870,0.0905095622,0.1167833455
-0.0825987576,0.0924746683,0.1167644098
-0.0801767255,0.0942855377,0.1168179521
-0.0782478598,0.0959618366,0.1167657386
-0.0755385046,0.0979316975,0.1167833456
-0.0735937653,0.0996534170,0.1167833455
-0.0709858587,0.1013944198,0.1167401802
-0.0686873016,0.1027757111,0.1167833455
-0.0668139267,0.1045821823,0.1167833455
-0.0640038652,0.1064555550,0.1167833455
-0.0621413385,0.1079293023,0.1168104696
-0.0590649658,0.1098434482,0.1168015926
-0.0566441765,0.1108044662,0.1164488144
-0.0573132362,0.1114735260,0.1181214676
-0.0548559526,0.1123372270,0.1167650983
-0.0509571418,0.1141497781,0.1167833453
-0.0486154251,0.1148188400,0.1167833455
-0.0467615609,0.1159200058,0.1168251618
-0.0428299981,0.1172720705,0.1166980728
-0.0389444247,0.1184682756,0.1167529335
-0.0363492724,0.1188332214,0.1164488144
-0.0372413521,0.1195022812,0.1184559937
-0.0345814229,0.1196491480,0.1168567790
-0.0307291455,0.1203348909,0.1167610431
-0.0267386267,0.1209337653,0.1168689227
-0.0229265239,0.1214472300,0.1167288864
-0.0188777181,0.1218795862,0.1167477566
-0.0147380021,0.1222764401,0.1169546901
-0.0109502307,0.1226499162,0.1167073154
-0.0073743947,0.1228475952,0.1166093893
-0.0059010483,0.1235166550,0.1170122347
-0.0027768447,0.1238434088,0.1167911253
0.0011689280,0.1246266936,0.1168289632
0.0051277699,0.1254511185,0.1168269799
0.0090708408,0.1261113157,0.1166772746
0.0135009708,0.1263601740,0.1167985514
0.0172872575,0.1268619690,0.1167833455
0.0211698499,0.1268619690,0.1166515605
0.0253829163,0.1268619690,0.1161811890
0.0294216249,0.1268619690,0.1166312859
0.0334451209,0.1267783365,0.1166495329
0.0373665715,0.1265348731,0.1167759108
0.0413812933,0.1263485045,0.1169933992
0.0453426855,0.1262109919,0.1168285522
0.0493149980,0.1258001958,0.1167978899
0.0534748248,0.1252184015,0.1167978899
0.0575871340,0.1246317622,0.1167610431
0.0616167434,0.1240878101,0.1166935931
0.0640260683,0.1237078171,0.1173090368
0.0222308894,0.1275310364,0.1179356181
0.0253160102,0.1275310364,0.1177869390
0.0290627636,0.1275310364,0.1181883728
0.0316721020,0.1275310364,0.1184559937
-0.0958780157,0.0737116263,0.1213731149
-0.0943147982,0.0768973210,0.1208574585
-0.0927735596,0.0786894531,0.1218013153
-0.0934426270,0.0793585205,0.1201286564
-0.0918368749,0.0811345742,0.1208038029
-0.0898984006,0.0841866166,0.1207705965
-0.0882239349,0.0861829559,0.1207977206
-0.0863150601,0.0885069253,0.1207226215
-0.0842492046,0.0903361008,0.1209587914
-0.0823659186,0.0922193868,0.1207010781
-0.0799029079,0.0942363592,0.1208505414
-0.0779678537,0.0959340065,0.1207437638
-0.0754735097,0.0978191860,0.1208318566
-0.0735937653,0.0996534170,0.1207977206
-0.0709906356,0.1014375853,0.1207812681
-0.0686873016,0.1027757111,0.1207977206
-0.0668743586,0.1046534049,0.1207977204
-0.0641376773,0.1065759857,0.1207575766
-0.0622317523,0.1080558812,0.1208248448
-0.0591531602,0.1099800850,0.1208096679
-0.0573132362,0.1114735260,0.1207977206
-0.0549539114,0.1124595150,0.1208153273
-0.0511310980,0.1142969720,0.1208111017
-0.0486154251,0.1148188400,0.1191250610
-0.0493800648,0.1154878998,0.1210366701
-0.0468837309,0.1161307292,0.1207911607
-0.0429541226,0.1175208236,0.1207719873
-0.0391688939,0.1186101990,0.1207499299
-0.0374643762,0.1195022812,0.1211322522
-0.0348692244,0.1198216052,0.1207673085
-0.0309635547,0.1206553468,0.1208333089
-0.0269823937,0.1213459201,0.1207456818
-0.0229874096,0.1219458114,0.1207395408
-0.0188346954,0.1224164185,0.1209389665
-0.0149664624,0.1227496829,0.1206590122
-0.0108611670,0.1228475952,0.1207499302
-0.0080999557,0.1228475952,0.1200914866
-0.0096759701,0.1235166550,0.1222027527
-0.0067006092,0.1235166550,0.1208764337
-0.0029258712,0.1240073042,0.1208348904
0.0012163704,0.1248681633,0.1207843391
0.0053809820,0.1257671391,0.1207521024
0.0092585048,0.1261929092,0.1207977206
0.0135118318,0.1262884892,0.1207977206
0.0172872575,0.1268619690,0.1207977206
0.0205889376,0.1268619690,0.1208704449
0.0336792935,0.1268619690,0.1193480835
0.0375025081,0.1268619690,0.1199852862
0.0414647488,0.1268619690,0.1206456604
0.0454399308,0.1266686851,0.1206118691
0.0493718543,0.1262385264,0.1208281323
0.0533200028,0.1256427875,0.1208051544
0.0573195090,0.1250183300,0.1208497582
0.0613290392,0.1244329836,0.1208413547
0.0642650196,0.1241857224,0.1209888818
0.0221714165,0.1275310364,0.1206639080
0.0253160102,0.1275310364,0.1207977206
0.0293303890,0.1275310364,0.1207977206
0.0332660479,0.1275310364,0.1208961119
0.0371700541,0.1275310364,0.1214813272
0.0409781595,0.1275310364,0.1221054341
-0.0974570007,0.0703930725,0.1259495041
-0.0967879353,0.0706606979,0.1254811611
-0.0959157688,0.0731218961,0.1247523590
-0.0940570733,0.0768597705,0.1247779610
-0.0927735605,0.0785221872,0.1251466284
-0.0915541415,0.0810743386,0.1248228883
-0.0897866756,0.0839941641,0.1246926210
-0.0881235760,0.0858818768,0.1248790033
-0.0862229722,0.0882430475,0.1248509960
-0.0841139760,0.0901590999,0.1250319321
-0.0822058014,0.0920535509,0.1247005864
-0.0798492285,0.0939147097,0.1248528936
-0.0779388288,0.0959235871,0.1247544190
-0.0754314548,0.0976908356,0.1248656219
-0.0735937653,0.0996534170,0.1248120969
-0.0710893497,0.1014595222,0.1248066127
-0.0686873016,0.1027757111,0.1231394348
-0.0693563690,0.1034447784,0.1248120969
-0.0669822716,0.1047505272,0.1248444707
-0.0643912159,0.1065788028,0.1247240621
-0.0625057463,0.1081282125,0.1249139106
-0.0593613888,0.1100807863,0.1247233435
-0.0576173574,0.1114735260,0.1249641571
-0.0550432038,0.1126324400,0.1248718345
-0.0514828339,0.1143409391,0.1248120969
-0.0496190147,0.1154878998,0.1248120969
-0.0469923259,0.1164047688,0.1248616570
-0.0429352169,0.1178364485,0.1248052695
-0.0396053772,0.1187440125,0.1246336800
-0.0378710630,0.1195022812,0.1249104888
-0.0348728731,0.1200776735,0.1248790030
-0.0308125357,0.1210294901,0.1247248275
-0.0267742409,0.1217919600,0.1247749266
-0.0227348583,0.1223914129,0.1248729206
-0.0189301638,0.1228123811,0.1247416691
-0.0150906004,0.1228475952,0.1244536702
-0.0117333374,0.1228475952,0.1235576019
-0.0171694775,0.1235166550,0.1264847488
-0.0144145101,0.1235166550,0.1257369766
-0.0107346640,0.1235166550,0.1249104888
-0.0066680971,0.1237493741,0.1248702759
-0.0026285101,0.1243492701,0.1247897946
0.0013057813,0.1251284884,0.1248273028
0.0051833039,0.1259039938,0.1248120967
0.0092585048,0.1261929092,0.1248120969
0.0135296142,0.1263018259,0.1248509958
0.0172872575,0.1268619690,0.1248120969
0.0208184227,0.1268619690,0.1249236074
0.0430461769,0.1268619690,0.1231394348
0.0459454442,0.1268619690,0.1242545438
0.0495732492,0.1266538171,0.1247749264
0.0535132874,0.1260144911,0.1247749262
0.0574918433,0.1254174009,0.1247816849
0.0614220585,0.1248859012,0.1248043167
0.0647367561,0.1244662958,0.1249739668
0.0223888621,0.1275310364,0.1246448312
0.0253160102,0.1275310364,0.1248120969
0.0294865037,0.1277689214,0.1247451904
0.0333525411,0.1280600543,0.1245864822
0.0373665715,0.1278729964,0.1248046624
0.0412731543,0.1276146679,0.1249459093
0.0450018953,0.1275310364,0.1251980946
-0.0975963898,0.0695455939,0.1289937385
-0.0967879350,0.0704376772,0.1291610048
-0.0957667388,0.0729848139,0.1288088664
-0.0939560946,0.0764955494,0.1288031338
-0.0926397507,0.0784218292,0.1290271922
-0.0911911752,0.0810258635,0.1287999230
-0.0896141010,0.0836702542,0.1286406225
-0.0879064594,0.0855506249,0.1288592706
-0.0859491226,0.0879225204,0.1288264732
-0.0838845836,0.0898723591,0.1288264732
-0.0819347458,0.0919368942,0.1288264732
-0.0797054862,0.0939213067,0.1289474739
-0.0778796456,0.0956778289,0.1286955699
-0.0755266105,0.0975718909,0.1288264732
-0.0735937653,0.0996534170,0.1288264732
-0.0711441911,0.1015363004,0.1288209891
-0.0693563690,0.1034447784,0.1288264732
-0.0670254366,0.1049123966,0.1288696385
-0.0644367864,0.1065933026,0.1287280816
-0.0625018877,0.1083057186,0.1288606091
-0.0594760220,0.1102598810,0.1288342528
-0.0575641365,0.1116407928,0.1289937391
-0.0549599826,0.1129385442,0.1287457241
-0.0515755185,0.1145552710,0.1286946878
-0.0498479054,0.1155583279,0.1290553629
-0.0469551559,0.1165906194,0.1288016930
-0.0428079582,0.1180571033,0.1288532358
-0.0398471798,0.1188332214,0.1287384387
-0.0382449493,0.1195022812,0.1288264729
-0.0349747348,0.1202669229,0.1288606091
-0.0309241592,0.1212138370,0.1287875741
-0.0270017869,0.1220476252,0.1288555625
-0.0230510008,0.1227075579,0.1287408953
-0.0195287989,0.1228475952,0.1282806589
-0.0211838512,0.1235166550,0.1304991302
-0.0184837033,0.1235166550,0.1290893181
-0.0147273952,0.1236002884,0.1289602856
-0.0108133773,0.1238948235,0.1287537484
-0.0067582042,0.1242020405,0.1288509508
-0.0029214782,0.1246571054,0.1287504430
0.0011424827,0.1253493049,0.1288991973
0.0050529675,0.1260654678,0.1287786831
0.0092585048,0.1261929092,0.1288264732
0.0133641167,0.1264514096,0.1288568852
0.0172872575,0.1268619690,0.1288264732
0.0211343692,0.1268619690,0.1286353125
0.0470605507,0.1268619690,0.1271538162
0.0495904400,0.1268619690,0.1286801157
0.0532753990,0.1264307972,0.1288339069
0.0574381371,0.1258654933,0.1288193553
0.0615420404,0.1253008219,0.1287298304
0.0649161608,0.1248547821,0.1289519222
0.0228070269,0.1275310364,0.1284919415
0.0253160102,0.1275310364,0.1288264732
0.0295017342,0.1276289463,0.1287367209
0.0332160953,0.1281486228,0.1289036728
0.0373591372,0.1282000885,0.1288264732
0.0415368898,0.1280756137,0.1286630971
0.0452540802,0.1276146679,0.1289268322
0.0481756528,0.1275310364,0.1292725143
-0.0978584412,0.0690549484,0.1328408508
-0.0967879372,0.0703261681,0.1328408508
-0.0956170801,0.0729546309,0.1328886411
-0.0938946974,0.0762482774,0.1327413957
-0.0925594635,0.0781542032,0.1328809949
-0.0907768272,0.0810416273,0.1328513048
-0.0894282532,0.0834684743,0.1326019004
-0.0875883262,0.0852337220,0.1328826673
-0.0856875805,0.0877218011,0.1325671435
-0.0836256481,0.0896134230,0.1328469327
-0.0817485710,0.0917507198,0.1325644982
-0.0795409892,0.0935822935,0.1328408508
-0.0776081416,0.0956390432,0.1328408508
-0.0755266105,0.0975718909,0.1328408508
-0.0735937653,0.0996534170,0.1328408508
-0.0711405347,0.1014375857,0.1328567810
-0.0693563690,0.1034447784,0.1328408508
-0.0669234099,0.1050261959,0.1328408508
-0.0643383942,0.1067900848,0.1328408508
-0.0625821071,0.1083791103,0.1328408508
-0.0597182473,0.1102619841,0.1327956440
-0.0578150339,0.1116407928,0.1328408502
-0.0548600078,0.1130346739,0.1328408508
-0.0516931114,0.1145512161,0.1328408508
-0.0497862816,0.1156551666,0.1328408508
-0.0468949759,0.1167577586,0.1328613322
-0.0429283895,0.1181641541,0.1328408508
-0.0399176076,0.1188332214,0.1328408508
-0.0380442299,0.1196360931,0.1328408503
-0.0348918568,0.1204358561,0.1328019519
-0.0309143498,0.1213640203,0.1328699404
-0.0268210596,0.1222639413,0.1327767915
-0.0230655880,0.1228475952,0.1327572179
-0.0215741355,0.1235166550,0.1331196264
-0.0187083172,0.1236002884,0.1329412102
-0.0149911302,0.1240612447,0.1326774743
-0.0107177965,0.1243290923,0.1329842213
-0.0068902364,0.1246723113,0.1326887904
-0.0026682660,0.1251020433,0.1328844847
0.0013561301,0.1257171282,0.1327888126
0.0052893351,0.1262109919,0.1328860577
0.0092432985,0.1264057919,0.1330081163
0.0131295105,0.1267185990,0.1327452701
0.0169750284,0.1268619690,0.1327293406
0.0227512735,0.1268619690,0.1313912150
0.0504536509,0.1268619690,0.1323151583
0.0535553534,0.1267640578,0.1327021421
0.0573397834,0.1263297622,0.1329320866
0.0614098094,0.1258227869,0.1328764385
0.0652624862,0.1253008219,0.1327808063
0.0229742908,0.1275310364,0.1315027237
0.0253160105,0.1275310364,0.1328408508
0.0293303890,0.1275310364,0.1328408508
0.0331774963,0.1279872079,0.1328256451
0.0373591372,0.1282000885,0.1328408508
0.0413735135,0.1282000885,0.1328408508
0.0453804588,0.1278581285,0.1328482846
0.0491756485,0.1275310364,0.1330243033
0.0517439842,0.1275310364,0.1345135040
-0.0977375774,0.0689340857,0.1368012681
-0.0967364707,0.0703519011,0.1369838902
-0.0954390229,0.0729916298,0.1368444332
-0.0936904297,0.0760379808,0.1367684942
-0.0923406397,0.0778629644,0.1370126513
-0.0904715324,0.0808440631,0.1367815143
-0.0887591858,0.0825365610,0.1371897564
-0.0894282532,0.0833728943,0.1351825714
-0.0871006646,0.0850596834,0.1368693598
-0.0847448044,0.0867182045,0.1381933517
-0.0855094528,0.0874828491,0.1361383732
-0.0832801027,0.0892226707,0.1369365964
-0.0815333084,0.0915354553,0.1363199738
-0.0792840776,0.0933006020,0.1368453849
-0.0775338025,0.0954903632,0.1363720127
-0.0752250016,0.0972702812,0.1367596444
-0.0734663239,0.0994303970,0.1366162742
-0.0711810844,0.1012551138,0.1368552246
-0.0693563690,0.1034447784,0.1368552246
-0.0669234099,0.1050261959,0.1368552246
-0.0643383942,0.1067900848,0.1368552246
-0.0625821071,0.1083791103,0.1368552246
-0.0597664680,0.1102469152,0.1368552246
-0.0578150339,0.1116407928,0.1368552246
-0.0549253762,0.1131692555,0.1368667597
-0.0518143785,0.1146306667,0.1368343163
-0.0497862816,0.1156551666,0.1368552246
-0.0469359390,0.1167987219,0.1368757063
-0.0429283895,0.1181641541,0.1368552246
-0.0399176076,0.1188332214,0.1368552246
-0.0380442299,0.1196360931,0.1368552246
-0.0348918568,0.1204358560,0.1368941235
-0.0308016274,0.1214258356,0.1368552246
-0.0267275132,0.1223696899,0.1368552246
-0.0236168038,0.1228475952,0.1367335767
-0.0220440738,0.1235166550,0.1369985955
-0.0188117176,0.1238359826,0.1368248125
-0.0146488190,0.1243413176,0.1369252426
-0.0109304629,0.1247878761,0.1367046848
-0.0066317349,0.1250220470,0.1369616661
-0.0028961350,0.1254723757,0.1367437138
0.0010736372,0.1259698868,0.1368329220
0.0052295833,0.1265710734,0.1367679550
0.0092585048,0.1268619690,0.1368552246
0.0132728812,0.1268619690,0.1368552246
0.0166181946,0.1268619690,0.1368552246
0.0537779399,0.1268619690,0.1363868805
0.0575313786,0.1267783365,0.1367214115
0.0613872186,0.1263965360,0.1369134037
0.0653957148,0.1257800806,0.1368338707
0.0225059486,0.1275310364,0.1375911942
0.0253160102,0.1275310364,0.1368552246
0.0293303890,0.1275310364,0.1368552246
0.0332969706,0.1279133519,0.1368552246
0.0373591372,0.1282000885,0.1368552246
0.0413735135,0.1282000885,0.1368552246
0.0455384314,0.1281331833,0.1367381382
0.0492270359,0.1276425451,0.1369826649
0.0529604655,0.1275310364,0.1374330507
0.0557583580,0.1275310364,0.1385278778
-0.0978124428,0.0685071533,0.1408905120
-0.0966133993,0.0701952634,0.1409423277
-0.0950260754,0.0730804778,0.1409142077
-0.0935913086,0.0757158398,0.1405722419
-0.0920617934,0.0775506228,0.1409906045
-0.0901684875,0.0803834644,0.1407486027
-0.0884112720,0.0822488657,0.1410970850
-0.0865951869,0.0847005624,0.1407755165
-0.0845663900,0.0864505809,0.1413379476
-0.0827477572,0.0888369053,0.1408189166
-0.0805966194,0.0905987679,0.1414048553
-0.0813994980,0.0914016418,0.1391969452
-0.0789065508,0.0929414046,0.1408008642
-0.0767160568,0.0947469620,0.1412041351
-0.0773851242,0.0954160233,0.1395314789
-0.0750292639,0.0970745435,0.1408554681
-0.0727016754,0.0987613335,0.1422077332
-0.0733707428,0.0994303970,0.1405350708
-0.0711279705,0.1012019996,0.1409685497
-0.0686873016,0.1027757111,0.1418731995
-0.0693563690,0.1034447784,0.1402005386
-0.0668898207,0.1049526627,0.1408446384
-0.0643641275,0.1067386181,0.1409982699
-0.0625821071,0.1083791103,0.1408696035
-0.0597664680,0.1102469152,0.1408696035
-0.0578150339,0.1116407928,0.1408696035
-0.0548600078,0.1130346739,0.1408696035
-0.0516931114,0.1145512161,0.1408696035
-0.0497862816,0.1156551666,0.1408696035
-0.0468490974,0.1167055988,0.1409231287
-0.0428347208,0.1180838660,0.1408696036
-0.0398471798,0.1188332210,0.1409576384
-0.0382449493,0.1195022812,0.1408696035
-0.0350020438,0.1202942318,0.1408627762
-0.0308496717,0.1213528795,0.1408197794
-0.0268485817,0.1223123416,0.1409365099
-0.0238600992,0.1228475952,0.1408696035
-0.0221874437,0.1235166550,0.1408696035
-0.0189743862,0.1239678865,0.1408462638
-0.0148885781,0.1245658699,0.1408696032
-0.0106540763,0.1249822221,0.1409811136
-0.0069377089,0.1254259307,0.1407308949
-0.0025869471,0.1257063148,0.1408848093
0.0012726403,0.1262100644,0.1408953368
0.0050211076,0.1267663890,0.1407899530
0.0092107147,0.1268619690,0.1408218131
0.0130599977,0.1268619690,0.1401397150
0.0161498516,0.1268619690,0.1394645721
0.0579714176,0.1268619690,0.1397630756
0.0616870041,0.1268062140,0.1406279971
0.0655188092,0.1262322644,0.1409417566
0.0678014984,0.1261929092,0.1425422516
0.0101505864,0.1275310364,0.1423192393
0.0134619632,0.1275310364,0.1415532107
0.0172872574,0.1275310364,0.1409679942
0.0213494250,0.1275310364,0.1409173937
0.0252130777,0.1275310364,0.1403292049
0.0295564242,0.1276214488,0.1408967273
0.0331969453,0.1280133763,0.1408307041
0.0373591372,0.1282000885,0.1408696035
0.0413735135,0.1282000885,0.1408696035
0.0453878924,0.1282000885,0.1408696035
0.0495345229,0.1280444950,0.1407373462
0.0532892047,0.1276425451,0.1410448340
0.0572846613,0.1275310364,0.1410577765
0.0605161451,0.1275310364,0.1420218794
-0.0981260681,0.0666463242,0.1465566406
-0.0977246277,0.0682520737,0.1448839773
-0.0965048731,0.0699916355,0.1449097108
-0.0947170321,0.0729758709,0.1448680471
-0.0927735596,0.0746750717,0.1465566406
-0.0934426270,0.0754397191,0.1446450261
-0.0916836372,0.0771786659,0.1449271425
-0.0898247302,0.0798789003,0.1446237855
-0.0879672339,0.0817207162,0.1450819659
-0.0861000910,0.0841105759,0.1447209997
-0.0840933511,0.0860139287,0.1450072258
-0.0822597184,0.0883430730,0.1447406068
-0.0803151529,0.0902019461,0.1450800818
-0.0784006626,0.0926561358,0.1448242395
-0.0765192723,0.0945108216,0.1449823689
-0.0746885933,0.0969366188,0.1448839773
-0.0727016754,0.0987613373,0.1448839773
-0.0708769656,0.1009509943,0.1448839773
-0.0686873016,0.1027757111,0.1448839773
-0.0669652884,0.1047719328,0.1448894613
-0.0644499054,0.1065670649,0.1448839773
-0.0625291964,0.1083330270,0.1448771499
-0.0595434470,0.1102787748,0.1449476976
-0.0576477688,0.1116742462,0.1447501648
-0.0548924472,0.1130062894,0.1449143893
-0.0515278136,0.1145630226,0.1450217258
-0.0498699141,0.1154878998,0.1447167110
-0.0469610130,0.1165097465,0.1449022245
-0.0428785663,0.1178936800,0.1448768596
-0.0396638241,0.1187409360,0.1450339398
-0.0379104195,0.1195022812,0.1448839773
-0.0349130170,0.1201847237,0.1448973584
-0.0309085995,0.1211982773,0.1449073167
-0.0269244085,0.1222320541,0.1449375024
-0.0235692025,0.1228475949,0.1449567015
-0.0219867256,0.1235166550,0.1447501648
-0.0189855001,0.1239945602,0.1448839773
-0.0149711252,0.1246636222,0.1448839773
-0.0108742008,0.1252349297,0.1448839770
-0.0067109661,0.1255590559,0.1449544051
-0.0029518902,0.1260256424,0.1447775348
0.0014398064,0.1263485045,0.1448761973
0.0051457366,0.1268619690,0.1448052637
0.0080876462,0.1268619690,0.1433785858
0.0626720123,0.1268619690,0.1436573613
0.0657009472,0.1266752546,0.1448295182
0.0678014984,0.1261929092,0.1448839773
0.0066658871,0.1275310364,0.1454694061
0.0092585047,0.1275310364,0.1448839773
0.0132728812,0.1275310364,0.1448839773
0.0172872575,0.1275310364,0.1448839773
0.0205210614,0.1275310364,0.1446768864
0.0301109624,0.1282000885,0.1450910688
0.0333447612,0.1282000885,0.1448839773
0.0373591372,0.1282000885,0.1448839773
0.0413735135,0.1282000885,0.1448839773
0.0453878924,0.1282000885,0.1448839773
0.0494022662,0.1282000885,0.1448839773
0.0535337311,0.1281331833,0.1447334381
0.0574533214,0.1278878642,0.1448616740
0.0612995765,0.1276168123,0.1450641096
0.0640101395,0.1275310364,0.1457760620
-0.0981260681,0.0666463242,0.1488983561
-0.0977246277,0.0679041614,0.1489117371
-0.0963177870,0.0698469737,0.1489254802
-0.0944116140,0.0728986005,0.1488752852
-0.0927735596,0.0746750793,0.1488983561
-0.0911869273,0.0770454699,0.1489174722
-0.0895620636,0.0794923325,0.1483631073
-0.0874828201,0.0812730647,0.1489858485
-0.0856251562,0.0836898169,0.1486342533
-0.0837118686,0.0854974586,0.1489629147
-0.0817959767,0.0878828721,0.1487372855
-0.0800018984,0.0897661582,0.1489949985
-0.0780701145,0.0922937270,0.1488187060
-0.0763098392,0.0941973722,0.1489700410
-0.0744734569,0.0966550272,0.1488364060
-0.0725048954,0.0985251954,0.1489967472
-0.0706739076,0.1009023349,0.1488520362
-0.0685048287,0.1026540624,0.1494153581
-0.0667568922,0.1046074090,0.1488160943
-0.0643383953,0.1065893669,0.1490321686
-0.0624379736,0.1082136245,0.1488058261
-0.0594245024,0.1101354036,0.1489652622
-0.0576477699,0.1114735260,0.1488983561
-0.0550712910,0.1126473217,0.1488220598
-0.0514317096,0.1143520529,0.1489372551
-0.0496190147,0.1154878998,0.1488983561
-0.0470498160,0.1162506366,0.1489117374
-0.0430622023,0.1176155209,0.1489384998
-0.0393171660,0.1186616655,0.1489584002
-0.0375454771,0.1195022812,0.1487462963
-0.0348355767,0.1199862823,0.1488200615
-0.0309288942,0.1210585793,0.1490001698
-0.0268290670,0.1220670185,0.1488983561
-0.0234217484,0.1228014524,0.1490944603
-0.0217692800,0.1235166550,0.1487310905
-0.0189121480,0.1239056476,0.1488594573
-0.0149711252,0.1246636222,0.1488983561
-0.0109567471,0.1253326819,0.1488983561
-0.0066726222,0.1257766006,0.1488909217
-0.0027846246,0.1261929092,0.1488983561
0.0013308890,0.1264418617,0.1488905760
0.0049095969,0.1268619690,0.1488983561
0.0662888290,0.1268037899,0.1485056464
0.0678014984,0.1267504590,0.1488983561
0.0065050532,0.1275310364,0.1490270221
0.0093588639,0.1276146679,0.1490321686
0.0132576752,0.1278351510,0.1489439725
0.0173024635,0.1279872083,0.1487310899
0.0211840970,0.1281639235,0.1488531474
0.0253160102,0.1282000885,0.1492328857
0.0293303891,0.1282000885,0.1488983561
0.0333447612,0.1282000885,0.1488983561
0.0373591372,0.1282000885,0.1488983561
0.0414039260,0.1283673553,0.1491112393
0.0453804582,0.1286312653,0.1487571086
0.0494256055,0.1287446782,0.1486571815
0.0534244249,0.1286357603,0.1487816584
0.0574087169,0.1284231110,0.1490544698
0.0615569086,0.1280365428,0.1488463175
0.0647649791,0.1275825019,0.1492071527
-0.0981260681,0.0666463242,0.1529127299
-0.0976394737,0.0677411527,0.1527910822
-0.0962359627,0.0696236509,0.1530130890
-0.0943124083,0.0725876022,0.1528859674
-0.0926062970,0.0744241786,0.1530799952
-0.0908590130,0.0769395963,0.1528664105
-0.0887591858,0.0786894531,0.1532472595
-0.0894282532,0.0793585205,0.1515746078
-0.0872144386,0.0811000475,0.1529225691
-0.0854138718,0.0833728943,0.1529127299
-0.0833458585,0.0851976080,0.1529127299
-0.0815667610,0.0876381683,0.1527454643
-0.0796882399,0.0895102567,0.1529255967
-0.0778757678,0.0920038005,0.1528012197
-0.0761702419,0.0938842197,0.1529303368
-0.0741963943,0.0964409694,0.1527917295
-0.0724229034,0.0983152930,0.1531357505
-0.0705485168,0.1005982161,0.1529431419
-0.0684642792,0.1025526886,0.1529127299
-0.0665314345,0.1045598800,0.1529127299
-0.0641233403,0.1063838694,0.1529844148
-0.0622431730,0.1080577842,0.1529479438
-0.0592231078,0.1100259201,0.1529188121
-0.0574088173,0.1114735260,0.1526737802
-0.0550126014,0.1125182044,0.1529538124
-0.0511578606,0.1143237344,0.1529261111
-0.0492844849,0.1154878998,0.1529127299
-0.0468624786,0.1160900604,0.1529261111
-0.0428614833,0.1174415652,0.1529394922
-0.0389995908,0.1185687064,0.1528893905
-0.0365722923,0.1188332176,0.1542508545
-0.0372413521,0.1195022812,0.1525781982
-0.0348762971,0.1198134716,0.1528893905
-0.0309740134,0.1208950242,0.1529332113
-0.0269186731,0.1218917879,0.1529127299
-0.0233537827,0.1227390976,0.1529579369
-0.0215183792,0.1235166550,0.1529127299
-0.0188187901,0.1238278491,0.1528893905
-0.0149288917,0.1246058295,0.1529049502
-0.0109567471,0.1253326819,0.1529127299
-0.0068467914,0.1259061661,0.1529127299
-0.0027846246,0.1261929092,0.1529127299
0.0012375313,0.1265196594,0.1529205095
0.0045750651,0.1268619690,0.1529127299
0.0669094086,0.1268619690,0.1525781996
0.0678014984,0.1268619690,0.1529127299
0.0062477231,0.1275310364,0.1529127299
0.0092507250,0.1278733421,0.1529049498
0.0132728812,0.1282000885,0.1529127299
0.0172872575,0.1282000885,0.1529127299
0.0213016351,0.1282000885,0.1529127299
0.0253160102,0.1282000885,0.1529127299
0.0293303890,0.1282000885,0.1529127299
0.0334508317,0.1282816821,0.1531003939
0.0373882282,0.1285491671,0.1528690942
0.0413283066,0.1288510730,0.1528675232
0.0453878924,0.1288691559,0.1529127299
0.0494022662,0.1288691559,0.1529127299
0.0534166451,0.1288691559,0.1529127299
0.0574310188,0.1288691559,0.1529127299
0.0614163080,0.1285346222,0.1528690948
0.0652048932,0.1277540538,0.1529605193
-0.0977543640,0.0666463233,0.1568155992
-0.0975525818,0.0676021271,0.1567359488
-0.0961337443,0.0694415180,0.1570088826
-0.0941813836,0.0724727462,0.1568713538
-0.0925505422,0.0744520569,0.1569271088
-0.0906994675,0.0769498901,0.1569271088
-0.0887591858,0.0786894531,0.1569271088
-0.0871947606,0.0810803695,0.1569369478
-0.0854138718,0.0833728943,0.1569271088
-0.0832242106,0.0851976083,0.1569271088
-0.0813994980,0.0876102905,0.1570386183
-0.0796417900,0.0893604374,0.1568987587
-0.0776424528,0.0919677740,0.1569271088
-0.0758838066,0.0938657537,0.1569679052
-0.0740565325,0.0963025307,0.1569103825
-0.0721664307,0.0982260849,0.1569271088
-0.0701854245,0.1004049019,0.1567962056
-0.0681743525,0.1023073659,0.1569494110
-0.0662695545,0.1042811040,0.1568510791
-0.0639295248,0.1062697046,0.1570757887
-0.0620175842,0.1079191308,0.1567807517
-0.0590936252,0.1097838609,0.1569441187
-0.0566441765,0.1108044643,0.1575961685
-0.0573132362,0.1114735260,0.1559235179
-0.0548162001,0.1123098561,0.1569510038
-0.0510161769,0.1141497777,0.1569861435
-0.0486154251,0.1148188388,0.1569271088
-0.0492844849,0.1154878998,0.1552544556
-0.0467754999,0.1159339447,0.1568992313
-0.0428805997,0.1172220045,0.1569475901
-0.0390012818,0.1184114181,0.1569707433
-0.0365722923,0.1188332214,0.1569271088
-0.0347829394,0.1197356739,0.1569193289
-0.0307965069,0.1207857892,0.1569066274
-0.0268942223,0.1218673371,0.1569504480
-0.0230510007,0.1226764384,0.1569037696
-0.0211838512,0.1235166550,0.1569271088
-0.0187254324,0.1237500506,0.1569193289
-0.0148355338,0.1245280318,0.1569348886
-0.0108833950,0.1252437702,0.1568882099
-0.0068467914,0.1259061661,0.1569271088
-0.0027846246,0.1261929092,0.1569271088
0.0010624864,0.1266490863,0.1569423145
0.0043109621,0.1268619690,0.1568390744
0.0671324310,0.1268619690,0.1555889893
0.0678014984,0.1268619690,0.1552544556
0.0058462836,0.1275310364,0.1569940149
0.0092107148,0.1279133519,0.1569271088
0.0133273395,0.1284334841,0.1569815667
0.0172639180,0.1286513200,0.1567948513
0.0213016351,0.1286779938,0.1567837372
0.0252771114,0.1287602379,0.1566703761
0.0293303890,0.1287735748,0.1566881583
0.0332675615,0.1288176892,0.1567984431
0.0373591372,0.1288691559,0.1569271088
0.0413735135,0.1288691559,0.1569271088
0.0453878924,0.1288691559,0.1569271088
0.0494022662,0.1288691559,0.1569271088
0.0534166451,0.1288691559,0.1569271088
0.0574310188,0.1288691559,0.1569271088
0.0616684192,0.1287735748,0.1568474586
0.0654077357,0.1279324683,0.1569642785
0.0678014984,0.1275310364,0.1562580414
-0.0977002980,0.0665246762,0.1613976607
-0.0974570007,0.0676499176,0.1609414851
-0.0960334641,0.0694506922,0.1609058968
-0.0941116899,0.0724894730,0.1610083906
-0.0925505422,0.0744520569,0.1609414851
-0.0906994675,0.0769498901,0.1609414851
-0.0887591858,0.0786894531,0.1599378967
-0.0894282532,0.0793585205,0.1616105423
-0.0872385892,0.0811832331,0.1609414851
-0.0854138718,0.0834684743,0.1611804352
-0.0834472320,0.0852178829,0.1609212099
-0.0815962785,0.0876234095,0.1610398766
-0.0795409893,0.0895431383,0.1609414851
-0.0777196522,0.0920707073,0.1609414851
-0.0758558317,0.0938867351,0.1609414851
-0.0738539556,0.0961594255,0.1608857299
-0.0719869997,0.0979858301,0.1610631325
-0.0701050820,0.1002109702,0.1609414855
-0.0680010832,0.1020723368,0.1611559272
-0.0660990872,0.1040962314,0.1607830240
-0.0636470317,0.1060169481,0.1610827311
-0.0617639585,0.1076627788,0.1607524029
-0.0589754404,0.1094558848,0.1609310308
-0.0563765511,0.1108044655,0.1612091095
-0.0547081639,0.1120571786,0.1609201319
-0.0510334381,0.1138915429,0.1610177813
-0.0483113053,0.1148188393,0.1610935447
-0.0467138754,0.1158048264,0.1608710576
-0.0430956554,0.1169932957,0.1609414851
-0.0390812783,0.1183314209,0.1609414851
-0.0365722923,0.1188332214,0.1609414851
-0.0347984989,0.1197512337,0.1609337052
-0.0308584976,0.1208136441,0.1609682474
-0.0268631033,0.1218362182,0.1609492645
-0.0229998760,0.1226564331,0.1609414851
-0.0211838512,0.1235166550,0.1609414851
-0.0186987591,0.1237078171,0.1609414851
-0.0147799642,0.1244724622,0.1609414851
-0.0108611671,0.1252371020,0.1609414851
-0.0068467914,0.1259061661,0.1609414851
-0.0026559586,0.1262443754,0.1610186838
0.0010624859,0.1267950630,0.1608745792
0.0038755913,0.1268619690,0.1607894259
0.0054532102,0.1275310364,0.1610251174
0.0091106882,0.1279978169,0.1609025861
0.0132250908,0.1285824127,0.1609414851
0.0172872575,0.1288691559,0.1609414851
0.0213016351,0.1288691559,0.1609414851
0.0253160102,0.1288691559,0.1609414851
0.0293303890,0.1288691559,0.1609414851
0.0333447612,0.1288691559,0.1609414851
0.0374260439,0.1289360626,0.1611087502
0.0413657341,0.1290247529,0.1611515382
0.0453953273,0.1291962555,0.1609489180
0.0493944866,0.1293981859,0.1607158714
0.0534166451,0.1294426422,0.1607025343
0.0574387987,0.1293981859,0.1607158714
0.0612744155,0.1290624420,0.1610232588
0.0653573655,0.1280772032,0.1609346578
-0.0981260676,0.0662448878,0.1650673706
-0.0976577209,0.0676499168,0.1650896729
-0.0962004694,0.0694531224,0.1649150651
-0.0941953220,0.0724169912,0.1649558614
-0.0925622800,0.0743933668,0.1650438955
-0.0906786276,0.0769125979,0.1649613455
-0.0887591858,0.0786894531,0.1652903931
-0.0894282532,0.0793585205,0.1636177368
-0.0872690011,0.0811224092,0.1649862733
-0.0855476852,0.0836405182,0.1647551432
-0.0835553631,0.0855287603,0.1649558614
-0.0816225154,0.0876102905,0.1649558614
-0.0795409893,0.0895431383,0.1649558614
-0.0777196522,0.0920707073,0.1649558614
-0.0758558317,0.0938867351,0.1649558614
-0.0739059937,0.0959512726,0.1649558614
-0.0718733172,0.0979011120,0.1649558614
-0.0700068467,0.1000437037,0.1647328406
-0.0678470837,0.1019199332,0.1649169624
-0.0658956964,0.1039061987,0.1649212547
-0.0633348021,0.1057806241,0.1650556335
-0.0615506337,0.1075706622,0.1645098203
-0.0590336849,0.1089778163,0.1649717916
-0.0562184079,0.1106219947,0.1650775091
-0.0543024555,0.1119585987,0.1649056820
-0.0508456315,0.1137037362,0.1649558614
-0.0482808933,0.1148188400,0.1649558614
-0.0466082338,0.1158224335,0.1649558614
-0.0429725729,0.1171037537,0.1650252919
-0.0390449161,0.1184550529,0.1648685926
-0.0365722923,0.1188332214,0.1639522705
-0.0372413521,0.1195022812,0.1656249199
-0.0348327300,0.1198888494,0.1650078990
-0.0309549540,0.1209797950,0.1649279839
-0.0268931852,0.1219703762,0.1650227671
-0.0231743109,0.1227472351,0.1648053226
-0.0214068703,0.1235166550,0.1652903917
-0.0187409920,0.1237656103,0.1649480814
-0.0148355339,0.1245280320,0.1649480814
-0.0108833950,0.1252437703,0.1649947602
-0.0068467914,0.1259061661,0.1649558614
-0.0025745702,0.1263485045,0.1649480814
0.0012297518,0.1268619690,0.1649558614
0.0035714698,0.1268619690,0.1649558614
0.0029024072,0.1275310364,0.1666285095
0.0052441289,0.1275310364,0.1649558614
0.0090484499,0.1280444950,0.1649636411
0.0132250908,0.1285824127,0.1649558614
0.0174465579,0.1290284576,0.1649717916
0.0212627360,0.1294293053,0.1646991279
0.0253160102,0.1294426422,0.1647169102
0.0293303890,0.1294426422,0.1647169102
0.0333447612,0.1294426422,0.1647169102
0.0372819377,0.1294867565,0.1648271954
0.0413735135,0.1295382233,0.1649558614
0.0453878924,0.1295382233,0.1649558614
0.0494022662,0.1295382233,0.1649558614
0.0534166451,0.1295382233,0.1649558614
0.0574310188,0.1295382233,0.1649558614
0.0613976086,0.1291558990,0.1649558614
0.0654256376,0.1282000922,0.1649217255
-0.0985810266,0.0661645993,0.1690371436
-0.0976394737,0.0677411527,0.1688485905
-0.0960410777,0.0696337651,0.1691024944
-0.0942120491,0.0722329992,0.1689367844
-0.0924647651,0.0741089469,0.1690217039
-0.0905289641,0.0768117606,0.1689486552
-0.0887591858,0.0786894531,0.1689702377
-0.0871514389,0.0810761107,0.1689652448
-0.0854138718,0.0835401592,0.1686357059
-0.0836631568,0.0853243244,0.1690259928
-0.0816225154,0.0876102905,0.1689702377
-0.0795981742,0.0894973905,0.1689187716
-0.0778311632,0.0919963667,0.1690817475
-0.0758558317,0.0938867351,0.1689702377
-0.0739059937,0.0959512726,0.1689702377
-0.0718414568,0.0979011121,0.1689702377
-0.0698916199,0.0999656464,0.1689702377
-0.0674907086,0.1018364501,0.1689831044
-0.0656237018,0.1036560605,0.1688822030
-0.0631436411,0.1055475424,0.1689861678
-0.0606585541,0.1067900848,0.1703083572
-0.0613276138,0.1074591522,0.1686357086
-0.0589103551,0.1087001534,0.1689486552
-0.0559255521,0.1105318858,0.1690321876
-0.0541686434,0.1117857572,0.1688587275
-0.0509787243,0.1135022982,0.1689918203
-0.0482808933,0.1148188400,0.1689702377
-0.0465378061,0.1158752546,0.1690406647
-0.0429407796,0.1172596806,0.1689454577
-0.0392837579,0.1185867229,0.1688998100
-0.0376530882,0.1195022812,0.1690989028
-0.0349125021,0.1201842094,0.1689573705
-0.0308101614,0.1213456167,0.1690316819
-0.0268504019,0.1223287273,0.1688951385
-0.0236052185,0.1228475952,0.1686675669
-0.0222431989,0.1235166550,0.1691932576
-0.0189439436,0.1239675480,0.1689993270
-0.0149987370,0.1247061022,0.1689776713
-0.0110234313,0.1253682466,0.1689780174
-0.0069662665,0.1259800242,0.1689854435
-0.0027238008,0.1264818214,0.1689702374
0.0011313601,0.1268619690,0.1688915248
0.0026793879,0.1275310364,0.1693047672
0.0053321628,0.1275662496,0.1690406647
0.0090545223,0.1281184968,0.1689294415
0.0131561843,0.1286357603,0.1689624581
0.0174350735,0.1290714321,0.1690091365
0.0213016351,0.1295382233,0.1689702377
0.0253160102,0.1295382233,0.1689702377
0.0293303890,0.1295382233,0.1689702377
0.0333447612,0.1295382233,0.1689702377
0.0373591372,0.1295382233,0.1689702377
0.0413735135,0.1295382233,0.1689702377
0.0454267918,0.1296471387,0.1692269692
0.0494805605,0.1297375141,0.1692335897
0.0533142374,0.1298249586,0.1691272623
0.0573195085,0.1297134512,0.1690339581
0.0614376186,0.1291959097,0.1689780174
0.0654737124,0.1282279695,0.1689562988
-0.0984696377,0.0657421861,0.1732287321
-0.0976003723,0.0675543365,0.1726500822
-0.0959168946,0.0693604447,0.1730161735
-0.0939127799,0.0721434895,0.1729574898
-0.0922555778,0.0740923450,0.1730385708
-0.0903203328,0.0769052853,0.1729846141
-0.0887591858,0.0786894531,0.1729846141
-0.0870766907,0.0810213345,0.1729747748
-0.0854138718,0.0833728943,0.1729846141
-0.0836370157,0.0852484612,0.1730010664
-0.0816225154,0.0876102905,0.1729846141
-0.0798383502,0.0895256464,0.1729911729
-0.0779203720,0.0919368942,0.1729846141
-0.0758558317,0.0938867351,0.1729846141
-0.0739059937,0.0959512726,0.1729846141
-0.0715820242,0.0979420748,0.1730460588
-0.0697068314,0.0996534166,0.1727775225
-0.0673607119,0.1016567614,0.1730653631
-0.0655650126,0.1035562884,0.1725385717
-0.0630352217,0.1052622283,0.1730095791
-0.0606585541,0.1067900848,0.1729846141
-0.0589213356,0.1084333987,0.1729435310
-0.0558636018,0.1103584251,0.1729846141
-0.0538876366,0.1117411530,0.1729979956
-0.0508902351,0.1134138092,0.1729846141
-0.0482808933,0.1148188400,0.1729846141
-0.0464170728,0.1159658051,0.1729846141
-0.0429087112,0.1175344478,0.1730042919
-0.0399176064,0.1186659546,0.1728173479
-0.0379821031,0.1196456511,0.1731996700
-0.0348406011,0.1205780285,0.1730436485
-0.0309549539,0.1217185493,0.1728870420
-0.0270964974,0.1226453190,0.1729457149
-0.0243618965,0.1228475952,0.1718137512
-0.0254212481,0.1235166550,0.1738766988
-0.0226588286,0.1236991279,0.1729998200
-0.0187403159,0.1244038938,0.1729555239
-0.0147013758,0.1251075380,0.1729771800
-0.0106275263,0.1257171280,0.1730366520
-0.0067320943,0.1262263620,0.1730515198
-0.0029791196,0.1267219332,0.1728990361
0.0004810390,0.1268619690,0.1726819422
0.0017516203,0.1275310364,0.1732656201
0.0053853747,0.1277689216,0.1729920478
0.0094178051,0.1283275299,0.1730961242
0.0131668101,0.1288201997,0.1729111797
0.0171460109,0.1293003326,0.1729771800
0.0214403432,0.1296361333,0.1731233215
0.0252963316,0.1298530698,0.1730042928
0.0293303890,0.1297891159,0.1729009819
0.0333447612,0.1297891159,0.1729009819
0.0373525785,0.1297612388,0.1728731043
0.0413735139,0.1297523181,0.1727036072
0.0453574810,0.1296902785,0.1727413177
0.0493250669,0.1295896880,0.1728559476
0.0536088228,0.1297659850,0.1730913784
0.0573789806,0.1298801829,0.1730217841
0.0615620945,0.1293048277,0.1729768343
0.0653381263,0.1283673573,0.1728629660
-0.0984338344,0.0652814360,0.1769722278
-0.0967879333,0.0666463165,0.1786716461
-0.0974570007,0.0673153839,0.1769989904
-0.0957559949,0.0691071126,0.1770613608
-0.0939205300,0.0719032467,0.1769034097
-0.0923275210,0.0738945045,0.1769989904
-0.0903284427,0.0769377249,0.1770172374
-0.0887591858,0.0786894531,0.1769989904
-0.0871514390,0.0810761108,0.1770039835
-0.0854138718,0.0836405182,0.1772666168
-0.0836456337,0.0853920273,0.1769153573
-0.0817464167,0.0879324324,0.1770857205
-0.0798902151,0.0898301260,0.1769600912
-0.0779203720,0.0919368942,0.1769989904
-0.0758558317,0.0938867351,0.1769989904
-0.0739442259,0.0958461336,0.1769511997
-0.0714897932,0.0976251915,0.1770179262
-0.0695793915,0.0996534170,0.1769989904
-0.0671657237,0.1015778730,0.1770097819
-0.0653419952,0.1034447784,0.1769989904
-0.0629805923,0.1050780748,0.1769989905
-0.0604912882,0.1067900848,0.1773335228
-0.0587504831,0.1083140629,0.1769370400
-0.0557581192,0.1102619839,0.1769537832
-0.0538006582,0.1116407928,0.1769989904
-0.0508902351,0.1134138092,0.1769989904
-0.0482808933,0.1148188400,0.1769989904
-0.0464215185,0.1160013701,0.1770223296
-0.0428755685,0.1177768019,0.1770518111
-0.0401087679,0.1188332214,0.1768078286
-0.0384493862,0.1197624711,0.1770733308
-0.0349799232,0.1209073128,0.1770123718
-0.0308393442,0.1221129351,0.1770186687
-0.0274884793,0.1228218619,0.1767673909
-0.0259729312,0.1235166550,0.1772278804
-0.0229583197,0.1239675480,0.1770280798
-0.0189488949,0.1247551349,0.1770203435
-0.0149037841,0.1254326068,0.1769533719
-0.0109923123,0.1260373122,0.1769289721
-0.0068426354,0.1265419839,0.1770280798
-0.0030299472,0.1268619690,0.1767536667
-0.0004429039,0.1268619690,0.1753263245
-0.0018256353,0.1275310364,0.1775565440
0.0013684598,0.1276289464,0.1771376987
0.0051772221,0.1281406182,0.1769766876
0.0091216510,0.1286714769,0.1769229605
0.0132515279,0.1292250428,0.1769776371
0.0174350735,0.1296782574,0.1771468069
0.0212892449,0.1299099175,0.1769246493
0.0252141964,0.1298145706,0.1769989903
0.0293303890,0.1298249599,0.1770467813
0.0333447612,0.1298249599,0.1770467813
0.0373591372,0.1298249599,0.1770467813
0.0413735135,0.1298249599,0.1770467813
0.0453878930,0.1299183665,0.1769381665
0.0494100463,0.1300516819,0.1767889348
0.0533394454,0.1301558098,0.1768703238
0.0576255148,0.1300672412,0.1769134124
0.0616015131,0.1294490136,0.1770361603
0.0651956705,0.1285874433,0.1770342042
-0.0983769636,0.0652245655,0.1810133667
-0.0967879333,0.0666463242,0.1800097707
-0.0974570007,0.0673153839,0.1816824303
-0.0957843456,0.0690477802,0.1809536288
-0.0939014136,0.0720752914,0.1810611564
-0.0923912413,0.0739582242,0.1808222057
-0.0905656549,0.0768718325,0.1810468198
-0.0887591858,0.0786894531,0.1810133667
-0.0873892008,0.0810577238,0.1809868166
-0.0856368942,0.0835959142,0.1810133659
-0.0837890038,0.0854620058,0.1809928850
-0.0819347458,0.0879225204,0.1810133667
-0.0798702098,0.0898723591,0.1810133667
-0.0779203720,0.0919368942,0.1810133667
-0.0758135985,0.0939067402,0.1810522656
-0.0738725395,0.0955832882,0.1810133667
-0.0715122359,0.0975718909,0.1810133667
-0.0695793915,0.0996534170,0.1810133667
-0.0670640022,0.1014485539,0.1810078825
-0.0653419952,0.1034447784,0.1810133667
-0.0629293090,0.1049552348,0.1809930922
-0.0603718123,0.1066945043,0.1812045277
-0.0585557819,0.1083739898,0.1810475025
-0.0557520917,0.1102469152,0.1810133667
-0.0538006582,0.1116407928,0.1810133667
-0.0509077843,0.1134478109,0.1810188509
-0.0482808933,0.1148188400,0.1810133667
-0.0465926742,0.1161258477,0.1809900271
-0.0430399000,0.1179411333,0.1810133667
-0.0404194040,0.1188332214,0.1806788349
-0.0387163348,0.1198672234,0.1811198085
-0.0349610808,0.1211271476,0.1810201936
-0.0309828315,0.1223457955,0.1809576114
-0.0280656387,0.1228475952,0.1808222057
-0.0263336054,0.1235977540,0.1811451518
-0.0227782114,0.1243138397,0.1809635425
-0.0186900699,0.1250828707,0.1809829545
-0.0147013760,0.1257766006,0.1810059323
-0.0106344417,0.1263485045,0.1810833847
-0.0068870352,0.1268267553,0.1809429390
-0.0040749579,0.1268619690,0.1800097722
-0.0052936072,0.1275310364,0.1821842270
-0.0026490040,0.1275672014,0.1811309039
0.0010776921,0.1280176197,0.1809221306
0.0051714039,0.1285782570,0.1810133664
0.0093457736,0.1291455098,0.1810279110
0.0133641167,0.1296750745,0.1811046025
0.0171485494,0.1301093653,0.1808746580
0.0213016351,0.1302072754,0.1810133667
0.0253160102,0.1302072754,0.1810133667
0.0293303890,0.1302072754,0.1810133667
0.0333447612,0.1302072754,0.1810133667
0.0373591372,0.1302072754,0.1810133667
0.0413735135,0.1302072754,0.1810133667
0.0453878924,0.1302072754,0.1810133667
0.0494022662,0.1302072754,0.1810133667
0.0534166452,0.1303028564,0.1812523172
0.0573858118,0.1302253583,0.1810585735
0.0614855424,0.1296318887,0.1810133664
0.0649094177,0.1285885792,0.1809594101
-0.0982349818,0.0654482351,0.1850510825
-0.0974570007,0.0673153839,0.1850277430
-0.0959428071,0.0691699801,0.1850101356
-0.0939916028,0.0722561595,0.1850706310
-0.0925862265,0.0741665900,0.1849608362
-0.0906908343,0.0769628396,0.1850277429
-0.0887591858,0.0786894531,0.1833550873
-0.0894282532,0.0793585205,0.1850277405
-0.0875505570,0.0811714607,0.1850277429
-0.0856368942,0.0835959142,0.1850277430
-0.0839285509,0.0855540359,0.1850143616
-0.0819347458,0.0879225204,0.1850277430
-0.0798702098,0.0898723591,0.1850277430
-0.0779203720,0.0919368942,0.1850277430
-0.0756288280,0.0939942636,0.1850277430
-0.0735937653,0.0956390432,0.1850277430
-0.0715122359,0.0975718909,0.1850277430
-0.0696651693,0.0994818632,0.1848990772
-0.0671667050,0.1012551137,0.1850277430
-0.0653419952,0.1034447784,0.1850277430
-0.0630002705,0.1047829010,0.1850277430
-0.0604355316,0.1065670649,0.1850277430
-0.0584840970,0.1082954779,0.1850277430
-0.0557520917,0.1102469152,0.1850277430
-0.0538006582,0.1116407928,0.1850277430
-0.0509571415,0.1134807159,0.1850277430
-0.0483477997,0.1148188400,0.1847601166
-0.0466794108,0.1161712020,0.1851487443
-0.0430926138,0.1180546717,0.1849851660
-0.0405866699,0.1188332214,0.1850277430
-0.0387433325,0.1199938362,0.1849936069
-0.0347323704,0.1213422031,0.1850277430
-0.0308774800,0.1225052817,0.1850355228
-0.0283762760,0.1228475952,0.1846932106
-0.0266000720,0.1236600266,0.1850755332
-0.0228087161,0.1244724622,0.1850277430
-0.0188810289,0.1252282108,0.1849888437
-0.0149288916,0.1259439539,0.1850355228
-0.0108742008,0.1265730568,0.1850277429
-0.0073743947,0.1268619690,0.1848537860
-0.0059010483,0.1275310364,0.1852566336
-0.0026731143,0.1277986572,0.1850054406
0.0013970173,0.1284129736,0.1850125365
0.0053608253,0.1289780738,0.1850977613
0.0091947845,0.1295063622,0.1849799525
0.0130939457,0.1300516819,0.1849577243
0.0172872575,0.1302072754,0.1850277430
0.0213788346,0.1302587421,0.1851564085
0.0253393491,0.1303317530,0.1852689166
0.0293537286,0.1304251113,0.1851600001
0.0333447612,0.1304940186,0.1850755332
0.0373513577,0.1304406710,0.1851444404
0.0414124129,0.1304095516,0.1851755598
0.0454335109,0.1305418091,0.1850125365
0.0493944866,0.1307363054,0.1848021269
0.0533714382,0.1308582599,0.1849825361
0.0572941655,0.1304505726,0.1849821247
0.0616126652,0.1297054844,0.1850277430
0.0647392464,0.1286632890,0.1848476099
-0.0984149789,0.0655514944,0.1890573252
-0.0974570007,0.0676195054,0.1891941778
-0.0960506048,0.0693498825,0.1889670205
-0.0941407799,0.0725369860,0.1891148436
-0.0926062975,0.0744241791,0.1888748531
-0.0909792569,0.0770370708,0.1890725313
-0.0894282532,0.0794541005,0.1892810713
-0.0876842984,0.0812669905,0.1890256668
-0.0857082611,0.0838813797,0.1891893127
-0.0839236849,0.0857754354,0.1889812955
-0.0819347458,0.0879225204,0.1890421193
-0.0798702098,0.0898723591,0.1890421193
-0.0779203720,0.0919368942,0.1890421193
-0.0756288280,0.0939942636,0.1890421193
-0.0735937653,0.0956390432,0.1890421193
-0.0715122359,0.0975718909,0.1890421193
-0.0696909027,0.0994303970,0.1890421193
-0.0671667050,0.1012551138,0.1890421193
-0.0646729279,0.1027757111,0.1890421193
-0.0653419952,0.1034447784,0.1873694611
-0.0630002705,0.1047829010,0.1890421193
-0.0604355316,0.1065670649,0.1890421193
-0.0584840970,0.1082954779,0.1890421193
-0.0557520917,0.1102469152,0.1890421193
-0.0538006582,0.1116407928,0.1890421193
-0.0509571415,0.1134807159,0.1890421193
-0.0486154251,0.1148188400,0.1890421193
-0.0466825744,0.1162313063,0.1890421193
-0.0430120225,0.1182477875,0.1890421193
-0.0405866699,0.1188332214,0.1877039948
-0.0412557297,0.1195022812,0.1893766479
-0.0387569874,0.1200484538,0.1890489465
-0.0348193480,0.1214425621,0.1890287378
-0.0309330504,0.1225608521,0.1890421193
-0.0285435429,0.1228475952,0.1890421193
-0.0267275126,0.1237078171,0.1890421193
-0.0228642859,0.1245280320,0.1890343394
-0.0189899457,0.1253215680,0.1890032203
-0.0150222495,0.1260217525,0.1890654588
-0.0110078716,0.1266908142,0.1890654588
-0.0079937548,0.1268619690,0.1888509587
-0.0064183278,0.1275310364,0.1890997967
-0.0029013216,0.1279666982,0.1890343394
0.0011385161,0.1286106526,0.1890117073
0.0052137160,0.1292188957,0.1890725313
0.0093953581,0.1297815149,0.1889965012
0.0134066936,0.1302909088,0.1891424789
0.0172872573,0.1305874273,0.1889812941
0.0211955639,0.1307947492,0.1888544553
0.0253160102,0.1308763428,0.1890421193
0.0293303890,0.1308763428,0.1890421193
0.0333447612,0.1308763428,0.1890421193
0.0373591372,0.1308763428,0.1890421193
0.0413735135,0.1308763428,0.1890421193
0.0453878924,0.1308763428,0.1890421193
0.0494022662,0.1308763428,0.1890421193
0.0534166451,0.1308763428,0.1890421193
0.0574699179,0.1305807083,0.1890032203
0.0615123055,0.1297612396,0.1889752129
0.0642012983,0.1289010162,0.1889943288
0.0504058622,0.1315454102,0.1907147827
0.0517439842,0.1315454102,0.1907147827
-0.0986578848,0.0655998424,0.1930136073
-0.0976330711,0.0676675238,0.1932853843
-0.0962463174,0.0695296642,0.1930087051
-0.0942576670,0.0727773729,0.1930990717
-0.0927735615,0.0745078125,0.1927219658
-0.0912890791,0.0770063421,0.1930251334
-0.0896250337,0.0795946592,0.1931548857
-0.0878539843,0.0814837741,0.1930761737
-0.0859491226,0.0839081421,0.1930564957
-0.0838845836,0.0858579821,0.1930564957
-0.0819347458,0.0879225204,0.1930564957
-0.0798702098,0.0898723591,0.1930564957
-0.0779203720,0.0919368942,0.1930564957
-0.0758135985,0.0939067404,0.1930175969
-0.0738792307,0.0956033600,0.1931234015
-0.0715122359,0.0975718909,0.1930564957
-0.0696651693,0.0994818632,0.1931851619
-0.0671667050,0.1012551138,0.1930564957
-0.0646729279,0.1027757111,0.1923874321
-0.0653419952,0.1034447784,0.1940600891
-0.0630002705,0.1047829010,0.1930564957
-0.0604355316,0.1065670649,0.1930564957
-0.0584840970,0.1082954779,0.1930564957
-0.0557520917,0.1102469152,0.1930564957
-0.0538006582,0.1116407928,0.1930564957
-0.0509571415,0.1134807159,0.1930564957
-0.0486154251,0.1148188400,0.1930564957
-0.0467420463,0.1163029438,0.1930260837
-0.0430120225,0.1182477875,0.1930564957
-0.0412557297,0.1195022812,0.1930564957
-0.0388798771,0.1201167257,0.1930633227
-0.0348996353,0.1215094681,0.1930564957
-0.0310019570,0.1226141996,0.1930487156
-0.0285435429,0.1228475952,0.1913838501
-0.0292126064,0.1235166550,0.1930564931
-0.0267697461,0.1237656103,0.1930487156
-0.0229042961,0.1245680422,0.1930564957
-0.0190093951,0.1253869889,0.1931021136
-0.0149798138,0.1261320846,0.1931173196
-0.0110173596,0.1267803763,0.1930156991
-0.0083760777,0.1268619690,0.1928175463
-0.0091407223,0.1275310364,0.1947291565
-0.0067990003,0.1275310364,0.1930564952
-0.0030257984,0.1280756137,0.1930331559
0.0009885779,0.1287446782,0.1930331559
0.0050340738,0.1293826262,0.1930642753
0.0091824749,0.1299335722,0.1930412896
0.0133584585,0.1304717904,0.1930331559
0.0172872575,0.1308763428,0.1930564957
0.0213016351,0.1308763428,0.1930564957
0.0252682201,0.1308763428,0.1930087054
0.0292188786,0.1308763428,0.1925732829
0.0332109486,0.1308763428,0.1921867142
0.0374318620,0.1308763428,0.1923437978
0.0412854793,0.1308763428,0.1921233296
0.0451091169,0.1308763428,0.1917741305
0.0487332039,0.1308763428,0.1913838501
0.0537288757,0.1308763428,0.1930341939
0.0575788359,0.1306740666,0.1930175966
0.0613976086,0.1298249599,0.1930564957
0.0639209290,0.1291367828,0.1928557770
0.0259372774,0.1315454102,0.1945379944
0.0294976535,0.1315454102,0.1941437225
0.0334174862,0.1315454102,0.1937691902
0.0372253242,0.1315454102,0.1939262756
0.0413735129,0.1315454102,0.1937255554
0.0454715252,0.1315454102,0.1932655735
0.0494022664,0.1315454102,0.1930564944
0.0522792381,0.1315454102,0.1928557749
-0.0988674599,0.0657421856,0.1970437478
-0.0976711023,0.0678506360,0.1971110156
-0.0963177872,0.0698469737,0.1970437478
-0.0944638280,0.0729261242,0.1970884788
-0.0927735596,0.0746750793,0.1967363403
-0.0934426270,0.0753441391,0.1984089966
-0.0915734975,0.0771283066,0.1970443217
-0.0896318781,0.0797948638,0.1972599540
-0.0879563110,0.0817225377,0.1970039659
-0.0859714247,0.0840419540,0.1971823815
-0.0839593856,0.0859327839,0.1970126923
-0.0820333445,0.0880211188,0.1968243746
-0.0799304669,0.0899326159,0.1970272373
-0.0780541846,0.0919526369,0.1971889415
-0.0758558317,0.0938867351,0.1970708720
-0.0739442259,0.0958939242,0.1971664516
-0.0714664879,0.0976548091,0.1970451390
-0.0695793915,0.0996534170,0.1970708720
-0.0670530342,0.1014375855,0.1970873243
-0.0653419952,0.1034447784,0.1970708720
-0.0630276911,0.1047719328,0.1970982926
-0.0604355316,0.1065670649,0.1970708720
-0.0584840970,0.1082954779,0.1970708720
-0.0557520917,0.1102469152,0.1970708720
-0.0538006582,0.1116407928,0.1970708720
-0.0509571415,0.1134807159,0.1970708720
-0.0486154251,0.1148188400,0.1970708720
-0.0467569144,0.1163056471,0.1970708720
-0.0430120225,0.1182477875,0.1970708720
-0.0412557297,0.1195022812,0.1970708720
-0.0389140134,0.1201713428,0.1970708720
-0.0349665419,0.1215629929,0.1970976343
-0.0310286304,0.1226564331,0.1970708720
-0.0292126064,0.1235166550,0.1970708720
-0.0268230931,0.1238033981,0.1970708720
-0.0229887621,0.1246369487,0.1970475325
-0.0188421297,0.1255238428,0.1970708720
-0.0146021402,0.1263329450,0.1970786516
-0.0108611670,0.1268619690,0.1970230818
-0.0093079867,0.1275310364,0.1974054031
-0.0065422670,0.1276399518,0.1971097707
-0.0025717409,0.1282913253,0.1970708719
0.0013521411,0.1289181120,0.1970953496
0.0051154624,0.1294867565,0.1969936727
0.0090484499,0.1300516819,0.1970786516
0.0132495415,0.1305651486,0.1970475325
0.0172872575,0.1308763428,0.1970708720
0.0208778952,0.1308763428,0.1960226766
0.0239778881,0.1308763428,0.1953982239
0.0535150384,0.1308763428,0.1971495851
0.0575165972,0.1306118278,0.1970475325
0.0615948701,0.1297944547,0.1971206954
0.0637871183,0.1290921783,0.1967363417
0.0189599171,0.1315454102,0.1980744629
0.0214800521,0.1315454102,0.1973607961
0.0253160098,0.1315454102,0.1970708716
0.0293303890,0.1315454102,0.1970708720
0.0333447612,0.1315454102,0.1970708720
0.0373591372,0.1315454102,0.1970708720
0.0414143101,0.1316270037,0.1972748547
0.0453426855,0.1315634931,0.1971160790
0.0494022662,0.1315454102,0.1970708720
0.0519670067,0.1315454102,0.1967363417
-0.0991529992,0.0656660703,0.2010619088
-0.0977338562,0.0682151600,0.2011429254
-0.0965153577,0.0699420759,0.2010232985
-0.0947052132,0.0729484644,0.2010852479
-0.0934426270,0.0753441391,0.2010852483
-0.0918045750,0.0771782941,0.2010506416
-0.0899358131,0.0799122251,0.2011429254
-0.0880574862,0.0818552622,0.2010444518
-0.0861808475,0.0841888217,0.2011423619
-0.0841713248,0.0860873753,0.2008654144
-0.0822358239,0.0882235981,0.2010092187
-0.0800242002,0.0901378604,0.2008993980
-0.0781497648,0.0921662867,0.2011171072
-0.0758348506,0.0939147097,0.2010444518
-0.0739059937,0.0959512726,0.2010852483
-0.0715107487,0.0979183165,0.2010986292
-0.0695793915,0.0996534170,0.2010852483
-0.0671333498,0.1015454995,0.2011068307
-0.0653419952,0.1034447784,0.2010852483
-0.0629353613,0.1050325505,0.2011002272
-0.0603497552,0.1067386187,0.2009565829
-0.0585557819,0.1083739900,0.2010511126
-0.0557520917,0.1102469152,0.2010852483
-0.0538006582,0.1116407928,0.2010852483
-0.0509571415,0.1134807159,0.2010852483
-0.0486154251,0.1148188400,0.2010852483
-0.0467055521,0.1162664493,0.2010791659
-0.0430120225,0.1182477875,0.2010852483
-0.0412557297,0.1195022812,0.2010852483
-0.0389140134,0.1201713428,0.2010852483
-0.0350669022,0.1216767330,0.2010852483
-0.0310729238,0.1226517706,0.2010444518
-0.0293798709,0.1235166550,0.2014197788
-0.0268475438,0.1238278491,0.2011085876
-0.0228788077,0.1247209702,0.2011521542
-0.0188065412,0.1256234908,0.2010069538
-0.0146799386,0.1263951831,0.2011241473
-0.0111940506,0.1268619690,0.2010275705
-0.0096186218,0.1275310364,0.2012764086
-0.0066511847,0.1277333079,0.2011241473
-0.0026412545,0.1283912506,0.2010852483
0.0014398064,0.1290247529,0.2010774682
0.0052441281,0.1295382233,0.2010852483
0.0090195539,0.1301116965,0.2010852483
0.0132250908,0.1305895996,0.2010852483
0.0172872575,0.1308763428,0.2010852483
0.0504536514,0.1308763428,0.2016109379
0.0534166453,0.1308763428,0.2010852483
0.0573701952,0.1304961909,0.2010852484
0.0615670454,0.1298727486,0.2010244248
0.0189599171,0.1315454102,0.2010852483
0.0213016351,0.1315454102,0.2010852483
0.0253160102,0.1315454102,0.2010852483
0.0293303890,0.1315454102,0.2010852483
0.0333447612,0.1315454102,0.2010852483
0.0373591372,0.1315454102,0.2010852483
0.0413512116,0.1317238281,0.2008399272
0.0453426857,0.1315634931,0.2010400415
0.0491756485,0.1315454102,0.2009017964
0.0517439842,0.1315454102,0.1994125977
-0.0993585502,0.0655723034,0.2050820176
-0.0979499955,0.0682133379,0.2051348383
-0.0966206722,0.0701589012,0.2050996246
-0.0948778747,0.0730779605,0.2050780418
-0.0934426270,0.0756482572,0.2052516826
-0.0919208358,0.0773906844,0.2050537085
-0.0898928755,0.0801205063,0.2051925494
-0.0882573881,0.0820765829,0.2050159922
-0.0862540917,0.0842753482,0.2051385235
-0.0842764633,0.0862052582,0.2050773224
-0.0823826079,0.0883703822,0.2052566485
-0.0801951828,0.0902419370,0.2050996246
-0.0782453450,0.0922618670,0.2050996246
-0.0760087607,0.0942117096,0.2049371381
-0.0741162696,0.0959130404,0.2052047625
-0.0717589101,0.0979402133,0.2050388010
-0.0698860445,0.0996812944,0.2051832561
-0.0672394941,0.1016898551,0.2050941405
-0.0653419952,0.1034447784,0.2050996246
-0.0629805923,0.1050977532,0.2051193026
-0.0603240223,0.1067900848,0.2050996246
-0.0585677295,0.1083791103,0.2050996246
-0.0557520917,0.1102469152,0.2050996246
-0.0538006582,0.1116407928,0.2050996246
-0.0509406891,0.1134807159,0.2051270452
-0.0483477997,0.1148188393,0.2053672485
-0.0466500504,0.1161987829,0.2049741758
-0.0431018503,0.1181145944,0.2051987446
-0.0412557297,0.1195022812,0.2050996246
-0.0389071862,0.1201440341,0.2051201060
-0.0350669022,0.1216767330,0.2050996246
-0.0311683248,0.1226417281,0.2051768239
-0.0294802288,0.1235166550,0.2048320007
-0.0268475437,0.1238278491,0.2050762854
-0.0228066819,0.1247551349,0.2050640363
-0.0187454873,0.1256725237,0.2051962667
-0.0147110576,0.1264263020,0.2050918448
-0.0114824390,0.1268619690,0.2050996246
-0.0098097846,0.1275310364,0.2050996246
-0.0067512103,0.1278177730,0.2050996246
-0.0027146065,0.1284801632,0.2050607257
0.0013731226,0.1290603180,0.2050996246
0.0052441281,0.1295382233,0.2050996246
0.0090195539,0.1301116965,0.2050996246
0.0133489106,0.1304809848,0.2050844186
0.0172872575,0.1308763428,0.2050996246
0.0206853932,0.1308763428,0.2057158645
0.0249814787,0.1308763428,0.2067722778
0.0293303890,0.1308763428,0.2067722778
0.0326756978,0.1308763428,0.2067722778
0.0463171459,0.1308763428,0.2062518955
0.0495006577,0.1308763428,0.2051783375
0.0535759461,0.1307489014,0.2052111348
0.0572804802,0.1302741821,0.2049825390
0.0612012804,0.1299541201,0.2051267486
0.0189599171,0.1315454102,0.2034269714
0.0216122710,0.1315454102,0.2047889895
0.0253160102,0.1315454102,0.2050996246
0.0293303890,0.1315454102,0.2050996246
0.0333447612,0.1315454102,0.2050996246
0.0373591372,0.1315454102,0.2050996246
0.0413735135,0.1315454102,0.2050996246
0.0452561076,0.1315454102,0.2049678400
0.0481477757,0.1315454102,0.2041796665
-0.0994470362,0.0655998420,0.2091740445
-0.0979349038,0.0684623500,0.2091140010
-0.0965911538,0.0704245592,0.2090156097
-0.0951322938,0.0730194308,0.2090969906
-0.0936394115,0.0755802778,0.2092123916
-0.0919816108,0.0775424887,0.2091208281
-0.0900068970,0.0802445739,0.2091592077
-0.0882239349,0.0821685791,0.2091140010
-0.0863321951,0.0846060659,0.2090812034
-0.0845217870,0.0864951859,0.2091140010
-0.0825889392,0.0885767144,0.2091140010
-0.0804487232,0.0905213001,0.2090259664
-0.0785817136,0.0923409045,0.2091268671
-0.0761808060,0.0942117096,0.2091140010
-0.0742519468,0.0962156342,0.2091384787
-0.0718151720,0.0980086397,0.2090638210
-0.0699100768,0.0999379609,0.2091716782
-0.0673622953,0.1017262014,0.2090287284
-0.0656765219,0.1034447784,0.2091140010
-0.0630052637,0.1051224247,0.2091090079
-0.0603240223,0.1067900848,0.2091140010
-0.0585011648,0.1083193727,0.2090935196
-0.0555345104,0.1102333156,0.2091711158
-0.0536811823,0.1116646881,0.2089706305
-0.0508902353,0.1133246010,0.2090693970
-0.0483286833,0.1147232595,0.2093051616
-0.0464865861,0.1160505246,0.2090987951
-0.0430359176,0.1179013081,0.2091617911
-0.0404910894,0.1188332193,0.2093529510
-0.0412557297,0.1195022812,0.2074413452
-0.0387801998,0.1200642929,0.2091675259
-0.0349125023,0.1215223340,0.2091268674
-0.0310175164,0.1226297593,0.2091373405
-0.0285435429,0.1228475876,0.2107866516
-0.0292126064,0.1235166550,0.2091140010
-0.0267853056,0.1237811700,0.2091373405
-0.0229576430,0.1246058295,0.2091062210
-0.0188626111,0.1255101884,0.2091481367
-0.0146756951,0.1263449679,0.2091748248
-0.0112434886,0.1268619690,0.2092095811
-0.0096759708,0.1275310364,0.2089132823
-0.0066978633,0.1277799858,0.2091217808
-0.0026834874,0.1284490438,0.2091217808
0.0014398065,0.1290247529,0.2091217808
0.0052441281,0.1295382233,0.2091140010
0.0090456210,0.1300400117,0.2091444126
0.0134066937,0.1302909088,0.2090136417
0.0171279569,0.1307489014,0.2092255111
0.0213016351,0.1308763428,0.2091140010
0.0253160103,0.1308763428,0.2091140010
0.0293303890,0.1308763428,0.2091140010
0.0333447612,0.1308763428,0.2091140010
0.0372755041,0.1308763428,0.2093230829
0.0414274707,0.1308763428,0.2093837841
0.0453878926,0.1308763428,0.2091140010
0.0495409744,0.1307784305,0.2092527090
0.0532843890,0.1303628725,0.2089817445
0.0574310188,0.1302072754,0.2091140010
0.0610272348,0.1300191045,0.2089467354
0.0259850721,0.1315454102,0.2074413452
0.0343483569,0.1315454102,0.2074413452
0.0375111982,0.1315454102,0.2077454668
0.0413735135,0.1315454102,0.2077758789
0.0443842990,0.1315454102,0.2074413452
-0.0995757027,0.0657542407,0.2131283798
-0.0980015876,0.0684979152,0.2131205998
-0.0967879372,0.0703261681,0.2131283798
-0.0953526924,0.0729268816,0.2131499621
-0.0936656494,0.0755671590,0.2131283798
-0.0920208673,0.0776022263,0.2131283798
-0.0900973104,0.0803621114,0.2131283798
-0.0883874837,0.0821338871,0.2130664294
-0.0865752654,0.0845847787,0.2131599395
-0.0845217870,0.0864951859,0.2131283798
-0.0826149586,0.0887142440,0.2132510412
-0.0804942941,0.0905357998,0.2130299880
-0.0786137632,0.0925694619,0.2131587916
-0.0762902884,0.0945036663,0.2129459083
-0.0744300919,0.0962244735,0.2132398898
-0.0719211070,0.0982781232,0.2130540394
-0.0699836156,0.0999321933,0.2132120128
-0.0674562262,0.1018390244,0.2131283795
-0.0656765213,0.1034447784,0.2131283798
-0.0630306827,0.1051478438,0.2131283798
-0.0603240223,0.1067900848,0.2131283798
-0.0584840970,0.1082954779,0.2131283798
-0.0553820799,0.1101658157,0.2131739977
-0.0535856018,0.1115691071,0.2129372188
-0.0510110983,0.1129411488,0.2131499626
-0.0480801733,0.1146047403,0.2131685236
-0.0461993619,0.1159153595,0.2129982842
-0.0428660192,0.1175744719,0.2131340495
-0.0401143902,0.1187545072,0.2134629113
-0.0383329847,0.1198368111,0.2130227384
-0.0349438197,0.1210928824,0.2131473158
-0.0309603589,0.1223423817,0.2131898243
-0.0280803435,0.1228475940,0.2134629118
-0.0264278552,0.1236432353,0.2129385104
-0.0228066822,0.1243992512,0.2131924390
-0.0189181595,0.1252501352,0.2131435859
-0.0149202842,0.1260790249,0.2130927916
-0.0109847222,0.1267640574,0.2132181322
-0.0084716587,0.1268619690,0.2141319733
-0.0092745335,0.1275310364,0.2122585968
-0.0065733863,0.1276710704,0.2131206001
-0.0026212489,0.1282934469,0.2131050404
0.0012297517,0.1288691559,0.2131283798
0.0050496333,0.1293981859,0.2132139577
0.0093848832,0.1297909753,0.2131358137
0.0132276743,0.1301891925,0.2131735869
0.0174146979,0.1303187866,0.2129531490
0.0212938553,0.1305495889,0.2131361595
0.0253160102,0.1305895996,0.2131761693
0.0293303890,0.1305895996,0.2131761693
0.0333525411,0.1306273875,0.2132295167
0.0373357980,0.1307518651,0.2133695540
0.0414507128,0.1308248761,0.2132570460
0.0454101948,0.1306533203,0.2132844944
0.0492907566,0.1303347168,0.2129690792
0.0534166451,0.1302072754,0.2131283798
0.0574310188,0.1302072754,0.2131283798
0.0604789751,0.1301701050,0.2128681886
-0.0997074873,0.0654298460,0.2172035776
-0.0980949455,0.0686379515,0.2171194142
-0.0967879372,0.0703261681,0.2171427536
-0.0954498146,0.0730024216,0.2171427536
-0.0936098938,0.0758459358,0.2171427536
-0.0920868930,0.0776682526,0.2170547188
-0.0902311239,0.0803398097,0.2172096598
-0.0885767129,0.0822780616,0.2170211057
-0.0865178268,0.0847890745,0.2171762067
-0.0846704661,0.0865695267,0.2166595408
-0.0829200918,0.0889078667,0.2171427536
-0.0807304306,0.0907325821,0.2171427536
-0.0789361299,0.0927499064,0.2171123414
-0.0764799154,0.0945501790,0.2170443618
-0.0746331250,0.0964890476,0.2172121844
-0.0721479737,0.0982999126,0.2171081464
-0.0702367138,0.0999938174,0.2171427536
-0.0675266823,0.1019701049,0.2171632351
-0.0655650126,0.1036677984,0.2171427536
-0.0628960724,0.1052874393,0.2171153329
-0.0603240223,0.1067900848,0.2171427536
-0.0586513628,0.1081282120,0.2171427536
-0.0553454063,0.1100173334,0.2172017885
-0.0535664856,0.1114735260,0.2168751282
-0.0509348394,0.1127558979,0.2171093005
-0.0477233395,0.1144741720,0.2172745389
-0.0458619713,0.1156937667,0.2170398207
-0.0428755687,0.1171077396,0.2170899329
-0.0395830754,0.1185970796,0.2172411454
-0.0378466984,0.1195978612,0.2168400821
-0.0349057184,0.1205484510,0.2171488359
-0.0308718788,0.1219109041,0.2170892285
-0.0273825192,0.1227295238,0.2173788937
-0.0258254738,0.1235166550,0.2168500385
-0.0228843834,0.1240045161,0.2170869983
-0.0188216479,0.1249503614,0.2172178525
-0.0147517244,0.1257975512,0.2171275475
-0.0108356790,0.1265497406,0.2171650557
-0.0078444107,0.1268619690,0.2174354687
-0.0064413987,0.1275310364,0.2169927910
-0.0029518903,0.1279872079,0.2171275475
0.0011182413,0.1286015289,0.2171204515
0.0053853746,0.1291070465,0.2171353197
0.0092585048,0.1295382233,0.2171427536
0.0133601500,0.1297418462,0.2170118501
0.0171438871,0.1300297699,0.2174363216
0.0212564282,0.1301891925,0.2171879607
0.0253160102,0.1302072754,0.2171427536
0.0293303890,0.1302072754,0.2171427536
0.0333447612,0.1302072754,0.2171427536
0.0374043444,0.1302253583,0.2170975466
0.0413066072,0.1302741821,0.2169754875
0.0453878924,0.1302072754,0.2171427536
0.0494022662,0.1302072754,0.2171427536
0.0534166451,0.1302072754,0.2171427536
0.0574310188,0.1302072754,0.2171427536
0.0598683259,0.1302072754,0.2169038021
-0.0997987223,0.0653081980,0.2211571299
-0.0981260648,0.0686535110,0.2211571299
-0.0967879372,0.0703261681,0.2211571299
-0.0954498146,0.0730024216,0.2211571299
-0.0936098938,0.0758459358,0.2211571299
-0.0921406652,0.0777491492,0.2211661711
-0.0901792377,0.0804645193,0.2211912658
-0.0885361633,0.0824808070,0.2211571299
-0.0866332943,0.0849160527,0.2211463384
-0.0847448044,0.0867182083,0.2211571299
-0.0829606412,0.0890065953,0.2211813711
-0.0807304306,0.0907325821,0.2204880676
-0.0813994980,0.0914016418,0.2221607208
-0.0790004294,0.0929787205,0.2212049199
-0.0767160568,0.0947469635,0.2211571299
-0.0748970416,0.0966286983,0.2211571298
-0.0723671478,0.0985606171,0.2210233170
-0.0704854121,0.1002109704,0.2212686405
-0.0677155680,0.1021225782,0.2210774790
-0.0658437869,0.1036677984,0.2212686405
-0.0630107247,0.1054624165,0.2211466756
-0.0604912882,0.1067900848,0.2208225975
-0.0587009230,0.1082397228,0.2212066902
-0.0552042360,0.1101499489,0.2210553158
-0.0535664852,0.1114735260,0.2214247559
-0.0510362124,0.1126170169,0.2211875419
-0.0475053867,0.1143778674,0.2211723359
-0.0456269424,0.1155771088,0.2208672017
-0.0430361199,0.1167466488,0.2211287798
-0.0392485435,0.1183968730,0.2212153095
-0.0374643771,0.1195022812,0.2208225979
-0.0348537194,0.1201582239,0.2211768081
-0.0308466602,0.1214708679,0.2211185300
-0.0269564610,0.1225830802,0.2211337905
-0.0245291615,0.1228475933,0.2218261948
-0.0251982250,0.1235166550,0.2201535339
-0.0227398093,0.1237500506,0.2211493502
-0.0188793001,0.1246020259,0.2211348277
-0.0148695708,0.1254680874,0.2210734971
-0.0107115630,0.1262801772,0.2212153095
-0.0071566032,0.1268619690,0.2213070926
-0.0056615941,0.1275310364,0.2209564107
-0.0026285101,0.1277540532,0.2211348277
0.0014398062,0.1283245662,0.2210559923
0.0052012396,0.1288520003,0.2211828629
0.0090912391,0.1293253382,0.2211419241
0.0133180881,0.1295563058,0.2211119228
0.0172544601,0.1299186635,0.2210325003
0.0212128816,0.1298113042,0.2210137588
0.0254654812,0.1297944540,0.2211357769
0.0293303890,0.1302072754,0.2211571299
0.0333447612,0.1302072754,0.2211571299
0.0373591372,0.1302072754,0.2211571299
0.0414632662,0.1303051877,0.2213284752
0.0453645528,0.1304717904,0.2212427067
0.0494256055,0.1304717904,0.2212427067
0.0534244249,0.1303628725,0.2213671843
0.0574310188,0.1302072754,0.2211571299
0.0597727470,0.1302072754,0.2198190002
-0.0998934008,0.0651188403,0.2252030657
-0.0981260648,0.0686535110,0.2251715062
-0.0967879372,0.0703261681,0.2251715062
-0.0954498146,0.0730024216,0.2251715062
-0.0936098938,0.0758459358,0.2251715062
-0.0922160098,0.0777973696,0.2251715062
-0.0902645769,0.0805293779,0.2251715062
-0.0885361633,0.0824808070,0.2251715062
-0.0867081263,0.0849632867,0.2251989268
-0.0847448044,0.0867182083,0.2248369751
-0.0854138718,0.0873872681,0.2265096283
-0.0832197387,0.0891484788,0.2251419886
-0.0813994980,0.0914016418,0.2251715062
-0.0791826023,0.0932390708,0.2251465411
-0.0767160568,0.0947469635,0.2234988556
-0.0773851242,0.0954160233,0.2251715037
-0.0750147251,0.0970217725,0.2251906219
-0.0725009583,0.0986944305,0.2247031631
-0.0707867785,0.1004685985,0.2252868613
-0.0679973302,0.1023575459,0.2250460572
-0.0661094443,0.1039170559,0.2253289324
-0.0631306811,0.1057921637,0.2251318158
-0.0606585541,0.1067900848,0.2241679128
-0.0613276138,0.1074591522,0.2258405685
-0.0589397521,0.1083935300,0.2251945769
-0.0554733157,0.1102874641,0.2251106821
-0.0536556941,0.1115627350,0.2254614329
-0.0509236883,0.1127782001,0.2251715060
-0.0475061872,0.1144314890,0.2251362923
-0.0457161503,0.1155994110,0.2255060357
-0.0430646799,0.1167021298,0.2251467263
-0.0390879688,0.1183514929,0.2251715063
-0.0372413521,0.1195022812,0.2251715062
-0.0347323704,0.1200040770,0.2251715062
-0.0307179949,0.1213422031,0.2251715062
-0.0268319842,0.1224741623,0.2251326074
-0.0243061415,0.1228475944,0.2255060374
-0.0226688420,0.1237124796,0.2251470285
-0.0187943390,0.1244724622,0.2251715062
-0.0149711252,0.1253326819,0.2251715062
-0.0109654369,0.1261320846,0.2251106824
-0.0070029831,0.1267803762,0.2252123026
-0.0044572778,0.1268619690,0.2261750997
-0.0051263404,0.1275310364,0.2245024452
-0.0026559587,0.1275825019,0.2250943068
0.0010624860,0.1281331831,0.2252384125
0.0050496333,0.1286979991,0.2251481667
0.0092974037,0.1291647903,0.2251326074
0.0132728812,0.1295382233,0.2251715062
0.0173105969,0.1298494103,0.2251948455
0.0212614911,0.1298727487,0.2253320807
0.0252095681,0.1300400124,0.2250042402
0.0293303890,0.1302072754,0.2251715062
0.0333899680,0.1302253583,0.2252167132
0.0373882282,0.1304690844,0.2252733194
0.0412731546,0.1307927094,0.2250376934
0.0453878924,0.1308763428,0.2251715062
0.0494022662,0.1308763428,0.2251715062
0.0534618519,0.1308582599,0.2251262995
0.0572470266,0.1306254425,0.2248871540
-0.0999102325,0.0650851767,0.2291858851
-0.0980949455,0.0686379513,0.2292092246
-0.0967879372,0.0703261681,0.2291858851
-0.0954498146,0.0730024216,0.2291858851
-0.0936098938,0.0758459358,0.2291858851
-0.0922160098,0.0777973696,0.2291858851
-0.0902645769,0.0805293779,0.2291858851
-0.0885361633,0.0824808070,0.2291858851
-0.0867629673,0.0850949055,0.2291913692
-0.0854138718,0.0873872681,0.2291858851
-0.0833753204,0.0891958299,0.2291545227
-0.0815962785,0.0916377833,0.2292842757
-0.0794581183,0.0935294839,0.2290049093
-0.0776081421,0.0955944392,0.2294758108
-0.0751811474,0.0974133710,0.2291662066
-0.0727016754,0.0987613373,0.2278477631
-0.0733707428,0.0994303970,0.2295204132
-0.0709950869,0.1009236681,0.2292392158
-0.0683945851,0.1026084442,0.2288095379
-0.0666296198,0.1042022053,0.2293310581
-0.0635123087,0.1061210246,0.2290561688
-0.0617211791,0.1075772216,0.2295204154
-0.0590018245,0.1089247159,0.2291699546
-0.0558671989,0.1105238926,0.2290024325
-0.0540157144,0.1116885834,0.2293053605
-0.0509747484,0.1131637912,0.2291682779
-0.0478985703,0.1146037851,0.2290664095
-0.0460314553,0.1156955414,0.2292897049
-0.0429344718,0.1170449954,0.2292284615
-0.0391295993,0.1184763855,0.2291189789
-0.0374086199,0.1195022812,0.2295204144
-0.0347792044,0.1200642926,0.2292126474
-0.0307418900,0.1213456167,0.2292200208
-0.0268631033,0.1225052817,0.2291936649
-0.0245291615,0.1228475952,0.2291858851
-0.0227086901,0.1237189312,0.2292247840
-0.0188877477,0.1245506640,0.2292010907
-0.0149392649,0.1253900302,0.2292676588
-0.0108279221,0.1261929084,0.2292440643
-0.0069750697,0.1268091485,0.2290626369
-0.0044572778,0.1268619690,0.2275132294
-0.0052936078,0.1275310364,0.2295204144
-0.0025616037,0.1276266153,0.2292655349
0.0012297516,0.1282000893,0.2291858849
0.0050370376,0.1287576447,0.2291221648
0.0092128867,0.1292341017,0.2292010907
0.0132728812,0.1295382233,0.2291858851
0.0173368179,0.1299304671,0.2291212147
0.0211264041,0.1301116965,0.2290106543
0.0254330962,0.1302741821,0.2293364235
0.0293151833,0.1305113969,0.2292315025
0.0332991430,0.1307242820,0.2289577952
0.0373591372,0.1308763428,0.2291858851
0.0413735135,0.1308763428,0.2291858851
0.0453878924,0.1308763428,0.2291858851
0.0494022662,0.1308763428,0.2291858851
0.0534166451,0.1308763428,0.2291858851
0.0565612373,0.1308763428,0.2290520729
-0.0997318163,0.0653974066,0.2330738803
-0.0980015874,0.0684979152,0.2332080387
-0.0967879372,0.0703261681,0.2332002589
-0.0954059413,0.0729420959,0.2331838066
-0.0936098938,0.0758459358,0.2332002589
-0.0921949131,0.0778033971,0.2332454657
-0.0902645769,0.0805293779,0.2332002589
-0.0885624013,0.0824676882,0.2331018677
-0.0869112997,0.0851039589,0.2332374287
-0.0854138718,0.0873872681,0.2332002589
-0.0836333007,0.0892541704,0.2331894674
-0.0816427904,0.0918274110,0.2333827300
-0.0797858748,0.0936974486,0.2330493915
-0.0778630238,0.0958461342,0.2333436285
-0.0755513906,0.0977577416,0.2331011384
-0.0737212056,0.0996852773,0.2335666482
-0.0711937938,0.1015074877,0.2331353496
-0.0686873016,0.1027757111,0.2318621368
-0.0694678802,0.1034447784,0.2337578074
-0.0669597227,0.1047829008,0.2332551814
-0.0640810644,0.1065070211,0.2329171941
-0.0623230485,0.1079487081,0.2333716029
-0.0590124445,0.1097212210,0.2331843286
-0.0563400563,0.1107436426,0.2326224324
-0.0573132362,0.1114735260,0.2348729095
-0.0547013195,0.1120525247,0.2333031910
-0.0509571415,0.1137483404,0.2331333527
-0.0482808930,0.1147630850,0.2326984622
-0.0465939984,0.1159434350,0.2333212585
-0.0429588013,0.1174707617,0.2331820116
-0.0395830751,0.1186561154,0.2331018672
-0.0378732491,0.1195394512,0.2335347892
-0.0350066859,0.1202650117,0.2331868774
-0.0309180572,0.1215619434,0.2331936993
-0.0271257643,0.1226245728,0.2331524684
-0.0245291615,0.1228475952,0.2315276031
-0.0254212483,0.1235166550,0.2335347900
-0.0228274165,0.1239239130,0.2332729824
-0.0188421296,0.1249216881,0.2331601147
-0.0147550302,0.1257711061,0.2331420792
-0.0108059429,0.1265200051,0.2332076925
-0.0075477136,0.1268619690,0.2328975881
-0.0061856937,0.1275310364,0.2334232788
-0.0027920587,0.1278729964,0.2331928243
0.0013170207,0.1284764424,0.2332148033
0.0054230638,0.1290247529,0.2332702764
0.0091469943,0.1294867565,0.2330887486
0.0133529302,0.1298254953,0.2332423801
0.0173107214,0.1301918924,0.2332393018
0.0213928709,0.1303897483,0.2333523178
0.0251885696,0.1307648315,0.2330250280
0.0293303890,0.1308763428,0.2332002589
0.0333447612,0.1308763428,0.2332002589
0.0373591372,0.1308763428,0.2332002589
0.0413735135,0.1308763428,0.2332002589
0.0453878924,0.1308763428,0.2332002589
0.0494022662,0.1308763428,0.2332002589
0.0534166451,0.1308763428,0.2332002589
0.0562044029,0.1308763428,0.2327542178
-0.0991668320,0.0662746234,0.2359880219
-0.0979545098,0.0686020449,0.2370001941
-0.0966206713,0.0704098005,0.2373819036
-0.0952306390,0.0729793495,0.2371338888
-0.0936433472,0.0756786697,0.2370808250
-0.0921860932,0.0774818767,0.2372554344
-0.0902645769,0.0805293779,0.2372146378
-0.0885919189,0.0824529295,0.2373819036
-0.0869750195,0.0850933387,0.2371668476
-0.0854138718,0.0875545349,0.2375491695
-0.0837770568,0.0892988772,0.2371548999
-0.0819070603,0.0919553512,0.2372723157
-0.0799657903,0.0938867351,0.2372146374
-0.0780884955,0.0961708626,0.2373604584
-0.0759783711,0.0980751173,0.2370516604
-0.0740940541,0.1000994595,0.2373864239
-0.0717049137,0.1019837594,0.2370849211
-0.0698710336,0.1037793083,0.2374977018
-0.0671294846,0.1055618085,0.2371497281
-0.0645391144,0.1067900848,0.2363448547
-0.0653419952,0.1074591522,0.2382182312
-0.0628815658,0.1084627437,0.2372793852
-0.0594076950,0.1102663078,0.2370546437
-0.0577146749,0.1115627350,0.2376829824
-0.0549658482,0.1125848524,0.2372316470
-0.0511980042,0.1142702095,0.2370942059
-0.0486154251,0.1148188400,0.2355419769
-0.0495075048,0.1154878998,0.2375491689
-0.0469134207,0.1163565122,0.2372791960
-0.0429344718,0.1180303414,0.2371477312
-0.0400609779,0.1188332214,0.2368801062
-0.0384562326,0.1197135632,0.2373730995
-0.0348406008,0.1207092176,0.2372736724
-0.0308393443,0.1219292710,0.2372605531
-0.0276686117,0.1227703951,0.2369315725
-0.0260278642,0.1235969431,0.2375224060
-0.0228966499,0.1243462958,0.2371209686
-0.0188626114,0.1253736454,0.2372897361
-0.0148416932,0.1262068469,0.2372006982
-0.0110936599,0.1267896382,0.2369705200
-0.0082486364,0.1268619690,0.2357649994
-0.0096090652,0.1275310364,0.2379506073
-0.0066200650,0.1276866299,0.2372846559
-0.0027325866,0.1282744303,0.2372220710
0.0011908527,0.1288535962,0.2372068577
0.0050768626,0.1293709564,0.2371081956
0.0094105642,0.1297206920,0.2373058732
0.0131725219,0.1301236439,0.2370808250
0.0174241110,0.1304049544,0.2372906674
0.0211901245,0.1308248761,0.2371031271
0.0253160102,0.1308763428,0.2372146378
0.0293303890,0.1308763428,0.2368801056
0.0333925517,0.1308763428,0.2371668474
0.0373591372,0.1308763428,0.2372146378
0.0412822778,0.1308763428,0.2370625777
0.0454356828,0.1308763428,0.2367845252
0.0494022664,0.1308763428,0.2372146378
0.0531051845,0.1308763428,0.2369723905
0.0261857914,0.1315454102,0.2387534760
0.0293303890,0.1315454102,0.2385527649
0.0330102296,0.1315454102,0.2387200241
0.0373591385,0.1315454102,0.2388872833
0.0416411400,0.1315454102,0.2386196686
0.0452206278,0.1315454102,0.2383018646
0.0479526329,0.1315454102,0.2386642710
-0.0974570007,0.0696571045,0.2395563507
-0.0965203125,0.0705268860,0.2398239777
-0.0947970711,0.0733043148,0.2406333819
-0.0935382080,0.0756308790,0.2410378505
-0.0920069283,0.0775185935,0.2412568893
-0.0900675751,0.0805628303,0.2411323690
-0.0885361633,0.0824808070,0.2412290115
-0.0868858116,0.0851793610,0.2412290115
-0.0854138718,0.0877218018,0.2412290115
-0.0838436209,0.0895036923,0.2412494930
-0.0819012928,0.0922008016,0.2412847667
-0.0802286363,0.0941197133,0.2411453786
-0.0782863083,0.0965356783,0.2413041098
-0.0763146182,0.0983598978,0.2409747675
-0.0744437678,0.1005034227,0.2413110654
-0.0722060784,0.1023792284,0.2410679406
-0.0703454179,0.1042011075,0.2413453701
-0.0675582585,0.1061070859,0.2410756845
-0.0657561725,0.1076503122,0.2415316831
-0.0630162006,0.1091477372,0.2412130812
-0.0600162521,0.1106171295,0.2409480048
-0.0582499248,0.1117985012,0.2414297307
-0.0549891252,0.1131990049,0.2411996663
-0.0517664920,0.1145814317,0.2410455583
-0.0500031073,0.1156613617,0.2414396424
-0.0469543012,0.1169183142,0.2412520823
-0.0431901969,0.1184405080,0.2410690182
-0.0405866699,0.1188332214,0.2398908844
-0.0415066295,0.1195022812,0.2418144417
-0.0388116048,0.1199801818,0.2413177646
-0.0349135750,0.1210913053,0.2412011340
-0.0309789287,0.1222588173,0.2412290112
-0.0283205204,0.1228475952,0.2408944804
-0.0266319324,0.1237556076,0.2412608712
-0.0228436394,0.1248419156,0.2412418779
-0.0188566744,0.1258147409,0.2412144666
-0.0149392647,0.1265943451,0.2412513136
-0.0118647605,0.1268619690,0.2407033190
-0.0131550961,0.1275310364,0.2429016724
-0.0105415707,0.1275519443,0.2414590015
-0.0069848515,0.1280068068,0.2411769731
-0.0029407392,0.1286461334,0.2412067091
0.0012223178,0.1292111237,0.2412215773
0.0053779408,0.1296218548,0.2413293709
0.0090832740,0.1300957667,0.2411015709
0.0134321817,0.1303347168,0.2413405217
0.0171485494,0.1307784305,0.2410903034
0.0211134610,0.1308763428,0.2410826540
0.0241451511,0.1308763428,0.2397236176
0.0373591385,0.1308763428,0.2395563507
0.0502571780,0.1308763428,0.2408201396
0.0521156883,0.1308763428,0.2405227780
0.0223609848,0.1315454102,0.2419538294
0.0253160105,0.1315454102,0.2412290115
0.0293303890,0.1315454102,0.2412290115
0.0333447612,0.1315454102,0.2412290115
0.0373591374,0.1315454102,0.2412290115
0.0413735135,0.1315454102,0.2412290115
0.0453878924,0.1315454102,0.2412290115
0.0489438354,0.1315454102,0.2413900819
-0.0913462280,0.0780203908,0.2439721731
-0.0899380108,0.0805692022,0.2442079366
-0.0884246536,0.0820682190,0.2449088608
-0.0867402611,0.0851922727,0.2450849283
-0.0847448044,0.0867182083,0.2469160461
-0.0854138718,0.0877218018,0.2452433904
-0.0839255466,0.0895173471,0.2452775262
-0.0819781445,0.0922876991,0.2452885973
-0.0804473695,0.0942065629,0.2451661911
-0.0785113766,0.0968099028,0.2453214472
-0.0765487900,0.0985940704,0.2447415937
-0.0748001039,0.1008597588,0.2452738021
-0.0724958126,0.1026213109,0.2448059270
-0.0707175652,0.1045175831,0.2453702811
-0.0680405403,0.1064109510,0.2450872757
-0.0661639814,0.1079370520,0.2453485282
-0.0630448748,0.1097116628,0.2451876348
-0.0604912882,0.1108044662,0.2449088593
-0.0587879063,0.1120197019,0.2452502174
-0.0549304354,0.1137389500,0.2452962106
-0.0522116342,0.1147352076,0.2449088593
-0.0504051650,0.1158893402,0.2453437496
-0.0469731777,0.1174464322,0.2451886486
-0.0437981710,0.1186548035,0.2450649740
-0.0420084283,0.1195859137,0.2454942869
-0.0389891117,0.1203351950,0.2451819458
-0.0348668384,0.1214569928,0.2452499494
-0.0310019571,0.1225675205,0.2451889315
-0.0285435429,0.1228475952,0.2435707397
-0.0293798709,0.1235166550,0.2455779190
-0.0267638330,0.1240385265,0.2452835336
-0.0229583200,0.1251602224,0.2452143007
-0.0188626112,0.1261655993,0.2452911804
-0.0150667050,0.1268237370,0.2450809038
-0.0134227242,0.1275310364,0.2455110153
-0.0106156994,0.1277135051,0.2452585962
-0.0065861170,0.1283673553,0.2452738020
-0.0026412539,0.1289328766,0.2453071107
0.0010792126,0.1294713165,0.2451263042
0.0052218259,0.1298950511,0.2452210880
0.0092585048,0.1302072754,0.2452433904
0.0131167664,0.1306533203,0.2452210880
0.0172872575,0.1308763428,0.2452433904
0.0201546704,0.1308763428,0.2449088593
0.0504058571,0.1308763428,0.2435707397
0.0215915618,0.1315454102,0.2454218068
0.0253160102,0.1315454102,0.2452433904
0.0293303890,0.1315454102,0.2452433904
0.0333447612,0.1315454102,0.2452433904
0.0373591372,0.1315454102,0.2452433904
0.0413735135,0.1315454102,0.2452433904
0.0453878924,0.1315454102,0.2452433904
0.0486216942,0.1315454102,0.2444628184
-0.0835739483,0.0895617229,0.2479530937
-0.0819411181,0.0922618670,0.2483178907
-0.0804263150,0.0940170725,0.2487407629
-0.0783821558,0.0968722169,0.2488707584
-0.0761499252,0.0986069359,0.2496952268
-0.0747869249,0.1007908244,0.2490012906
-0.0721759862,0.1025367584,0.2494967150
-0.0706944936,0.1045682955,0.2488348665
-0.0677183133,0.1064901607,0.2493615844
-0.0663084132,0.1079609466,0.2488674774
-0.0630671768,0.1094663389,0.2493452569
-0.0599286662,0.1105611690,0.2500484737
-0.0585449213,0.1119145010,0.2490296749
-0.0549715186,0.1134503026,0.2493489997
-0.0519049810,0.1145958176,0.2498710709
-0.0504104685,0.1158632303,0.2490537816
-0.0468695871,0.1173905499,0.2494250298
-0.0434349662,0.1185464776,0.2498216875
-0.0400848732,0.1188332157,0.2507631531
-0.0420160314,0.1196239284,0.2487407622
-0.0388625466,0.1202356752,0.2494121631
-0.0349166462,0.1213507067,0.2493881745
-0.0310916729,0.1224347666,0.2495211182
-0.0277528296,0.1227259438,0.2505654755
-0.0295471344,0.1235166550,0.2485887032
-0.0266672557,0.1239384573,0.2490395919
-0.0228975885,0.1247374013,0.2493810125
-0.0189018672,0.1257030565,0.2492936069
-0.0149615669,0.1263802440,0.2494317200
-0.0114824396,0.1267616093,0.2501944504
-0.0134896317,0.1275310364,0.2479196396
-0.0104406136,0.1277030779,0.2488850010
-0.0067375562,0.1281864364,0.2493328630
-0.0027348009,0.1287979785,0.2493360586
0.0012223178,0.1293003326,0.2493990106
0.0052085397,0.1297944540,0.2493075880
0.0092507250,0.1301450373,0.2493900203
0.0131419775,0.1306290787,0.2493159432
0.0172483586,0.1307674248,0.2495144973
0.0209403414,0.1307960547,0.2500472577
0.0253160102,0.1308763428,0.2505958862
0.0289958579,0.1308763428,0.2507073975
0.0336123850,0.1308763428,0.2506627930
0.0373591372,0.1308763428,0.2505958862
0.0411823534,0.1307807617,0.2504525168
0.0445515671,0.1308763428,0.2492577629
0.0214410224,0.1315454102,0.2486165803
0.0253160102,0.1315454102,0.2489232330
0.0294091020,0.1315454102,0.2491593727
0.0332535255,0.1315454102,0.2491057046
0.0373591372,0.1315454102,0.2489232330
0.0413158358,0.1315454102,0.2488770910
0.0449746486,0.1315454102,0.2483328848
-0.0595115863,0.1103265653,0.2515994873
-0.0576477699,0.1114735260,0.2515994873
-0.0547113274,0.1125886319,0.2518596802
-0.0513753061,0.1141915941,0.2518922043
-0.0496190147,0.1154878998,0.2515994873
-0.0469799360,0.1165286696,0.2515994873
-0.0442665157,0.1174950867,0.2515994873
-0.0399176064,0.1188332214,0.2515994873
-0.0380442299,0.1196360931,0.2515994873
-0.0345651045,0.1205058742,0.2518503876
-0.0310711110,0.1215466359,0.2518596802
-0.0276068523,0.1225799683,0.2515994873
-0.0229042966,0.1238989792,0.2515994873
-0.0187306190,0.1249291212,0.2515994873
-0.0143020619,0.1257150040,0.2518384399
-0.0106661829,0.1264070068,0.2521882629
-0.0069901615,0.1268619690,0.2526508702
-0.0041227479,0.1268619690,0.2532721405
-0.0091407223,0.1275310364,0.2515994873
-0.0063390203,0.1276146674,0.2520594683
-0.0026665550,0.1279442740,0.2525243674
0.0011437293,0.1284868321,0.2526699868
0.0053444876,0.1289193359,0.2528205269
0.0093142600,0.1293337839,0.2526960055
0.0131921322,0.1297458570,0.2523608346
0.0172593799,0.1299285005,0.2522964280
0.0214627058,0.1301824957,0.2522933287
0.0253561536,0.1304213770,0.2521347375