t,x_r,y_r,z_r,x_sim,y_sim,z_sim,f_x,f_y,f_z,f_mag,ctrl_time
0.019,0.000000,0.000000,0.000000,-0.018696,-0.007561,0.117904,0.222177,0.143745,-0.500000,0.565708,0.000000
0.044,-0.018500,-0.026915,0.130000,-0.018696,-0.007558,0.117905,0.222188,0.143752,-0.500000,0.565714,0.000000
0.069,-0.018500,-0.026830,0.130000,-0.018695,-0.007557,0.117905,0.222197,0.143755,-0.500000,0.565718,59.111000
0.094,-0.018500,-0.026745,0.130000,-0.018694,-0.007558,0.117905,0.222200,0.143757,-0.500000,0.565720,16.631000
0.119,-0.018500,-0.026660,0.130000,-0.018694,-0.007557,0.117905,0.222198,0.143758,-0.500000,0.565719,21.510000
0.144,-0.018500,-0.026575,0.130000,-0.018694,-0.007557,0.117905,0.222193,0.143754,-0.500000,0.565716,21.890000
0.169,-0.018500,-0.026405,0.130000,-0.018694,-0.007557,0.117905,0.222183,0.143747,-0.500000,0.565711,21.059000
0.194,-0.018500,-0.026320,0.130000,-0.018695,-0.007558,0.117905,0.222169,0.143742,-0.500000,0.565704,21.746000
0.219,-0.018500,-0.026235,0.130000,-0.018696,-0.007558,0.117904,0.222159,0.143737,-0.500000,0.565699,21.278000
0.244,-0.018500,-0.026150,0.130000,-0.018697,-0.007558,0.117904,0.222150,0.143728,-0.500000,0.565693,22.966000
0.269,-0.018500,-0.026065,0.130000,-0.018698,-0.007560,0.117904,0.222136,0.143722,-0.500000,0.565686,25.447000
0.294,-0.018500,-0.025980,0.130000,-0.018699,-0.007560,0.117903,0.222118,0.143721,-0.500000,0.565678,23.094000
0.319,-0.018500,-0.025895,0.130000,-0.018701,-0.007558,0.117902,0.222105,0.143721,-0.500000,0.565673,24.404000
0.344,-0.018500,-0.025810,0.130000,-0.018703,-0.007556,0.117902,0.222098,0.143718,-0.500000,0.565670,25.340000
0.369,-0.018500,-0.025725,0.130000,-0.018704,-0.007556,0.117902,0.222087,0.143716,-0.500000,0.565665,25.248000
0.394,-0.018500,-0.025640,0.130000,-0.018705,-0.007555,0.117901,0.222073,0.143715,-0.500000,0.565659,24.512000
0.419,-0.018500,-0.025555,0.130000,-0.018707,-0.007553,0.117901,0.222064,0.143711,-0.500000,0.565655,24.613000
0.444,-0.018500,-0.025470,0.130000,-0.018708,-0.007554,0.117900,0.222059,0.143702,-0.500000,0.565650,23.783000
0.469,-0.018500,-0.025385,0.130000,-0.018707,-0.007556,0.117900,0.222048,0.143696,-0.500000,0.565645,23.708000
0.494,-0.018500,-0.025300,0.130000,-0.018708,-0.007556,0.117900,0.222036,0.143694,-0.500000,0.565639,23.415000
0.519,-0.018500,-0.025215,0.130000,-0.018710,-0.007555,0.117899,0.222030,0.143689,-0.500000,0.565636,23.538000
0.544,-0.018500,-0.025130,0.130000,-0.018710,-0.007556,0.117899,0.222028,0.143678,-0.500000,0.565632,24.277000
0.569,-0.018500,-0.025045,0.130000,-0.018709,-0.007560,0.117899,0.222022,0.143665,-0.500000,0.565627,22.998000
0.594,-0.018500,-0.024960,0.130000,-0.018709,-0.007563,0.117899,0.222012,0.143652,-0.500000,0.565619,23.343000
0.619,-0.018500,-0.024875,0.130000,-0.018709,-0.007566,0.117898,0.222005,0.143636,-0.500000,0.565612,22.491000
0.644,-0.018500,-0.024790,0.130000,-0.018708,-0.007571,0.117898,0.221997,0.143615,-0.500000,0.565604,21.838000
0.669,-0.018500,-0.024705,0.130000,-0.018707,-0.007577,0.117897,0.221980,0.143597,-0.500000,0.565593,22.240000
0.694,-0.018500,-0.024620,0.130000,-0.018707,-0.007580,0.117897,0.221960,0.143584,-0.500000,0.565582,22.212000
0.719,-0.018500,-0.024535,0.130000,-0.018708,-0.007582,0.117896,0.221948,0.143567,-0.500000,0.565573,21.733000
0.744,-0.018500,-0.024535,0.130000,-0.018708,-0.007586,0.117895,0.221943,0.143547,-0.500000,0.565566,29.436000
0.769,-0.018500,-0.024365,0.130000,-0.018707,-0.007592,0.117895,0.221934,0.143532,-0.500000,0.565558,20.813000
0.794,-0.018500,-0.024280,0.130000,-0.018707,-0.007596,0.117895,0.221921,0.143524,-0.500000,0.565551,20.973000
0.819,-0.018500,-0.024195,0.130000,-0.018707,-0.007597,0.117894,0.221912,0.143516,-0.500000,0.565546,22.455000
0.844,-0.018500,-0.024110,0.130000,-0.018708,-0.007598,0.117894,0.221906,0.143504,-0.500000,0.565540,22.200000
0.869,-0.018500,-0.024025,0.130000,-0.018707,-0.007601,0.117893,0.221899,0.143491,-0.500000,0.565534,24.842000
0.894,-0.018500,-0.023940,0.130000,-0.018707,-0.007605,0.117893,0.221894,0.143483,-0.500000,0.565530,26.137000
0.919,-0.018500,-0.023940,0.130000,-0.018707,-0.007606,0.117893,0.221896,0.143482,-0.500000,0.565530,26.137000
0.944,-0.018500,-0.023855,0.130000,-0.018706,-0.007607,0.117893,0.221901,0.143484,-0.500000,0.565533,27.414000
0.969,-0.018500,-0.023770,0.130000,-0.018706,-0.007607,0.117893,0.221904,0.143492,-0.500000,0.565536,27.794000
0.994,-0.018500,-0.023685,0.130000,-0.018706,-0.007605,0.117893,0.221908,0.143507,-0.500000,0.565542,27.384000
1.019,-0.018500,-0.023600,0.130000,-0.018708,-0.007600,0.117894,0.221918,0.143520,-0.500000,0.565549,28.478000
1.044,-0.018500,-0.023515,0.130000,-0.018708,-0.007597,0.117894,0.221931,0.143529,-0.500000,0.565556,27.971000
1.069,-0.018500,-0.023430,0.130000,-0.018707,-0.007596,0.117894,0.221941,0.143539,-0.500000,0.565563,27.693000
1.094,-0.018500,-0.023345,0.130000,-0.018706,-0.007594,0.117895,0.221950,0.143556,-0.500000,0.565570,27.640000
1.119,-0.018500,-0.023260,0.130000,-0.018707,-0.007590,0.117895,0.221965,0.143575,-0.500000,0.565581,27.607000
1.144,-0.018500,-0.023175,0.130000,-0.018707,-0.007586,0.117896,0.221987,0.143594,-0.500000,0.565595,28.042000
1.169,-0.018500,-0.023175,0.130000,-0.018706,-0.007582,0.117897,0.222008,0.143614,-0.500000,0.565608,28.042000
1.194,-0.018500,-0.023090,0.130000,-0.018705,-0.007579,0.117898,0.222028,0.143633,-0.500000,0.565621,27.301000
1.219,-0.018500,-0.023005,0.130000,-0.018704,-0.007575,0.117899,0.222049,0.143649,-0.500000,0.565633,27.602000
1.244,-0.018500,-0.022920,0.130000,-0.018703,-0.007572,0.117899,0.222068,0.143660,-0.500000,0.565643,27.762000
1.269,-0.018500,-0.022835,0.130000,-0.018702,-0.007571,0.117900,0.222083,0.143670,-0.500000,0.565652,26.331000
1.294,-0.018500,-0.022750,0.130000,-0.018701,-0.007570,0.117901,0.222097,0.143679,-0.500000,0.565660,28.320000
1.319,-0.018500,-0.022665,0.130000,-0.018700,-0.007569,0.117901,0.222112,0.143688,-0.500000,0.565668,27.286000
1.344,-0.018500,-0.022580,0.130000,-0.018698,-0.007568,0.117902,0.222126,0.143698,-0.500000,0.565676,24.228000
1.369,-0.018500,-0.022495,0.130000,-0.018698,-0.007567,0.117903,0.222138,0.143710,-0.500000,0.565683,20.457000
1.394,-0.018500,-0.022410,0.130000,-0.018697,-0.007564,0.117903,0.222146,0.143719,-0.500000,0.565689,19.172000
1.419,-0.018500,-0.022240,0.130000,-0.018697,-0.007562,0.117903,0.222151,0.143722,-0.500000,0.565692,19.296000
1.444,-0.018500,-0.022155,0.130000,-0.018697,-0.007562,0.117904,0.222151,0.143723,-0.500000,0.565692,20.253000
1.469,-0.018500,-0.022070,0.130000,-0.018697,-0.007562,0.117904,0.222147,0.143726,-0.500000,0.565691,19.195000
1.494,-0.018500,-0.021985,0.130000,-0.018698,-0.007560,0.117903,0.222143,0.143726,-0.500000,0.565690,19.581000
1.519,-0.018500,-0.021900,0.130000,-0.018698,-0.007560,0.117903,0.222141,0.143727,-0.500000,0.565689,20.913000
1.544,-0.018500,-0.021815,0.130000,-0.018699,-0.007559,0.117903,0.222139,0.143732,-0.500000,0.565689,19.456000
1.569,-0.018500,-0.021730,0.130000,-0.018699,-0.007557,0.117903,0.222138,0.143739,-0.500000,0.565691,20.071000
1.594,-0.018500,-0.021645,0.130000,-0.018700,-0.007555,0.117903,0.222140,0.143745,-0.500000,0.565693,22.691000
1.619,-0.018500,-0.021560,0.130000,-0.018701,-0.007553,0.117903,0.222141,0.143750,-0.500000,0.565695,17.636000
1.644,-0.018500,-0.021475,0.130000,-0.018701,-0.007551,0.117903,0.222139,0.143757,-0.500000,0.565696,23.570000
1.669,-0.018500,-0.021390,0.130000,-0.018702,-0.007549,0.117903,0.222143,0.143763,-0.500000,0.565699,22.992000
1.694,-0.018500,-0.021305,0.130000,-0.018702,-0.007547,0.117903,0.222155,0.143764,-0.500000,0.565704,22.301000
1.719,-0.018500,-0.021220,0.130000,-0.018701,-0.007549,0.117904,0.222167,0.143764,-0.500000,0.565708,22.845000
1.744,-0.018500,-0.021135,0.130000,-0.018699,-0.007550,0.117904,0.222172,0.143768,-0.500000,0.565712,22.478000
1.769,-0.018500,-0.021050,0.130000,-0.018699,-0.007550,0.117905,0.222176,0.143774,-0.500000,0.565715,22.879000
1.794,-0.018500,-0.020965,0.130000,-0.018699,-0.007548,0.117905,0.222183,0.143774,-0.500000,0.565718,22.804000
1.819,-0.018500,-0.020880,0.130000,-0.018698,-0.007549,0.117905,0.222192,0.143770,-0.500000,0.565720,23.625000
1.844,-0.018500,-0.020795,0.130000,-0.018696,-0.007552,0.117905,0.222194,0.143767,-0.500000,0.565720,22.860000
1.869,-0.018500,-0.020710,0.130000,-0.018696,-0.007553,0.117905,0.222194,0.143762,-0.500000,0.565719,23.147000
1.894,-0.018500,-0.020625,0.130000,-0.018695,-0.007555,0.117905,0.222192,0.143755,-0.500000,0.565716,23.094000
1.919,-0.018500,-0.020540,0.130000,-0.018694,-0.007557,0.117905,0.222190,0.143748,-0.500000,0.565713,23.196000
1.944,-0.018500,-0.020455,0.130000,-0.018694,-0.007559,0.117905,0.222184,0.143747,-0.500000,0.565711,22.749000
1.969,-0.018500,-0.020370,0.130000,-0.018695,-0.007558,0.117905,0.222180,0.143748,-0.500000,0.565710,23.369000
1.994,-0.018500,-0.020285,0.130000,-0.018696,-0.007557,0.117905,0.222184,0.143745,-0.500000,0.565710,22.375000
2.019,-0.018500,-0.020200,0.130000,-0.018695,-0.007559,0.117905,0.222191,0.143735,-0.500000,0.565710,23.159000
2.044,-0.018500,-0.020115,0.130000,-0.018693,-0.007564,0.117905,0.222193,0.143728,-0.500000,0.565710,23.585000
2.069,-0.018500,-0.020030,0.130000,-0.018692,-0.007566,0.117905,0.222193,0.143727,-0.500000,0.565710,23.181000
2.094,-0.018500,-0.019945,0.130000,-0.018691,-0.007566,0.117905,0.222198,0.143729,-0.500000,0.565712,23.388000
2.119,-0.018500,-0.019860,0.130000,-0.018691,-0.007567,0.117905,0.222206,0.143732,-0.500000,0.565716,22.872000
2.144,-0.018500,-0.019775,0.130000,-0.018690,-0.007566,0.117906,0.222213,0.143741,-0.500000,0.565721,22.185000
2.169,-0.018500,-0.019690,0.130000,-0.018690,-0.007565,0.117906,0.222221,0.143747,-0.500000,0.565725,23.722000
2.194,-0.018500,-0.019605,0.130000,-0.018690,-0.007564,0.117906,0.222230,0.143748,-0.500000,0.565729,20.927000
2.219,-0.018500,-0.019520,0.130000,-0.018689,-0.007565,0.117906,0.222236,0.143748,-0.500000,0.565732,23.047000
2.244,-0.018500,-0.019435,0.130000,-0.018688,-0.007566,0.117907,0.222240,0.143752,-0.500000,0.565734,20.189000
2.269,-0.018500,-0.019350,0.130000,-0.018687,-0.007565,0.117907,0.222245,0.143759,-0.500000,0.565738,22.818000
2.294,-0.018500,-0.019265,0.130000,-0.018688,-0.007563,0.117907,0.222250,0.143768,-0.500000,0.565743,20.390000
2.319,-0.018500,-0.019180,0.130000,-0.018688,-0.007561,0.117907,0.222255,0.143776,-0.500000,0.565746,22.858000
2.344,-0.018500,-0.019095,0.130000,-0.018688,-0.007559,0.117908,0.222257,0.143784,-0.500000,0.565749,19.749000
2.369,-0.018500,-0.019010,0.130000,-0.018689,-0.007556,0.117908,0.222258,0.143792,-0.500000,0.565752,22.980000
2.394,-0.018500,-0.018925,0.130000,-0.018689,-0.007554,0.117908,0.222261,0.143798,-0.500000,0.565754,19.742000
2.419,-0.018500,-0.018840,0.130000,-0.018690,-0.007552,0.117908,0.222262,0.143803,-0.500000,0.565756,22.838000
2.444,-0.018500,-0.018755,0.130000,-0.018690,-0.007551,0.117908,0.222260,0.143810,-0.500000,0.565757,19.963000
2.469,-0.018500,-0.018670,0.130000,-0.018691,-0.007548,0.117908,0.222258,0.143812,-0.500000,0.565757,22.927000
2.494,-0.018500,-0.018585,0.130000,-0.018692,-0.007547,0.117908,0.222253,0.143813,-0.500000,0.565755,19.715000
2.519,-0.018500,-0.018500,0.130000,-0.018692,-0.007546,0.117908,0.222245,0.143816,-0.500000,0.565752,22.783000
2.544,-0.018500,-0.018415,0.130000,-0.018694,-0.007544,0.117907,0.222238,0.143815,-0.500000,0.565750,19.326000
2.569,-0.018500,-0.018330,0.130000,-0.018695,-0.007543,0.117907,0.222236,0.143808,-0.500000,0.565747,22.912000
2.594,-0.018500,-0.018245,0.130000,-0.018694,-0.007545,0.117907,0.222232,0.143796,-0.500000,0.565742,18.882000
2.619,-0.018500,-0.018160,0.130000,-0.018694,-0.007549,0.117907,0.222222,0.143786,-0.500000,0.565736,21.913000
2.644,-0.018500,-0.018075,0.130000,-0.018694,-0.007551,0.117906,0.222209,0.143778,-0.500000,0.565729,19.023000
2.669,-0.018500,-0.017990,0.130000,-0.018695,-0.007552,0.117906,0.222196,0.143769,-0.500000,0.565721,21.722000
2.694,-0.018500,-0.017905,0.130000,-0.018696,-0.007553,0.117905,0.222184,0.143757,-0.500000,0.565714,19.027000
2.719,-0.018500,-0.017820,0.130000,-0.018696,-0.007555,0.117905,0.222171,0.143748,-0.500000,0.565706,21.864000
2.744,-0.018500,-0.017735,0.130000,-0.018697,-0.007556,0.117904,0.222157,0.143744,-0.500000,0.565700,18.552000
2.769,-0.018500,-0.017650,0.130000,-0.018698,-0.007556,0.117904,0.222147,0.143738,-0.500000,0.565694,21.845000
2.794,-0.018500,-0.017565,0.130000,-0.018699,-0.007556,0.117904,0.222137,0.143731,-0.500000,0.565689,19.262000
2.819,-0.018500,-0.017480,0.130000,-0.018700,-0.007557,0.117903,0.222123,0.143728,-0.500000,0.565682,22.256000
2.844,-0.018500,-0.017395,0.130000,-0.018701,-0.007556,0.117903,0.222108,0.143731,-0.500000,0.565677,18.591000
2.869,-0.018500,-0.017310,0.130000,-0.018704,-0.007553,0.117902,0.222102,0.143732,-0.500000,0.565675,21.295000
2.894,-0.018500,-0.017225,0.130000,-0.018705,-0.007552,0.117902,0.222103,0.143727,-0.500000,0.565674,19.168000
2.919,-0.018500,-0.017140,0.130000,-0.018704,-0.007554,0.117902,0.222102,0.143721,-0.500000,0.565672,22.681000
2.944,-0.018500,-0.017055,0.130000,-0.018703,-0.007556,0.117902,0.222095,0.143719,-0.500000,0.565669,18.594000
2.969,-0.018500,-0.016970,0.130000,-0.018704,-0.007555,0.117902,0.222090,0.143717,-0.500000,0.565667,22.100000
2.994,-0.018500,-0.016885,0.130000,-0.018705,-0.007555,0.117901,0.222094,0.143710,-0.500000,0.565666,18.694000
3.019,-0.018500,-0.016800,0.130000,-0.018703,-0.007558,0.117901,0.222100,0.143704,-0.500000,0.565667,22.442000
3.044,-0.018500,-0.016715,0.130000,-0.018702,-0.007561,0.117902,0.222102,0.143704,-0.500000,0.565668,18.760000
3.069,-0.018500,-0.016630,0.130000,-0.018702,-0.007561,0.117902,0.222104,0.143706,-0.500000,0.565669,22.035000
3.094,-0.018500,-0.016545,0.130000,-0.018702,-0.007561,0.117902,0.222111,0.143702,-0.500000,0.565671,19.020000
3.119,-0.018500,-0.016460,0.130000,-0.018700,-0.007563,0.117902,0.222120,0.143697,-0.500000,0.565673,21.819000
3.144,-0.018500,-0.016375,0.130000,-0.018698,-0.007566,0.117902,0.222126,0.143700,-0.500000,0.565676,18.777000
3.169,-0.018500,-0.016290,0.130000,-0.018698,-0.007566,0.117902,0.222130,0.143709,-0.500000,0.565680,21.548000
3.194,-0.018500,-0.016205,0.130000,-0.018698,-0.007564,0.117903,0.222140,0.143715,-0.500000,0.565686,19.133000
3.219,-0.018500,-0.016120,0.130000,-0.018697,-0.007563,0.117903,0.222149,0.143717,-0.500000,0.565690,21.133000
3.244,-0.018500,-0.016035,0.130000,-0.018696,-0.007564,0.117903,0.222151,0.143720,-0.500000,0.565691,19.088000
3.269,-0.018500,-0.015950,0.130000,-0.018697,-0.007563,0.117904,0.222149,0.143722,-0.500000,0.565691,21.073000
3.294,-0.018500,-0.015865,0.130000,-0.018697,-0.007562,0.117903,0.222151,0.143721,-0.500000,0.565692,18.557000
3.319,-0.018500,-0.015780,0.130000,-0.018697,-0.007562,0.117904,0.222157,0.143722,-0.500000,0.565694,21.133000
3.344,-0.018500,-0.015695,0.130000,-0.018696,-0.007563,0.117904,0.222160,0.143726,-0.500000,0.565696,18.623000
3.369,-0.018500,-0.015610,0.130000,-0.018696,-0.007562,0.117904,0.222163,0.143729,-0.500000,0.565698,20.433000
3.394,-0.018500,-0.015525,0.130000,-0.018696,-0.007562,0.117904,0.222169,0.143730,-0.500000,0.565701,18.811000
3.419,-0.018500,-0.015440,0.130000,-0.018695,-0.007562,0.117904,0.222176,0.143731,-0.500000,0.565704,20.341000
3.444,-0.018500,-0.015355,0.130000,-0.018694,-0.007563,0.117904,0.222183,0.143734,-0.500000,0.565707,19.338000
3.469,-0.018500,-0.015270,0.130000,-0.018694,-0.007563,0.117905,0.222190,0.143744,-0.500000,0.565712,20.176000
3.494,-0.018500,-0.015185,0.130000,-0.018694,-0.007560,0.117905,0.222202,0.143755,-0.500000,0.565720,19.336000
3.519,-0.018500,-0.015100,0.130000,-0.018693,-0.007558,0.117906,0.222216,0.143766,-0.500000,0.565729,19.835000
3.544,-0.018500,-0.015015,0.130000,-0.018692,-0.007557,0.117906,0.222225,0.143777,-0.500000,0.565735,19.283000
3.569,-0.018500,-0.014930,0.130000,-0.018692,-0.007554,0.117906,0.222224,0.143785,-0.500000,0.565736,19.322000
3.594,-0.018500,-0.014845,0.130000,-0.018693,-0.007551,0.117907,0.222219,0.143792,-0.500000,0.565736,19.139000
3.619,-0.018500,-0.014760,0.130000,-0.018695,-0.007548,0.117906,0.222213,0.143797,-0.500000,0.565735,19.424000
3.644,-0.018500,-0.014675,0.130000,-0.018696,-0.007546,0.117906,0.222207,0.143800,-0.500000,0.565733,19.043000
3.669,-0.018500,-0.014590,0.130000,-0.018697,-0.007544,0.117906,0.222200,0.143805,-0.500000,0.565732,19.339000
3.694,-0.018500,-0.014505,0.130000,-0.018699,-0.007541,0.117906,0.222198,0.143810,-0.500000,0.565732,19.456000
3.719,-0.018500,-0.014420,0.130000,-0.018700,-0.007539,0.117906,0.222201,0.143809,-0.500000,0.565734,19.535000
3.744,-0.018500,-0.014335,0.130000,-0.018699,-0.007540,0.117906,0.222198,0.143807,-0.500000,0.565732,19.069000
3.769,-0.018500,-0.014250,0.130000,-0.018699,-0.007540,0.117906,0.222185,0.143808,-0.500000,0.565727,19.417000
3.794,-0.018500,-0.014165,0.130000,-0.018701,-0.007538,0.117905,0.222173,0.143810,-0.500000,0.565723,19.198000
3.819,-0.018500,-0.014080,0.130000,-0.018703,-0.007535,0.117905,0.222169,0.143808,-0.500000,0.565720,18.947000
3.844,-0.018500,-0.013995,0.130000,-0.018704,-0.007536,0.117905,0.222166,0.143802,-0.500000,0.565718,18.983000
3.869,-0.018500,-0.013910,0.130000,-0.018703,-0.007537,0.117905,0.222158,0.143800,-0.500000,0.565714,18.734000
3.894,-0.018500,-0.013825,0.130000,-0.018704,-0.007537,0.117904,0.222150,0.143800,-0.500000,0.565711,19.188000
3.919,-0.018500,-0.013740,0.130000,-0.018705,-0.007536,0.117904,0.222148,0.143801,-0.500000,0.565711,19.003000
3.944,-0.018500,-0.013655,0.130000,-0.018706,-0.007535,0.117904,0.222147,0.143800,-0.500000,0.565710,19.095000
3.969,-0.018500,-0.013570,0.130000,-0.018706,-0.007535,0.117904,0.222141,0.143801,-0.500000,0.565708,18.848000
3.994,-0.018500,-0.013485,0.130000,-0.018707,-0.007534,0.117904,0.222138,0.143803,-0.500000,0.565707,18.902000
4.019,-0.018500,-0.013400,0.130000,-0.018707,-0.007533,0.117904,0.222144,0.143800,-0.500000,0.565709,19.136000
4.044,-0.018500,-0.013315,0.130000,-0.018706,-0.007535,0.117904,0.222150,0.143794,-0.500000,0.565710,18.981000
4.069,-0.018500,-0.013230,0.130000,-0.018705,-0.007538,0.117904,0.222149,0.143791,-0.500000,0.565709,18.412000
4.094,-0.018500,-0.013145,0.130000,-0.018704,-0.007539,0.117904,0.222148,0.143790,-0.500000,0.565708,18.913000
4.119,-0.018500,-0.013060,0.130000,-0.018705,-0.007539,0.117904,0.222151,0.143785,-0.500000,0.565708,18.942000
4.144,-0.018500,-0.012975,0.130000,-0.018704,-0.007541,0.117904,0.222153,0.143774,-0.500000,0.565706,18.592000
4.169,-0.018500,-0.012890,0.130000,-0.018702,-0.007545,0.117904,0.222148,0.143761,-0.500000,0.565700,18.977000
4.194,-0.018500,-0.012805,0.130000,-0.018701,-0.007549,0.117904,0.222141,0.143750,-0.500000,0.565695,18.871000
4.219,-0.018500,-0.012720,0.130000,-0.018701,-0.007551,0.117903,0.222135,0.143739,-0.500000,0.565690,19.163000
4.244,-0.018500,-0.012635,0.130000,-0.018701,-0.007554,0.117903,0.222130,0.143732,-0.500000,0.565686,18.733000
4.269,-0.018500,-0.012550,0.130000,-0.018701,-0.007556,0.117903,0.222125,0.143730,-0.500000,0.565684,19.372000
4.294,-0.018500,-0.012465,0.130000,-0.018701,-0.007556,0.117903,0.222125,0.143732,-0.500000,0.565684,18.696000
4.319,-0.018500,-0.012380,0.130000,-0.018701,-0.007555,0.117903,0.222133,0.143738,-0.500000,0.565688,19.052000
4.344,-0.018500,-0.012295,0.130000,-0.018701,-0.007554,0.117903,0.222146,0.143744,-0.500000,0.565695,18.611000
4.369,-0.018500,-0.012210,0.130000,-0.018700,-0.007554,0.117903,0.222160,0.143751,-0.500000,0.565703,19.417000
4.394,-0.018500,-0.012125,0.130000,-0.018699,-0.007554,0.117904,0.222174,0.143759,-0.500000,0.565710,18.822000
4.419,-0.018500,-0.012040,0.130000,-0.018698,-0.007553,0.117905,0.222185,0.143767,-0.500000,0.565716,19.334000
4.444,-0.018500,-0.011955,0.130000,-0.018697,-0.007552,0.117905,0.222194,0.143771,-0.500000,0.565721,19.813000
4.469,-0.018500,-0.011870,0.130000,-0.018696,-0.007552,0.117905,0.222203,0.143772,-0.500000,0.565725,19.697000
4.494,-0.018500,-0.011785,0.130000,-0.018695,-0.007553,0.117906,0.222214,0.143773,-0.500000,0.565729,19.376000
4.519,-0.018500,-0.011700,0.130000,-0.018693,-0.007554,0.117906,0.222226,0.143775,-0.500000,0.565734,20.185000
4.544,-0.018500,-0.011615,0.130000,-0.018692,-0.007555,0.117907,0.222237,0.143776,-0.500000,0.565739,19.235000
4.569,-0.018500,-0.011530,0.130000,-0.018691,-0.007556,0.117907,0.222246,0.143777,-0.500000,0.565743,19.516000
4.594,-0.018500,-0.011445,0.130000,-0.018689,-0.007557,0.117907,0.222247,0.143781,-0.500000,0.565744,19.501000
4.619,-0.018500,-0.011360,0.130000,-0.018690,-0.007556,0.117907,0.222245,0.143792,-0.500000,0.565746,20.058000
4.644,-0.018500,-0.011275,0.130000,-0.018691,-0.007552,0.117907,0.222247,0.143803,-0.500000,0.565750,20.013000
4.669,-0.018500,-0.011190,0.130000,-0.018692,-0.007548,0.117907,0.222253,0.143814,-0.500000,0.565755,20.100000
4.694,-0.018500,-0.011105,0.130000,-0.018692,-0.007546,0.117908,0.222259,0.143826,-0.500000,0.565760,20.567000
4.719,-0.018500,-0.011020,0.130000,-0.018693,-0.007542,0.117908,0.222264,0.143838,-0.500000,0.565765,20.350000
4.744,-0.018500,-0.010935,0.130000,-0.018693,-0.007539,0.117908,0.222270,0.143845,-0.500000,0.565770,20.267000
4.769,-0.018500,-0.010850,0.130000,-0.018693,-0.007538,0.117909,0.222274,0.143849,-0.500000,0.565772,20.744000
4.794,-0.018500,-0.010765,0.130000,-0.018693,-0.007537,0.117909,0.222274,0.143855,-0.500000,0.565774,20.645000
4.819,-0.018500,-0.010680,0.130000,-0.018694,-0.007535,0.117909,0.222276,0.143860,-0.500000,0.565776,21.530000
4.844,-0.018500,-0.010595,0.130000,-0.018694,-0.007533,0.117909,0.222284,0.143860,-0.500000,0.565779,21.119000
4.869,-0.018500,-0.010510,0.130000,-0.018693,-0.007535,0.117909,0.222293,0.143856,-0.500000,0.565781,21.314000
4.894,-0.018500,-0.010425,0.130000,-0.018691,-0.007537,0.117909,0.222296,0.143850,-0.500000,0.565781,21.513000
4.919,-0.018500,-0.010340,0.130000,-0.018690,-0.007539,0.117909,0.222293,0.143844,-0.500000,0.565779,21.623000
4.944,-0.018500,-0.010255,0.130000,-0.018690,-0.007541,0.117909,0.222289,0.143841,-0.500000,0.565776,21.389000
4.969,-0.018500,-0.010170,0.130000,-0.018690,-0.007541,0.117909,0.222284,0.143842,-0.500000,0.565775,21.270000
4.994,-0.018500,-0.010085,0.130000,-0.018691,-0.007540,0.117909,0.222276,0.143849,-0.500000,0.565773,20.847000
5.019,-0.018500,-0.010000,0.130000,-0.018693,-0.007537,0.117909,0.222265,0.143859,-0.500000,0.565771,20.705000
5.044,-0.018500,-0.009915,0.130000,-0.018696,-0.007532,0.117908,0.222256,0.143863,-0.500000,0.565769,19.126000
5.069,-0.018500,-0.009830,0.130000,-0.018697,-0.007529,0.117908,0.222246,0.143863,-0.500000,0.565765,19.969000
5.094,-0.018500,-0.009745,0.130000,-0.018699,-0.007528,0.117908,0.222235,0.143862,-0.500000,0.565760,20.093000
5.119,-0.018500,-0.009660,0.130000,-0.018700,-0.007527,0.117907,0.222225,0.143859,-0.500000,0.565756,20.432000
5.144,-0.018500,-0.009575,0.130000,-0.018701,-0.007526,0.117907,0.222213,0.143856,-0.500000,0.565750,19.799000
5.169,-0.018500,-0.009575,0.130000,-0.018702,-0.007526,0.117907,0.222202,0.143851,-0.500000,0.565744,20.051000
5.194,-0.018500,-0.009405,0.130000,-0.018704,-0.007526,0.117906,0.222192,0.143844,-0.500000,0.565739,19.845000
5.219,-0.018500,-0.009320,0.130000,-0.018704,-0.007527,0.117906,0.222182,0.143833,-0.500000,0.565732,20.870000
5.244,-0.018500,-0.009235,0.130000,-0.018704,-0.007529,0.117905,0.222169,0.143817,-0.500000,0.565723,20.041000
5.269,-0.018500,-0.009150,0.130000,-0.018704,-0.007533,0.117905,0.222155,0.143796,-0.500000,0.565712,20.599000
5.294,-0.018500,-0.009065,0.130000,-0.018704,-0.007538,0.117904,0.222143,0.143773,-0.500000,0.565701,19.293000
5.319,-0.018500,-0.008980,0.130000,-0.018703,-0.007544,0.117904,0.222130,0.143755,-0.500000,0.565692,19.836000
5.344,-0.018500,-0.008895,0.130000,-0.018703,-0.007548,0.117903,0.222116,0.143741,-0.500000,0.565683,19.390000
5.369,-0.018500,-0.008810,0.130000,-0.018704,-0.007551,0.117902,0.222101,0.143730,-0.500000,0.565674,19.274000
5.394,-0.018500,-0.008725,0.130000,-0.018705,-0.007553,0.117902,0.222089,0.143723,-0.500000,0.565668,19.534000
5.419,-0.018500,-0.008640,0.130000,-0.018705,-0.007553,0.117901,0.222083,0.143720,-0.500000,0.565665,19.395000
5.444,-0.018500,-0.008555,0.130000,-0.018706,-0.007553,0.117901,0.222082,0.143719,-0.500000,0.565664,19.731000
5.469,-0.018500,-0.008470,0.130000,-0.018706,-0.007553,0.117901,0.222081,0.143721,-0.500000,0.565664,19.096000
5.494,-0.018500,-0.008385,0.130000,-0.018706,-0.007552,0.117901,0.222084,0.143727,-0.500000,0.565667,19.572000
5.519,-0.018500,-0.008300,0.130000,-0.018707,-0.007551,0.117901,0.222091,0.143733,-0.500000,0.565671,18.454000
5.544,-0.018500,-0.008215,0.130000,-0.018706,-0.007550,0.117901,0.222097,0.143742,-0.500000,0.565676,19.287000
5.569,-0.018500,-0.008130,0.130000,-0.018706,-0.007548,0.117902,0.222106,0.143750,-0.500000,0.565681,18.229000
5.594,-0.018500,-0.008045,0.130000,-0.018706,-0.007546,0.117902,0.222120,0.143755,-0.500000,0.565688,19.191000
5.619,-0.018500,-0.007960,0.130000,-0.018705,-0.007547,0.117903,0.222137,0.143758,-0.500000,0.565695,18.240000
5.644,-0.018500,-0.007875,0.130000,-0.018703,-0.007548,0.117903,0.222153,0.143764,-0.500000,0.565703,18.651000
5.669,-0.018500,-0.007790,0.130000,-0.018701,-0.007549,0.117904,0.222169,0.143768,-0.500000,0.565710,18.913000
5.694,-0.018500,-0.007705,0.130000,-0.018699,-0.007549,0.117904,0.222184,0.143770,-0.500000,0.565717,18.136000
5.719,-0.018500,-0.007620,0.130000,-0.018697,-0.007551,0.117905,0.222198,0.143772,-0.500000,0.565723,18.561000
5.744,-0.018500,-0.007535,0.130000,-0.018696,-0.007552,0.117906,0.222209,0.143776,-0.500000,0.565728,18.509000
5.769,-0.018500,-0.007450,0.130000,-0.018694,-0.007552,0.117906,0.222220,0.143781,-0.500000,0.565734,18.431000
5.794,-0.018500,-0.007365,0.130000,-0.018694,-0.007552,0.117906,0.222235,0.143785,-0.500000,0.565741,18.588000
5.819,-0.018500,-0.007280,0.130000,-0.018692,-0.007553,0.117907,0.222250,0.143790,-0.500000,0.565748,18.799000
5.844,-0.018500,-0.007195,0.130000,-0.018690,-0.007553,0.117907,0.222258,0.143799,-0.500000,0.565753,18.474000
5.869,-0.018500,-0.007110,0.130000,-0.018690,-0.007552,0.117908,0.222263,0.143808,-0.500000,0.565758,18.121000
5.894,-0.018500,-0.007025,0.130000,-0.018690,-0.007549,0.117908,0.222271,0.143812,-0.500000,0.565762,18.454000
5.919,-0.018500,-0.006940,0.130000,-0.018690,-0.007549,0.117908,0.222277,0.143814,-0.500000,0.565764,18.374000
5.944,-0.018500,-0.006855,0.130000,-0.018689,-0.007549,0.117909,0.222277,0.143818,-0.500000,0.565766,18.442000
5.969,-0.018500,-0.006770,0.130000,-0.018690,-0.007548,0.117909,0.222276,0.143822,-0.500000,0.565766,18.252000
5.994,-0.018500,-0.006685,0.130000,-0.018690,-0.007546,0.117909,0.222278,0.143819,-0.500000,0.565766,18.627000
6.019,-0.018500,-0.006600,0.130000,-0.018689,-0.007547,0.117909,0.222276,0.143813,-0.500000,0.565764,18.190000
6.044,-0.018500,-0.006515,0.130000,-0.018689,-0.007549,0.117909,0.222267,0.143809,-0.500000,0.565760,18.347000
6.069,-0.018500,-0.006430,0.130000,-0.018690,-0.007549,0.117908,0.222256,0.143805,-0.500000,0.565754,18.039000
6.094,-0.018500,-0.006345,0.130000,-0.018691,-0.007549,0.117908,0.222247,0.143799,-0.500000,0.565749,18.437000
6.119,-0.018500,-0.006260,0.130000,-0.018692,-0.007550,0.117907,0.222239,0.143794,-0.500000,0.565745,18.272000
6.144,-0.018500,-0.006175,0.130000,-0.018692,-0.007550,0.117907,0.222231,0.143792,-0.500000,0.565741,18.281000
6.169,-0.018500,-0.006090,0.130000,-0.018693,-0.007550,0.117907,0.222225,0.143792,-0.500000,0.565739,18.027000
6.194,-0.018500,-0.006005,0.130000,-0.018694,-0.007549,0.117907,0.222222,0.143794,-0.500000,0.565738,18.295000
6.219,-0.018500,-0.005920,0.130000,-0.018695,-0.007548,0.117907,0.222219,0.143793,-0.500000,0.565737,18.036000
6.244,-0.018500,-0.005835,0.130000,-0.018695,-0.007548,0.117906,0.222215,0.143791,-0.500000,0.565734,18.311000
6.269,-0.018500,-0.005750,0.130000,-0.018695,-0.007548,0.117906,0.222206,0.143790,-0.500000,0.565731,18.242000
6.294,-0.018500,-0.005665,0.130000,-0.018696,-0.007547,0.117906,0.222197,0.143790,-0.500000,0.565727,18.837000
6.319,-0.018500,-0.005580,0.130000,-0.018698,-0.007546,0.117906,0.222284,0.143583,-0.500000,0.565709,18.051000
6.344,-0.018500,-0.005495,0.130000,-0.019053,-0.006780,0.118006,0.222891,0.142041,-0.500000,0.565558,18.708000
6.369,-0.018500,-0.005410,0.130000,-0.019035,-0.006986,0.118215,0.223738,0.141122,-0.500000,0.565663,18.381000
6.394,-0.018500,-0.005325,0.130000,-0.019097,-0.006896,0.118556,0.224660,0.140083,-0.500000,0.565770,18.400000
6.419,-0.018500,-0.005240,0.130000,-0.019031,-0.007078,0.118796,0.225483,0.139553,-0.500000,0.565966,18.025000
6.444,-0.018500,-0.005155,0.130000,-0.019127,-0.006766,0.119143,0.226283,0.138633,-0.500000,0.566059,18.428000
6.469,-0.018500,-0.005070,0.130000,-0.019121,-0.006760,0.119380,0.226969,0.137607,-0.500000,0.566084,18.327000
6.494,-0.018500,-0.004985,0.130000,-0.019169,-0.006582,0.119745,0.227516,0.136649,-0.500000,0.566071,18.906000
6.519,-0.018500,-0.004900,0.130000,-0.019141,-0.006649,0.119966,0.228013,0.135772,-0.500000,0.566060,18.214000
6.544,-0.018500,-0.004815,0.130000,-0.019178,-0.006430,0.120339,0.228554,0.134506,-0.500000,0.565976,18.627000
6.569,-0.018500,-0.004730,0.130000,-0.019131,-0.006568,0.120562,0.229159,0.133175,-0.500000,0.565906,19.064000
6.594,-0.018500,-0.004645,0.130000,-0.019140,-0.006434,0.120921,0.229585,0.132246,-0.500000,0.565861,19.490000
6.619,-0.018500,-0.004560,0.130000,-0.019138,-0.006328,0.121163,0.229716,0.131250,-0.500000,0.565682,18.923000
6.644,-0.018500,-0.004475,0.130000,-0.019182,-0.005997,0.121524,0.229745,0.129799,-0.500000,0.565359,18.890000
6.669,-0.018500,-0.004390,0.130000,-0.019177,-0.006108,0.121748,0.229811,0.128844,-0.500000,0.565167,18.221000
6.694,-0.018500,-0.004305,0.130000,-0.019207,-0.005755,0.122109,0.229731,0.127520,-0.500000,0.564834,18.912000
6.719,-0.018500,-0.004220,0.130000,-0.019218,-0.005815,0.122329,0.229793,0.126660,-0.500000,0.564666,17.743000
6.744,-0.018500,-0.004135,0.130000,-0.019216,-0.005716,0.122566,0.229765,0.125373,-0.500000,0.564367,17.464000
6.769,-0.018500,-0.004050,0.130000,-0.019210,-0.005519,0.122949,0.229688,0.124425,-0.500000,0.564126,17.210000
6.794,-0.018500,-0.003965,0.130000,-0.019207,-0.005210,0.123278,0.229364,0.123154,-0.500000,0.563715,17.686000
6.819,-0.018500,-0.003880,0.130000,-0.019226,-0.005315,0.123487,0.229071,0.121952,-0.500000,0.563335,17.294000
6.844,-0.018500,-0.003795,0.130000,-0.019225,-0.005186,0.123829,0.228859,0.121110,-0.500000,0.563067,17.386000
6.869,-0.018500,-0.003710,0.130000,-0.019210,-0.005054,0.124061,0.228400,0.119761,-0.500000,0.562592,16.905000
6.894,-0.018500,-0.003625,0.130000,-0.019203,-0.004985,0.124395,0.228195,0.118806,-0.500000,0.562306,17.359000
6.919,-0.018500,-0.003540,0.130000,-0.019195,-0.005009,0.124613,0.227989,0.117926,-0.500000,0.562037,17.126000
6.944,-0.018500,-0.003455,0.130000,-0.019127,-0.004688,0.124977,0.227656,0.116656,-0.500000,0.561637,17.222000
6.969,-0.018500,-0.003370,0.130000,-0.019133,-0.004846,0.125182,0.227467,0.115722,-0.500000,0.561367,17.131000
6.994,-0.018500,-0.003285,0.130000,-0.019058,-0.004424,0.125546,0.227054,0.114243,-0.500000,0.560897,17.013000
7.019,-0.018500,-0.003200,0.130000,-0.019108,-0.004744,0.125730,0.226637,0.112949,-0.500000,0.560466,17.851000
7.044,-0.018500,-0.003115,0.130000,-0.019121,-0.004525,0.126061,0.226412,0.111861,-0.500000,0.560157,17.449000
7.069,-0.018500,-0.003030,0.130000,-0.019162,-0.004441,0.126271,0.226297,0.110664,-0.500000,0.559872,20.530000
7.094,-0.018500,-0.002945,0.130000,-0.019173,-0.004109,0.126593,0.226369,0.109100,-0.500000,0.559594,17.298000
7.119,-0.018500,-0.002860,0.130000,-0.019267,-0.004591,0.126765,0.226529,0.108186,-0.500000,0.559482,20.331000
7.144,-0.018500,-0.002775,0.130000,-0.019254,-0.004451,0.127073,0.226558,0.107129,-0.500000,0.559290,17.498000
7.169,-0.018500,-0.002690,0.130000,-0.019324,-0.004556,0.127257,0.226591,0.106210,-0.500000,0.559128,20.018000
7.194,-0.018500,-0.002605,0.130000,-0.019256,-0.003891,0.127613,0.226651,0.104578,-0.500000,0.558845,17.934000
7.219,-0.018500,-0.002520,0.130000,-0.019450,-0.004517,0.127704,0.226957,0.103313,-0.500000,0.558733,18.380000
7.244,-0.018500,-0.002435,0.130000,-0.019568,-0.004500,0.127882,0.227221,0.102479,-0.500000,0.558687,17.098000
7.269,-0.018500,-0.002350,0.130000,-0.019635,-0.004278,0.128019,0.227476,0.101368,-0.500000,0.558588,18.302000
7.294,-0.018500,-0.002265,0.130000,-0.019750,-0.004204,0.128116,0.227755,0.100108,-0.500000,0.558475,17.406000
7.319,-0.018500,-0.002180,0.130000,-0.019956,-0.004696,0.128102,0.228106,0.098882,-0.500000,0.558400,19.588000
7.344,-0.018500,-0.002095,0.130000,-0.020031,-0.004478,0.128191,0.228283,0.097817,-0.500000,0.558284,17.647000
7.369,-0.018500,-0.002010,0.130000,-0.020226,-0.004916,0.128171,0.228539,0.097211,-0.500000,0.558283,19.124000
7.394,-0.018500,-0.001925,0.130000,-0.020191,-0.004443,0.128291,0.228885,0.096164,-0.500000,0.558244,17.550000
7.419,-0.018500,-0.001840,0.130000,-0.020295,-0.004759,0.128301,0.229230,0.095493,-0.500000,0.558270,20.811000
7.444,-0.018500,-0.001755,0.130000,-0.020249,-0.004432,0.128417,0.229427,0.094585,-0.500000,0.558196,18.105000
7.469,-0.018500,-0.001670,0.130000,-0.020369,-0.004765,0.128418,0.229541,0.093827,-0.500000,0.558115,20.148000
7.494,-0.018500,-0.001585,0.130000,-0.020476,-0.004784,0.128465,0.229534,0.093415,-0.500000,0.558043,18.022000
7.519,-0.018500,-0.001500,0.130000,-0.020588,-0.004839,0.128478,0.229718,0.092856,-0.500000,0.558026,18.745000
7.544,-0.018500,-0.001415,0.130000,-0.020555,-0.004361,0.128596,0.229910,0.092011,-0.500000,0.557965,18.515000
7.569,-0.018500,-0.001330,0.130000,-0.020732,-0.004814,0.128578,0.230220,0.091593,-0.500000,0.558024,18.352000
7.594,-0.018500,-0.001245,0.130000,-0.020664,-0.004167,0.128706,0.230628,0.090604,-0.500000,0.558031,20.678000
7.619,-0.018500,-0.001160,0.130000,-0.020814,-0.004652,0.128704,0.230948,0.090139,-0.500000,0.558088,18.545000
7.644,-0.018500,-0.001075,0.130000,-0.020651,-0.003766,0.128875,0.231205,0.088907,-0.500000,0.557997,19.962000
7.669,-0.018500,-0.000990,0.130000,-0.020893,-0.004454,0.128842,0.231463,0.088351,-0.500000,0.558015,18.793000
7.694,-0.018500,-0.000905,0.130000,-0.020841,-0.003938,0.128959,0.231739,0.087371,-0.500000,0.557976,19.285000
7.719,-0.018500,-0.000820,0.130000,-0.021039,-0.004605,0.128932,0.231877,0.087063,-0.500000,0.557985,20.075000
7.744,-0.018500,-0.000735,0.130000,-0.020917,-0.004075,0.129076,0.231852,0.086342,-0.499886,0.557760,19.820000
7.769,-0.018500,-0.000650,0.130000,-0.021098,-0.004582,0.129054,0.231907,0.085878,-0.499433,0.557306,19.064000
7.794,-0.018500,-0.000565,0.130000,-0.020998,-0.004147,0.129188,0.231835,0.085243,-0.498860,0.556664,20.960000
7.819,-0.018500,-0.000480,0.130000,-0.021069,-0.004346,0.129219,0.231714,0.084629,-0.498477,0.556177,18.880000
7.844,-0.018500,-0.000395,0.130000,-0.020964,-0.003957,0.129355,0.231407,0.083979,-0.498242,0.555740,20.579000
7.869,-0.018500,-0.000310,0.130000,-0.021099,-0.004237,0.129356,0.231080,0.083443,-0.498012,0.555317,21.277000
7.894,-0.018500,-0.000225,0.130000,-0.021168,-0.004242,0.129412,0.230777,0.083009,-0.497467,0.554637,20.124000
7.919,-0.018500,-0.000140,0.130000,-0.021312,-0.004555,0.129408,0.230545,0.082618,-0.496690,0.553785,19.960000
7.944,-0.018500,-0.000055,0.130000,-0.021183,-0.003799,0.129554,0.230434,0.081747,-0.495803,0.552814,20.698000
7.969,-0.018500,0.000030,0.130000,-0.021392,-0.004465,0.129530,0.230302,0.081408,-0.494821,0.551828,19.171000
7.994,-0.018500,0.000115,0.130000,-0.021166,-0.003306,0.129702,0.230417,0.080097,-0.493940,0.550894,20.732000
8.019,-0.018500,0.000200,0.130000,-0.021426,-0.004030,0.129672,0.230577,0.079363,-0.492959,0.549975,19.441000
8.044,-0.018500,0.000285,0.130000,-0.021190,-0.003266,0.129856,0.230642,0.078067,-0.491980,0.548940,19.328000
8.069,-0.018500,0.000370,0.130000,-0.021409,-0.003991,0.129847,0.230555,0.077387,-0.490876,0.547817,19.234000
8.094,-0.018500,0.000455,0.130000,-0.021487,-0.004320,0.129885,0.230283,0.077015,-0.489787,0.546675,18.456000
8.119,-0.018500,0.000540,0.130000,-0.021598,-0.004679,0.129850,0.229949,0.076907,-0.488564,0.545423,20.715000
8.144,-0.018500,0.000625,0.130000,-0.021610,-0.004691,0.129856,0.229599,0.076771,-0.487146,0.543986,18.725000
8.169,-0.018500,0.000710,0.130000,-0.021615,-0.004705,0.129867,0.229225,0.076603,-0.485451,0.542287,21.529000
8.194,-0.018500,0.000795,0.130000,-0.021610,-0.004714,0.129884,0.228786,0.076427,-0.483532,0.540359,18.184000
8.219,-0.018500,0.000880,0.130000,-0.021602,-0.004709,0.129904,0.228292,0.076255,-0.481530,0.538334,19.706000
8.244,-0.018500,0.000965,0.130000,-0.021599,-0.004698,0.129923,0.227770,0.076100,-0.479625,0.536387,18.531000
8.269,-0.018500,0.001050,0.130000,-0.021607,-0.004691,0.129936,0.227277,0.075963,-0.477946,0.534656,22.293000
8.294,-0.018500,0.001135,0.130000,-0.021621,-0.004691,0.129944,0.226871,0.075830,-0.476479,0.533154,17.911000
8.319,-0.018500,0.001220,0.130000,-0.021631,-0.004699,0.129953,0.226520,0.075696,-0.475107,0.531760,17.690000
8.344,-0.018500,0.001305,0.130000,-0.021634,-0.004707,0.129963,0.226161,0.075568,-0.473721,0.530350,18.937000
8.369,-0.018500,0.001390,0.130000,-0.021636,-0.004709,0.129974,0.225771,0.075444,-0.472291,0.528888,17.265000
8.394,-0.018500,0.001475,0.130000,-0.021640,-0.004704,0.129985,0.225357,0.075325,-0.470854,0.527412,17.184000
8.419,-0.018500,0.001560,0.130000,-0.021647,-0.004697,0.129994,0.224941,0.075212,-0.469462,0.525975,17.392000
8.444,-0.018500,0.001645,0.130000,-0.021656,-0.004692,0.130001,0.224543,0.075101,-0.468142,0.524611,17.587000
8.469,-0.018500,0.001730,0.130000,-0.021667,-0.004690,0.130008,0.224172,0.074990,-0.466880,0.523310,17.386000
8.494,-0.018500,0.001815,0.130000,-0.021675,-0.004691,0.130014,0.223822,0.074878,-0.465649,0.522046,17.540000
8.519,-0.018500,0.001900,0.130000,-0.021681,-0.004692,0.130022,0.223482,0.074765,-0.464436,0.520802,17.428000
8.544,-0.018500,0.001985,0.130000,-0.021685,-0.004693,0.130030,0.223147,0.074655,-0.463244,0.519580,17.238000
8.569,-0.018500,0.002070,0.130000,-0.021689,-0.004693,0.130038,0.222820,0.074545,-0.462078,0.518384,16.951000
8.594,-0.018500,0.002155,0.130000,-0.021693,-0.004694,0.130046,0.222501,0.074438,-0.460939,0.517216,16.887000
8.619,-0.018500,0.002240,0.130000,-0.021696,-0.004695,0.130054,0.222189,0.074333,-0.459832,0.516081,16.874000
8.644,-0.018500,0.002325,0.130000,-0.021700,-0.004695,0.130061,0.221881,0.074234,-0.458764,0.514982,17.360000
8.669,-0.018500,0.002410,0.130000,-0.021704,-0.004695,0.130068,0.221580,0.074137,-0.457728,0.513915,16.751000
8.694,-0.018500,0.002495,0.130000,-0.021708,-0.004695,0.130074,0.221284,0.074042,-0.456708,0.512866,16.701000
8.719,-0.018500,0.002580,0.130000,-0.021712,-0.004695,0.130081,0.220992,0.073948,-0.455708,0.511836,16.772000
8.744,-0.018500,0.002665,0.130000,-0.021715,-0.004695,0.130087,0.220705,0.073859,-0.454744,0.510840,16.761000
8.769,-0.018500,0.002750,0.130000,-0.021720,-0.004694,0.130093,0.220430,0.073772,-0.453821,0.509887,16.534000
8.794,-0.018500,0.002835,0.130000,-0.021723,-0.004690,0.130099,0.220167,0.073682,-0.452926,0.508964,16.830000
8.819,-0.018500,0.002920,0.130000,-0.021728,-0.004696,0.130104,0.219910,0.073596,-0.452040,0.508053,16.927000
8.844,-0.018500,0.003005,0.130000,-0.021486,-0.003127,0.130248,0.220118,0.071971,-0.451202,0.507163,16.962000
8.869,-0.018500,0.003090,0.130000,-0.021398,-0.001938,0.130337,0.221160,0.069086,-0.450585,0.506667,16.774000
8.894,-0.018500,0.003175,0.130000,-0.021296,-0.000939,0.130456,0.223021,0.065172,-0.450453,0.506847,17.007000
8.919,-0.018500,0.003260,0.130000,-0.021604,-0.001797,0.130479,0.225430,0.060916,-0.450942,0.507817,16.985000
8.944,-0.018500,0.003345,0.130000,-0.021666,-0.001730,0.130594,0.227418,0.058073,-0.451573,0.508930,17.028000
8.969,-0.018500,0.003430,0.130000,-0.021454,-0.001154,0.130755,0.229702,0.053765,-0.451989,0.509851,16.448000
8.994,-0.018500,0.003515,0.130000,-0.021665,-0.001526,0.130847,0.231553,0.050995,-0.452697,0.511030,17.003000
9.019,-0.018500,0.003600,0.130000,-0.021647,-0.001477,0.130956,0.233190,0.048277,-0.453102,0.511869,16.412000
9.044,-0.018500,0.003685,0.130000,-0.021076,0.000221,0.131224,0.235291,0.044147,-0.453527,0.512833,16.777000
9.069,-0.018500,0.003770,0.130000,-0.021513,-0.000903,0.131270,0.237578,0.039907,-0.454212,0.514145,16.515000
9.094,-0.018500,0.003855,0.130000,-0.021707,-0.001396,0.131362,0.238910,0.037464,-0.454427,0.514768,17.171000
9.119,-0.018500,0.003940,0.130000,-0.021584,-0.001067,0.131471,0.239962,0.034927,-0.454334,0.514996,16.684000
9.144,-0.018500,0.004025,0.130000,-0.020934,0.000871,0.131674,0.241520,0.030955,-0.454310,0.515449,16.765000
9.169,-0.018500,0.004110,0.130000,-0.021749,-0.001072,0.131595,0.242023,0.028848,-0.453803,0.515116,16.587000
9.194,-0.018500,0.004195,0.130000,-0.021028,0.001146,0.131789,0.242951,0.025238,-0.453377,0.514988,16.510000
9.219,-0.018500,0.004280,0.130000,-0.021985,-0.000857,0.131631,0.243545,0.022082,-0.452664,0.514497,16.347000
9.244,-0.018500,0.004365,0.130000,-0.021812,0.000007,0.131646,0.243417,0.019891,-0.451131,0.512998,16.636000
9.269,-0.018500,0.004450,0.130000,-0.022035,-0.000085,0.131585,0.242717,0.018137,-0.448913,0.510650,16.838000
9.294,-0.018500,0.004535,0.130000,-0.021587,0.001641,0.131559,0.241946,0.015499,-0.446376,0.507966,17.109000
9.319,-0.018500,0.004620,0.130000,-0.022356,0.000486,0.131351,0.240370,0.014290,-0.443637,0.504773,16.434000
9.344,-0.018500,0.004620,0.130000,-0.021852,0.002442,0.131313,0.239121,0.011843,-0.440845,0.501661,16.742000
9.369,-0.018500,0.004790,0.130000,-0.022454,0.001762,0.131133,0.237749,0.009385,-0.437943,0.498404,16.697000
9.394,-0.018500,0.004875,0.130000,-0.022743,0.001757,0.131001,0.235889,0.008160,-0.434783,0.494719,17.187000
9.419,-0.018500,0.004960,0.130000,-0.022947,0.001930,0.130867,0.233999,0.006964,-0.431467,0.490884,16.436000
9.444,-0.018500,0.005045,0.130000,-0.022428,0.003312,0.130827,0.232346,0.004673,-0.428148,0.487152,17.242000
9.469,-0.018500,0.005130,0.130000,-0.023235,0.002032,0.130632,0.230717,0.003459,-0.424870,0.483484,16.374000
9.494,-0.018500,0.005215,0.130000,-0.022452,0.003677,0.130626,0.228931,0.001148,-0.421388,0.479561,17.380000
9.519,-0.018500,0.005300,0.130000,-0.023355,0.002051,0.130410,0.226750,0.000563,-0.417831,0.475393,16.416000
9.544,-0.018500,0.005385,0.130000,-0.022553,0.003799,0.130370,0.224321,-0.001209,-0.413924,0.470802,17.271000
9.569,-0.018500,0.005470,0.130000,-0.023208,0.002901,0.130166,0.221933,-0.001988,-0.410158,0.466355,16.189000
9.594,-0.018500,0.005555,0.130000,-0.022688,0.004013,0.130121,0.219318,-0.003475,-0.406439,0.461850,17.554000
9.619,-0.018500,0.005640,0.130000,-0.023304,0.003202,0.129908,0.216647,-0.004708,-0.402995,0.457562,16.099000
9.644,-0.018500,0.005725,0.130000,-0.023202,0.003584,0.129764,0.214281,-0.005594,-0.399696,0.453547,17.401000
9.669,-0.018500,0.005810,0.130000,-0.023407,0.003432,0.129630,0.212108,-0.006361,-0.396362,0.449592,16.432000
9.694,-0.018500,0.005895,0.130000,-0.022778,0.004509,0.129593,0.209667,-0.008204,-0.392607,0.445161,17.280000
9.719,-0.018500,0.005980,0.130000,-0.023311,0.003697,0.129433,0.207542,-0.009227,-0.388982,0.440983,16.580000
9.744,-0.018500,0.006065,0.130000,-0.022729,0.004473,0.129473,0.204973,-0.010907,-0.385353,0.436612,17.286000
9.769,-0.018500,0.006150,0.130000,-0.023240,0.003756,0.129320,0.202749,-0.011724,-0.382303,0.432898,16.857000
9.794,-0.018500,0.006235,0.130000,-0.022747,0.004467,0.129329,0.200028,-0.013104,-0.379295,0.429008,17.902000
9.819,-0.018500,0.006320,0.130000,-0.023290,0.003834,0.129147,0.197789,-0.013826,-0.376437,0.425460,16.524000
9.844,-0.018500,0.006405,0.130000,-0.022720,0.004667,0.129167,0.195006,-0.015436,-0.373062,0.421237,17.470000
9.869,-0.018500,0.006490,0.130000,-0.023276,0.004000,0.129010,0.192761,-0.016344,-0.369866,0.417402,16.985000
9.894,-0.018500,0.006575,0.130000,-0.022796,0.004701,0.129047,0.190067,-0.018022,-0.366391,0.413150,17.368000
9.919,-0.018500,0.006660,0.130000,-0.023202,0.004229,0.128937,0.187883,-0.019114,-0.363431,0.409570,16.994000
9.944,-0.018500,0.006745,0.130000,-0.022901,0.004689,0.128945,0.185440,-0.020638,-0.360482,0.405908,17.468000
9.969,-0.018500,0.006830,0.130000,-0.023259,0.004306,0.128849,0.183383,-0.021520,-0.357959,0.402774,17.016000
9.994,-0.018500,0.006915,0.130000,-0.022877,0.004908,0.128899,0.180942,-0.022819,-0.355317,0.399388,17.765000
10.019,-0.018500,0.007000,0.130000,-0.023267,0.004563,0.128793,0.178692,-0.024107,-0.352792,0.396199,17.566000
10.044,-0.018500,0.007085,0.130000,-0.023114,0.004865,0.128819,0.177012,-0.024993,-0.350354,0.393327,17.310000
10.069,-0.018500,0.007170,0.130000,-0.023012,0.005033,0.128856,0.174970,-0.026574,-0.347891,0.390319,17.575000
10.094,-0.018500,0.007255,0.130000,-0.022848,0.005215,0.128910,0.173544,-0.027572,-0.345899,0.387974,17.678000
10.119,-0.018500,0.007340,0.130000,-0.022609,0.005468,0.128981,0.171543,-0.029142,-0.343819,0.385341,17.633000
10.144,-0.018500,0.007425,0.130000,-0.022658,0.005423,0.128987,0.170179,-0.029928,-0.341950,0.383127,18.045000
10.169,-0.018500,0.007510,0.130000,-0.022363,0.005804,0.129058,0.168521,-0.031073,-0.339815,0.380577,17.506000
10.194,-0.018500,0.007595,0.130000,-0.022164,0.006002,0.129126,0.166655,-0.032303,-0.337796,0.378052,18.348000
10.219,-0.018500,0.007680,0.130000,-0.022430,0.005788,0.129088,0.165078,-0.033100,-0.336078,0.375892,17.313000
10.244,-0.018500,0.007765,0.130000,-0.022017,0.006286,0.129193,0.163059,-0.034355,-0.334466,0.373679,18.116000
10.269,-0.018500,0.007850,0.130000,-0.022466,0.005953,0.129097,0.161630,-0.035172,-0.333096,0.371906,17.319000
10.294,-0.018500,0.007935,0.130000,-0.022020,0.006449,0.129206,0.159775,-0.036624,-0.331457,0.369774,18.312000
10.319,-0.018500,0.008020,0.130000,-0.022444,0.006094,0.129133,0.158472,-0.037651,-0.329830,0.367857,17.327000
10.344,-0.018500,0.008105,0.130000,-0.021907,0.006557,0.129279,0.156593,-0.039152,-0.327880,0.365458,18.291000
10.369,-0.018500,0.008190,0.130000,-0.022310,0.006191,0.129221,0.154817,-0.040591,-0.326110,0.363268,16.910000
10.394,-0.018500,0.008275,0.130000,-0.022206,0.006280,0.129266,0.153446,-0.041428,-0.324534,0.361365,18.643000
10.419,-0.018500,0.008360,0.130000,-0.022178,0.006329,0.129293,0.152033,-0.042066,-0.323093,0.359546,17.512000
10.444,-0.018500,0.008445,0.130000,-0.022070,0.006500,0.129322,0.150041,-0.043252,-0.321615,0.357518,18.565000
10.469,-0.018500,0.008530,0.130000,-0.022116,0.006572,0.129320,0.148611,-0.043974,-0.320134,0.355675,17.479000
10.494,-0.018500,0.008615,0.130000,-0.021634,0.007037,0.129438,0.146641,-0.045249,-0.318227,0.353298,18.743000
10.519,-0.018500,0.008700,0.130000,-0.022066,0.006742,0.129356,0.144735,-0.046608,-0.316352,0.350997,17.213000
10.544,-0.018500,0.008785,0.130000,-0.022058,0.006798,0.129376,0.143290,-0.047400,-0.314603,0.348932,18.526000
10.569,-0.018500,0.008870,0.130000,-0.022050,0.006862,0.129401,0.141861,-0.048130,-0.312932,0.346941,17.642000
10.594,-0.018500,0.008955,0.130000,-0.021559,0.007336,0.129513,0.139998,-0.049401,-0.311178,0.344778,18.683000
10.619,-0.018460,0.009000,0.130000,-0.021996,0.007034,0.129420,0.138625,-0.050162,-0.309431,0.342755,17.936000
10.644,-0.018375,0.009000,0.130000,-0.021497,0.007477,0.129535,0.136683,-0.051331,-0.307386,0.340299,19.041000
10.669,-0.018290,0.009000,0.130000,-0.021932,0.007211,0.129440,0.134808,-0.052416,-0.305449,0.337964,17.964000
10.694,-0.018205,0.009000,0.130000,-0.021806,0.007387,0.129472,0.133298,-0.053257,-0.303614,0.335837,19.007000
10.719,-0.018120,0.009000,0.130000,-0.021984,0.007255,0.129445,0.132000,-0.053829,-0.301766,0.333743,17.620000
10.744,-0.018035,0.009000,0.130000,-0.021256,0.007807,0.129627,0.129957,-0.055081,-0.299660,0.331238,19.110000
10.769,-0.017950,0.009000,0.130000,-0.021814,0.007403,0.129518,0.128007,-0.056101,-0.297625,0.328807,17.729000
10.794,-0.017865,0.009000,0.130000,-0.021618,0.007547,0.129588,0.126359,-0.056632,-0.295623,0.326445,19.201000
10.819,-0.017780,0.009000,0.130000,-0.021711,0.007512,0.129577,0.124828,-0.056886,-0.293755,0.324207,17.713000
10.844,-0.017695,0.009000,0.130000,-0.021148,0.007931,0.129716,0.122738,-0.057525,-0.291951,0.321884,19.582000
10.869,-0.017610,0.009000,0.130000,-0.021538,0.007744,0.129632,0.121131,-0.057830,-0.290223,0.319760,17.551000
10.894,-0.017525,0.009000,0.130000,-0.020977,0.008106,0.129777,0.118884,-0.058425,-0.288181,0.317168,19.078000
10.919,-0.017440,0.009000,0.130000,-0.021553,0.007742,0.129656,0.116747,-0.058713,-0.286182,0.314607,17.318000
10.944,-0.017355,0.009000,0.130000,-0.021371,0.007904,0.129713,0.114975,-0.058725,-0.284208,0.312157,19.387000
10.969,-0.017270,0.009000,0.130000,-0.021406,0.007871,0.129718,0.112653,-0.058717,-0.282298,0.309565,17.306000
10.994,-0.017185,0.009000,0.130000,-0.021770,0.007769,0.129625,0.110746,-0.058335,-0.280490,0.307152,18.959000
11.019,-0.017100,0.009000,0.130000,-0.021332,0.007964,0.129746,0.108480,-0.057976,-0.278512,0.304464,17.247000
11.044,-0.017015,0.009000,0.130000,-0.021123,0.008088,0.129805,0.106564,-0.057506,-0.276430,0.301789,18.467000
11.069,-0.016930,0.009000,0.130000,-0.021204,0.008101,0.129775,0.104227,-0.057028,-0.274130,0.298769,17.182000
11.094,-0.016845,0.009000,0.130000,-0.021048,0.008188,0.129803,0.102313,-0.056433,-0.271812,0.295862,19.197000
11.119,-0.016760,0.009000,0.130000,-0.020994,0.008214,0.129830,0.099799,-0.055803,-0.269502,0.292755,18.003000
11.144,-0.016675,0.009000,0.130000,-0.020886,0.008298,0.129837,0.097793,-0.055005,-0.267402,0.289988,18.024000
11.169,-0.016590,0.009000,0.130000,-0.020965,0.008331,0.129810,0.095957,-0.054149,-0.265365,0.287330,17.151000
11.194,-0.016505,0.009000,0.130000,-0.020537,0.008532,0.129898,0.093642,-0.053394,-0.263244,0.284460,18.340000
11.219,-0.016420,0.009000,0.130000,-0.020786,0.008495,0.129825,0.091198,-0.052675,-0.261014,0.281461,17.332000
11.244,-0.016335,0.009000,0.130000,-0.020604,0.008567,0.129861,0.089134,-0.051938,-0.258642,0.278457,17.598000
11.269,-0.016250,0.009000,0.130000,-0.020752,0.008536,0.129818,0.086765,-0.051215,-0.256179,0.275280,17.078000
11.294,-0.016165,0.009000,0.130000,-0.020554,0.008573,0.129867,0.084809,-0.050492,-0.253917,0.272426,18.191000
11.319,-0.016080,0.009000,0.130000,-0.020562,0.008590,0.129866,0.082905,-0.049873,-0.251709,0.269663,17.163000
11.344,-0.015995,0.009000,0.130000,-0.020159,0.008673,0.129968,0.080494,-0.049356,-0.249337,0.266616,17.332000
11.369,-0.015910,0.009000,0.130000,-0.020321,0.008611,0.129932,0.078440,-0.048914,-0.246893,0.263631,16.943000
11.394,-0.015825,0.009000,0.130000,-0.020122,0.008590,0.129990,0.076229,-0.048406,-0.244362,0.260513,17.395000
11.419,-0.015740,0.009000,0.130000,-0.020229,0.008539,0.129971,0.074371,-0.047951,-0.241972,0.257645,17.224000
11.444,-0.015655,0.009000,0.130000,-0.019752,0.008601,0.130107,0.072023,-0.047562,-0.239554,0.254628,18.286000
11.469,-0.015570,0.009000,0.130000,-0.020009,0.008516,0.130037,0.069564,-0.047332,-0.237094,0.251581,17.030000
11.494,-0.015485,0.009000,0.130000,-0.020308,0.008400,0.129954,0.067630,-0.047045,-0.234643,0.248686,17.162000
11.519,-0.015400,0.009000,0.130000,-0.019853,0.008452,0.130089,0.065918,-0.046644,-0.232251,0.245889,17.534000
11.544,-0.015315,0.009000,0.130000,-0.019256,0.008561,0.130204,0.063449,-0.046343,-0.229761,0.242824,17.186000
11.569,-0.015230,0.009000,0.130000,-0.019606,0.008436,0.130110,0.060994,-0.046149,-0.227420,0.239937,16.811000
11.594,-0.015145,0.009000,0.130000,-0.019417,0.008454,0.130121,0.059070,-0.046069,-0.224958,0.237103,17.399000
11.619,-0.015060,0.009000,0.130000,-0.019451,0.008386,0.130116,0.056736,-0.046055,-0.222124,0.233836,16.992000
11.644,-0.014975,0.009000,0.130000,-0.019126,0.008377,0.130166,0.054985,-0.045978,-0.219372,0.230784,17.290000
11.669,-0.014890,0.009000,0.130000,-0.019024,0.008335,0.130170,0.052827,-0.045859,-0.216514,0.227535,16.987000
11.694,-0.014805,0.009000,0.130000,-0.018618,0.008368,0.130209,0.051114,-0.045579,-0.213995,0.224687,17.288000
11.719,-0.014720,0.009000,0.130000,-0.018513,0.008339,0.130193,0.048865,-0.045128,-0.211453,0.221668,16.175000
11.744,-0.014635,0.009000,0.130000,-0.018269,0.008382,0.130162,0.047049,-0.044594,-0.209136,0.218952,17.441000
11.769,-0.014550,0.009000,0.130000,-0.018147,0.008434,0.130129,0.044529,-0.044170,-0.206435,0.215753,17.172000
11.794,-0.014465,0.009000,0.130000,-0.018113,0.008487,0.130057,0.042668,-0.043986,-0.203836,0.212848,17.534000
11.819,-0.014380,0.009000,0.130000,-0.018111,0.008451,0.130002,0.040393,-0.043964,-0.200969,0.209650,16.998000
11.844,-0.014295,0.009000,0.130000,-0.017864,0.008414,0.129961,0.038830,-0.043899,-0.198481,0.206953,17.043000
11.869,-0.014210,0.009000,0.130000,-0.017706,0.008355,0.129937,0.036705,-0.043495,-0.195882,0.203982,16.750000
11.894,-0.014125,0.009000,0.130000,-0.017441,0.008413,0.129911,0.035012,-0.043033,-0.193551,0.201344,17.160000
11.919,-0.014040,0.009000,0.130000,-0.017283,0.008461,0.129898,0.033171,-0.042570,-0.191190,0.198661,18.120000
11.944,-0.013955,0.009000,0.130000,-0.016993,0.008536,0.129887,0.030948,-0.042249,-0.188839,0.195967,17.221000
11.969,-0.013870,0.009000,0.130000,-0.017229,0.008483,0.129778,0.028843,-0.041816,-0.186750,0.193535,16.628000
11.994,-0.013785,0.009000,0.130000,-0.017031,0.008529,0.129727,0.027563,-0.041393,-0.184835,0.191408,17.411000
12.019,-0.013700,0.009000,0.130000,-0.016849,0.008564,0.129707,0.026813,-0.040987,-0.182851,0.189297,16.312000
12.044,-0.013615,0.009000,0.130000,-0.016036,0.008646,0.129856,0.025167,-0.040579,-0.180581,0.186787,17.625000
12.069,-0.013530,0.009000,0.130000,-0.015991,0.008647,0.129834,0.023734,-0.040205,-0.178466,0.184472,16.956000
12.094,-0.013445,0.009000,0.130000,-0.015584,0.008706,0.129874,0.021982,-0.039886,-0.176230,0.182020,17.640000
12.119,-0.013360,0.009000,0.130000,-0.015704,0.008700,0.129790,0.021059,-0.039579,-0.174333,0.180006,16.077000
12.144,-0.013275,0.009000,0.130000,-0.015167,0.008741,0.129822,0.019693,-0.039175,-0.172450,0.177937,17.292000
12.169,-0.013190,0.009000,0.130000,-0.015148,0.008768,0.129787,0.018268,-0.038766,-0.170769,0.176064,16.738000
12.194,-0.013105,0.009000,0.130000,-0.015198,0.008809,0.129754,0.017308,-0.038465,-0.169139,0.174319,17.490000
12.219,-0.013020,0.009000,0.130000,-0.014817,0.008829,0.129764,0.016113,-0.038196,-0.167232,0.172293,16.873000
12.244,-0.012935,0.009000,0.130000,-0.014555,0.008873,0.129744,0.015173,-0.037947,-0.165412,0.170386,17.249000
12.269,-0.012850,0.009000,0.130000,-0.014406,0.008895,0.129729,0.013919,-0.037603,-0.163527,0.168371,16.353000
12.294,-0.012765,0.009000,0.130000,-0.014223,0.008933,0.129704,0.013233,-0.037287,-0.161869,0.166634,16.062000
12.319,-0.012680,0.009000,0.130000,-0.014089,0.008930,0.129727,0.012448,-0.036950,-0.160264,0.164939,16.056000
12.344,-0.012595,0.009000,0.130000,-0.013802,0.008948,0.129766,0.011812,-0.036616,-0.158805,0.163399,16.884000
12.369,-0.012510,0.009000,0.130000,-0.013672,0.008972,0.129767,0.011101,-0.036261,-0.157462,0.161964,16.380000
12.394,-0.012425,0.009000,0.130000,-0.013424,0.009020,0.129744,0.010021,-0.035951,-0.156069,0.160469,16.574000
12.419,-0.012340,0.009000,0.130000,-0.013540,0.009056,0.129681,0.009339,-0.035694,-0.154738,0.159076,16.336000
12.444,-0.012255,0.009000,0.130000,-0.013323,0.009098,0.129667,0.008539,-0.035484,-0.153186,0.157474,16.589000
12.469,-0.012170,0.009000,0.130000,-0.013301,0.009111,0.129642,0.007762,-0.035266,-0.151537,0.155780,16.221000
12.494,-0.012085,0.009000,0.130000,-0.013111,0.009107,0.129649,0.007246,-0.035070,-0.150042,0.154256,16.429000
12.519,-0.012000,0.009000,0.130000,-0.013016,0.009101,0.129657,0.007023,-0.034809,-0.148776,0.152955,16.313000
12.544,-0.011915,0.009000,0.130000,-0.012795,0.009093,0.129688,0.006456,-0.034454,-0.147601,0.151706,16.379000
12.569,-0.011830,0.009000,0.130000,-0.012610,0.009128,0.129688,0.005633,-0.034214,-0.146388,0.150439,16.349000
12.594,-0.011745,0.009000,0.130000,-0.012542,0.009179,0.129652,0.005041,-0.034111,-0.145153,0.149192,16.599000
12.619,-0.011660,0.009000,0.130000,-0.012499,0.009182,0.129640,0.004672,-0.034001,-0.143941,0.147976,16.298000
12.644,-0.011575,0.009000,0.130000,-0.012292,0.009150,0.129667,0.004176,-0.033796,-0.142828,0.146831,16.631000
12.669,-0.011500,0.008990,0.130000,-0.012264,0.009144,0.129674,0.003723,-0.033596,-0.141830,0.145803,16.357000
12.694,-0.011500,0.008905,0.130000,-0.012086,0.009163,0.129678,0.002975,-0.033469,-0.140664,0.144621,17.528000
12.719,-0.011500,0.008820,0.130000,-0.012165,0.009161,0.129639,0.002626,-0.033347,-0.139381,0.143339,17.325000
12.744,-0.011500,0.008735,0.130000,-0.011967,0.009123,0.129646,0.002332,-0.033068,-0.138087,0.142010,17.108000
12.769,-0.011500,0.008650,0.130000,-0.011883,0.009107,0.129675,0.002109,-0.032646,-0.137109,0.140957,16.277000
12.794,-0.011500,0.008565,0.130000,-0.011688,0.009096,0.129717,0.001924,-0.032188,-0.136401,0.140160,16.415000
12.819,-0.011500,0.008480,0.130000,-0.011608,0.009102,0.129696,0.001460,-0.031684,-0.135614,0.139274,16.161000
12.844,-0.011500,0.008395,0.130000,-0.011652,0.009128,0.129651,0.001127,-0.031249,-0.134672,0.138255,16.621000
12.869,-0.011500,0.008310,0.130000,-0.011700,0.009024,0.129629,0.000964,-0.030492,-0.133653,0.137091,16.291000
12.894,-0.011500,0.008225,0.130000,-0.011702,0.008900,0.129627,0.001076,-0.029610,-0.132654,0.135923,16.642000
12.919,-0.011500,0.008140,0.130000,-0.011665,0.008847,0.129626,0.001330,-0.028627,-0.131772,0.134853,16.517000
12.944,-0.011500,0.008055,0.130000,-0.011571,0.008723,0.129618,0.001522,-0.027324,-0.130908,0.133738,16.279000
12.969,-0.011500,0.007970,0.130000,-0.011548,0.008706,0.129584,0.001648,-0.025807,-0.129919,0.132467,16.487000
12.994,-0.011500,0.007885,0.130000,-0.011551,0.008714,0.129541,0.001706,-0.024313,-0.128766,0.131053,16.709000
13.019,-0.011500,0.007800,0.130000,-0.011572,0.008638,0.129482,0.001806,-0.022583,-0.127477,0.129474,16.419000
13.044,-0.011500,0.007715,0.130000,-0.011594,0.008561,0.129441,0.001984,-0.020856,-0.126193,0.127920,16.319000
13.069,-0.011500,0.007630,0.130000,-0.011591,0.008554,0.129416,0.002182,-0.019163,-0.124955,0.126435,16.375000
13.094,-0.011500,0.007545,0.130000,-0.011568,0.008460,0.129406,0.002276,-0.017437,-0.123665,0.124909,16.512000
13.119,-0.011500,0.007460,0.130000,-0.011570,0.008432,0.129374,0.002718,-0.015895,-0.122081,0.123141,16.331000
13.144,-0.011500,0.007375,0.130000,-0.011436,0.008267,0.129361,0.003818,-0.014828,-0.120257,0.121228,16.661000
13.169,-0.011500,0.007290,0.130000,-0.011093,0.008129,0.129414,0.004849,-0.014118,-0.118510,0.119446,16.368000
13.194,-0.011500,0.007205,0.130000,-0.010782,0.007861,0.129456,0.005565,-0.013241,-0.116828,0.117708,16.436000
13.219,-0.011500,0.007120,0.130000,-0.010636,0.007726,0.129455,0.006339,-0.012421,-0.115265,0.116106,16.830000
13.244,-0.011500,0.007035,0.130000,-0.010584,0.007519,0.129419,0.007372,-0.011353,-0.113753,0.114556,16.977000
13.269,-0.011500,0.006950,0.130000,-0.010435,0.007425,0.129424,0.008277,-0.010247,-0.112265,0.113035,16.601000
13.294,-0.011500,0.006865,0.130000,-0.010431,0.007257,0.129376,0.008700,-0.009444,-0.110803,0.111545,16.184000
13.319,-0.011500,0.006780,0.130000,-0.010480,0.007160,0.129330,0.009088,-0.008861,-0.109371,0.110105,16.375000
13.344,-0.011500,0.006695,0.130000,-0.010602,0.007020,0.129277,0.009948,-0.008336,-0.107937,0.108715,16.473000
13.369,-0.011500,0.006610,0.130000,-0.010522,0.006916,0.129266,0.011033,-0.007882,-0.106583,0.107442,16.484000
13.394,-0.011500,0.006525,0.130000,-0.010398,0.006806,0.129264,0.011708,-0.007499,-0.105454,0.106367,16.634000
13.419,-0.011500,0.006440,0.130000,-0.010469,0.006676,0.129256,0.012045,-0.007190,-0.104491,0.105429,16.119000
13.444,-0.011500,0.006355,0.130000,-0.010657,0.006550,0.129245,0.012404,-0.006788,-0.103689,0.104648,16.788000
13.469,-0.011500,0.006270,0.130000,-0.010745,0.006479,0.129260,0.012701,-0.006379,-0.103168,0.104143,16.006000
13.494,-0.011500,0.006185,0.130000,-0.010890,0.006418,0.129318,0.012691,-0.006161,-0.102902,0.103864,16.636000
13.519,-0.011500,0.006100,0.130000,-0.011016,0.006402,0.129348,0.012899,-0.006107,-0.102749,0.103736,16.516000
13.544,-0.011500,0.006015,0.130000,-0.011125,0.006323,0.129445,0.013430,-0.006086,-0.102752,0.103804,16.859000
13.569,-0.011500,0.005930,0.130000,-0.011085,0.006254,0.129537,0.014294,-0.005881,-0.103085,0.104238,16.176000
13.594,-0.011500,0.005845,0.130000,-0.011044,0.006162,0.129679,0.015024,-0.005596,-0.103649,0.104882,16.925000
13.619,-0.011500,0.005760,0.130000,-0.010970,0.006130,0.129775,0.015523,-0.005219,-0.104375,0.105652,16.121000
13.644,-0.011500,0.005675,0.130000,-0.011007,0.006117,0.129903,0.015810,-0.004912,-0.105078,0.106374,16.673000
13.669,-0.011500,0.005590,0.130000,-0.011052,0.006116,0.129963,0.016044,-0.004631,-0.105738,0.107049,16.037000
13.694,-0.011500,0.005505,0.130000,-0.011155,0.006068,0.130013,0.016532,-0.004292,-0.106268,0.107631,16.763000
13.719,-0.011500,0.005420,0.130000,-0.011152,0.006032,0.130054,0.016994,-0.004062,-0.106598,0.108020,16.012000
13.744,-0.011500,0.005335,0.130000,-0.011203,0.005925,0.130085,0.017427,-0.003722,-0.106655,0.108133,17.075000
13.769,-0.011500,0.005250,0.130000,-0.011229,0.005845,0.130087,0.017682,-0.003319,-0.106470,0.107979,16.235000
13.794,-0.011500,0.005165,0.130000,-0.011348,0.005693,0.130081,0.018021,-0.002572,-0.106179,0.107728,16.792000
13.819,-0.011500,0.005080,0.130000,-0.011368,0.005662,0.130069,0.018377,-0.001651,-0.105952,0.107547,16.392000
13.844,-0.011500,0.004995,0.130000,-0.011428,0.005581,0.130029,0.018617,-0.000749,-0.105840,0.107467,16.553000
13.869,-0.011500,0.004910,0.130000,-0.011457,0.005543,0.129974,0.018829,0.000369,-0.105545,0.107212,16.250000
13.894,-0.011500,0.004825,0.130000,-0.011510,0.005442,0.129895,0.018960,0.001400,-0.105082,0.106788,16.285000
13.919,-0.011500,0.004740,0.130000,-0.011535,0.005410,0.129852,0.019049,0.002317,-0.104460,0.106208,16.608000
13.944,-0.011500,0.004655,0.130000,-0.011555,0.005303,0.129802,0.019177,0.003343,-0.103743,0.105553,16.448000
13.969,-0.011500,0.004570,0.130000,-0.011553,0.005251,0.129758,0.019383,0.004296,-0.103127,0.105020,16.431000
13.994,-0.011500,0.004485,0.130000,-0.011533,0.005181,0.129721,0.019625,0.005209,-0.102676,0.104664,16.539000
14.019,-0.011500,0.004400,0.130000,-0.011520,0.005039,0.129682,0.019953,0.006539,-0.102221,0.104355,16.635000
14.044,-0.011500,0.004315,0.130000,-0.011499,0.004936,0.129638,0.020203,0.007723,-0.101839,0.104111,16.336000
14.069,-0.011500,0.004230,0.130000,-0.011482,0.004900,0.129596,0.020383,0.008751,-0.101419,0.103817,16.160000
14.094,-0.011500,0.004145,0.130000,-0.011456,0.004795,0.129583,0.020635,0.009858,-0.101021,0.103577,16.893000
14.119,-0.011500,0.004060,0.130000,-0.011432,0.004770,0.129569,0.020974,0.010746,-0.100765,0.103485,16.543000
14.144,-0.011500,0.003975,0.130000,-0.011389,0.004643,0.129577,0.021219,0.011693,-0.100662,0.103537,16.546000
14.169,-0.011500,0.003890,0.130000,-0.011384,0.004602,0.129580,0.021509,0.012668,-0.100629,0.103679,16.327000
14.194,-0.011500,0.003805,0.130000,-0.011385,0.004485,0.129614,0.021826,0.013533,-0.100661,0.103886,16.856000
14.219,-0.011500,0.003720,0.130000,-0.011378,0.004429,0.129662,0.022197,0.014351,-0.100843,0.104250,16.749000
14.244,-0.011500,0.003635,0.130000,-0.011343,0.004353,0.129731,0.022581,0.015163,-0.101256,0.104846,16.732000
14.269,-0.011500,0.003550,0.130000,-0.011301,0.004326,0.129772,0.023052,0.015796,-0.101803,0.105569,16.499000
14.294,-0.011500,0.003465,0.130000,-0.011272,0.004227,0.129854,0.023684,0.016495,-0.102423,0.106412,16.864000
14.319,-0.011500,0.003380,0.130000,-0.011212,0.004186,0.129914,0.024232,0.017250,-0.103138,0.107342,16.883000
14.344,-0.011500,0.003295,0.130000,-0.011203,0.004085,0.129997,0.024642,0.017877,-0.103949,0.108315,17.181000
14.369,-0.011500,0.003210,0.130000,-0.011223,0.004024,0.130029,0.025207,0.018439,-0.104730,0.109288,16.758000
14.394,-0.011500,0.003125,0.130000,-0.011249,0.003870,0.130076,0.025923,0.019246,-0.105371,0.110207,16.766000
14.419,-0.011500,0.003040,0.130000,-0.011192,0.003840,0.130092,0.026548,0.020111,-0.105884,0.110998,16.660000
14.444,-0.011500,0.002955,0.130000,-0.011163,0.003806,0.130111,0.027164,0.020899,-0.106362,0.111748,16.804000
14.469,-0.011500,0.002870,0.130000,-0.011166,0.003698,0.130124,0.027865,0.021873,-0.106778,0.112501,16.457000
14.494,-0.011500,0.002785,0.130000,-0.011177,0.003584,0.130116,0.028379,0.022760,-0.107250,0.113251,16.857000
14.519,-0.011500,0.002700,0.130000,-0.011175,0.003542,0.130114,0.028781,0.023718,-0.107657,0.113933,16.509000
14.544,-0.011500,0.002615,0.130000,-0.011243,0.003420,0.130083,0.029001,0.024558,-0.107989,0.114480,16.741000
14.569,-0.011500,0.002530,0.130000,-0.011302,0.003359,0.130054,0.029215,0.025519,-0.108189,0.114933,15.924000
14.594,-0.011500,0.002445,0.130000,-0.011383,0.003224,0.130016,0.029447,0.026407,-0.108360,0.115353,16.760000
14.619,-0.011500,0.002360,0.130000,-0.011405,0.003188,0.129990,0.029844,0.027144,-0.108462,0.115722,16.238000
14.644,-0.011500,0.002275,0.130000,-0.011406,0.003052,0.129958,0.030475,0.028080,-0.108408,0.116058,16.673000
14.669,-0.011500,0.002190,0.130000,-0.011345,0.002987,0.129944,0.030955,0.028995,-0.108384,0.116388,19.160000
14.694,-0.011500,0.002105,0.130000,-0.011345,0.002850,0.129931,0.031341,0.030084,-0.108374,0.116757,18.684000
14.719,-0.011500,0.002020,0.130000,-0.011341,0.002795,0.129923,0.031862,0.031282,-0.108439,0.117272,16.377000
14.744,-0.011500,0.001935,0.130000,-0.011346,0.002670,0.129884,0.032487,0.032302,-0.108585,0.117854,16.882000
14.769,-0.011500,0.001850,0.130000,-0.011297,0.002620,0.129861,0.032948,0.033063,-0.108771,0.118363,16.337000
14.794,-0.011500,0.001765,0.130000,-0.011276,0.002514,0.129830,0.033287,0.033740,-0.108856,0.118727,17.054000
14.819,-0.011500,0.001680,0.130000,-0.011272,0.002446,0.129828,0.033644,0.034458,-0.108869,0.119045,16.551000
14.844,-0.011500,0.001595,0.130000,-0.011284,0.002310,0.129832,0.033999,0.035076,-0.108928,0.119380,16.515000
14.869,-0.011500,0.001510,0.130000,-0.011284,0.002225,0.129834,0.034547,0.035741,-0.109087,0.119878,16.580000
14.894,-0.011500,0.001510,0.130000,-0.011274,0.002104,0.129853,0.035413,0.036681,-0.109334,0.120638,16.627000
14.919,-0.011500,0.001340,0.130000,-0.011200,0.002052,0.129880,0.036287,0.037687,-0.109765,0.121596,17.440000
14.944,-0.011500,0.001255,0.130000,-0.011187,0.001943,0.129913,0.037061,0.038861,-0.110233,0.122617,16.596000
14.969,-0.011500,0.001170,0.130000,-0.011146,0.001939,0.129927,0.037646,0.039886,-0.110745,0.123583,16.510000
14.994,-0.011500,0.001085,0.130000,-0.011160,0.001886,0.129942,0.038152,0.040613,-0.111262,0.124435,16.417000
15.019,-0.011500,0.001000,0.130000,-0.011152,0.001837,0.129967,0.038544,0.041135,-0.111777,0.125187,16.843000
15.044,-0.011500,0.000915,0.130000,-0.011183,0.001720,0.129997,0.038924,0.041764,-0.112332,0.126007,16.943000
15.069,-0.011500,0.000830,0.130000,-0.011207,0.001672,0.130007,0.039572,0.042602,-0.112890,0.126984,16.823000
15.094,-0.011500,0.000745,0.130000,-0.011227,0.001559,0.130039,0.040341,0.043455,-0.113536,0.128086,17.493000
15.119,-0.011500,0.000660,0.130000,-0.011184,0.001522,0.130073,0.041109,0.044370,-0.114272,0.129293,16.470000
15.144,-0.011500,0.000575,0.130000,-0.011104,0.001533,0.130085,0.041651,0.045130,-0.115113,0.130470,16.823000
15.169,-0.011500,0.000490,0.130000,-0.011059,0.001547,0.130072,0.041925,0.045619,-0.115925,0.131443,16.781000
15.194,-0.011500,0.000405,0.130000,-0.011066,0.001538,0.130049,0.042091,0.045942,-0.116611,0.132214,16.735000
15.219,-0.011500,0.000320,0.130000,-0.011086,0.001456,0.130012,0.042196,0.046138,-0.117189,0.132825,16.764000
15.244,-0.011500,0.000235,0.130000,-0.011116,0.001372,0.129977,0.042300,0.046414,-0.117698,0.133403,17.010000
15.269,-0.011500,0.000150,0.130000,-0.011140,0.001323,0.129959,0.042517,0.046793,-0.118213,0.134058,16.642000
15.294,-0.011500,0.000065,0.130000,-0.011157,0.001225,0.129924,0.042875,0.047474,-0.118688,0.134829,16.859000
15.319,-0.011500,-0.000020,0.130000,-0.011141,0.001202,0.129902,0.043220,0.048214,-0.119183,0.135636,16.657000
15.344,-0.011500,-0.000105,0.130000,-0.011124,0.001130,0.129869,0.043427,0.049151,-0.119638,0.136436,16.945000
15.369,-0.011500,-0.000190,0.130000,-0.011123,0.001116,0.129840,0.043454,0.050078,-0.120081,0.137170,16.417000
15.394,-0.011500,-0.000275,0.130000,-0.011154,0.001037,0.129787,0.043362,0.051187,-0.120445,0.137867,17.180000
15.419,-0.011500,-0.000360,0.130000,-0.011191,0.001031,0.129755,0.043177,0.052211,-0.120854,0.138550,16.605000
15.444,-0.011500,-0.000445,0.130000,-0.011233,0.000952,0.129708,0.042990,0.053341,-0.121271,0.139284,17.215000
15.469,-0.011500,-0.000530,0.130000,-0.011277,0.000938,0.129665,0.042879,0.054282,-0.121745,0.140025,17.577000
15.494,-0.011500,-0.000615,0.130000,-0.011279,0.000833,0.129614,0.042725,0.055269,-0.122217,0.140773,16.990000
15.519,-0.011500,-0.000700,0.130000,-0.011306,0.000781,0.129583,0.042500,0.056256,-0.122725,0.141536,16.789000
15.544,-0.011500,-0.000785,0.130000,-0.011309,0.000694,0.129574,0.042133,0.057033,-0.123359,0.142287,17.381000
15.569,-0.011500,-0.000870,0.130000,-0.011348,0.000650,0.129567,0.041720,0.057552,-0.124072,0.142991,16.794000
15.594,-0.011500,-0.000955,0.130000,-0.011365,0.000534,0.129609,0.041275,0.057938,-0.124920,0.143755,16.715000
15.619,-0.011500,-0.001040,0.130000,-0.011410,0.000464,0.129639,0.040904,0.058032,-0.125903,0.144542,16.960000
15.644,-0.011500,-0.001125,0.130000,-0.011421,0.000312,0.129700,0.040551,0.058153,-0.127085,0.145522,16.701000
15.669,-0.011500,-0.001210,0.130000,-0.011452,0.000223,0.129741,0.040420,0.058106,-0.128395,0.146613,16.970000
15.694,-0.011500,-0.001295,0.130000,-0.011434,0.000089,0.129823,0.040422,0.058037,-0.129965,0.147963,17.638000
15.719,-0.011500,-0.001380,0.130000,-0.011428,-0.000001,0.129873,0.040538,0.057828,-0.131753,0.149487,16.489000
15.744,-0.011500,-0.001465,0.130000,-0.011404,-0.000137,0.129969,0.040687,0.057593,-0.133872,0.151308,17.092000
15.769,-0.011500,-0.001550,0.130000,-0.011406,-0.000235,0.130038,0.040911,0.057148,-0.136193,0.153259,16.451000
15.794,-0.011500,-0.001635,0.130000,-0.011397,-0.000371,0.130123,0.041134,0.056627,-0.138718,0.155374,16.323000
15.819,-0.011500,-0.001720,0.130000,-0.011420,-0.000474,0.130180,0.041448,0.056122,-0.141499,0.157765,16.495000
15.844,-0.011500,-0.001805,0.130000,-0.011428,-0.000607,0.130275,0.041860,0.055593,-0.144521,0.160403,16.877000
15.869,-0.011500,-0.001890,0.130000,-0.011442,-0.000707,0.130348,0.042444,0.055061,-0.147980,0.163496,16.945000
15.894,-0.011500,-0.001975,0.130000,-0.011444,-0.000826,0.130429,0.043315,0.054238,-0.151723,0.166846,16.426000
15.919,-0.011500,-0.002060,0.130000,-0.011413,-0.000938,0.130491,0.044431,0.053182,-0.155869,0.170580,16.509000
15.944,-0.011500,-0.002145,0.130000,-0.011378,-0.001091,0.130594,0.045603,0.051991,-0.160227,0.174515,16.414000
15.969,-0.011500,-0.002230,0.130000,-0.011348,-0.001224,0.130657,0.046603,0.050975,-0.164807,0.178695,16.101000
15.994,-0.011500,-0.002315,0.130000,-0.011365,-0.001367,0.130734,0.047083,0.050115,-0.169402,0.182826,16.468000
16.019,-0.011500,-0.002400,0.130000,-0.011471,-0.001467,0.130776,0.047196,0.049386,-0.174112,0.187033,16.038000
16.044,-0.011500,-0.002485,0.130000,-0.011655,-0.001567,0.130800,0.047433,0.048852,-0.179095,0.191602,16.284000
16.069,-0.011500,-0.002570,0.130000,-0.011821,-0.001684,0.130829,0.047784,0.048550,-0.184101,0.196300,16.165000
16.094,-0.011500,-0.002655,0.130000,-0.011921,-0.001789,0.130855,0.048173,0.048309,-0.189056,0.200989,16.814000
16.119,-0.011500,-0.002740,0.130000,-0.012005,-0.001864,0.130853,0.048552,0.048261,-0.193787,0.205523,15.773000
16.144,-0.011500,-0.002825,0.130000,-0.012034,-0.001974,0.130854,0.048901,0.048261,-0.198080,0.209657,16.786000
16.169,-0.011500,-0.002910,0.130000,-0.012073,-0.002038,0.130840,0.049226,0.048288,-0.201972,0.213418,16.137000
16.194,-0.011500,-0.002995,0.130000,-0.012049,-0.002165,0.130810,0.049426,0.048511,-0.205580,0.216932,16.669000
16.219,-0.011500,-0.003080,0.130000,-0.012059,-0.002229,0.130763,0.049578,0.048844,-0.209018,0.220301,16.202000
16.244,-0.011500,-0.003165,0.130000,-0.012029,-0.002343,0.130700,0.049830,0.049091,-0.212416,0.223637,16.414000
16.269,-0.011500,-0.003250,0.130000,-0.012022,-0.002421,0.130640,0.050109,0.049317,-0.215562,0.226737,16.278000
16.294,-0.011500,-0.003335,0.130000,-0.011938,-0.002552,0.130576,0.050142,0.049730,-0.218159,0.229305,17.162000
16.319,-0.011500,-0.003420,0.130000,-0.011948,-0.002612,0.130516,0.050112,0.050263,-0.220103,0.231264,16.034000
16.344,-0.011500,-0.003505,0.130000,-0.011904,-0.002724,0.130432,0.050111,0.050718,-0.221654,0.232839,16.777000
16.369,-0.011500,-0.003590,0.130000,-0.011879,-0.002775,0.130396,0.050052,0.051254,-0.223001,0.234225,16.191000
16.394,-0.011500,-0.003675,0.130000,-0.011817,-0.002870,0.130335,0.050033,0.051752,-0.224353,0.235618,16.621000
16.419,-0.011500,-0.003760,0.130000,-0.011797,-0.002941,0.130268,0.049912,0.052466,-0.225417,0.236763,16.080000
16.444,-0.011500,-0.003845,0.130000,-0.011759,-0.003029,0.130183,0.049808,0.053120,-0.226259,0.237689,16.798000
16.469,-0.011500,-0.003930,0.130000,-0.011743,-0.003074,0.130124,0.049655,0.053657,-0.226769,0.238262,16.293000
16.494,-0.011500,-0.004015,0.130000,-0.011703,-0.003171,0.130064,0.049380,0.054185,-0.226872,0.238423,16.577000
16.519,-0.011500,-0.004100,0.130000,-0.011699,-0.003230,0.130013,0.049086,0.054651,-0.226595,0.238204,16.138000
16.544,-0.011500,-0.004185,0.130000,-0.011663,-0.003353,0.129941,0.049023,0.054770,-0.226179,0.237823,16.434000
16.569,-0.011500,-0.004270,0.130000,-0.011619,-0.003442,0.129898,0.049182,0.054529,-0.225783,0.237424,16.234000
16.594,-0.011500,-0.004355,0.130000,-0.011531,-0.003610,0.129846,0.049350,0.054326,-0.225399,0.237048,16.725000
16.619,-0.011500,-0.004440,0.130000,-0.011481,-0.003727,0.129808,0.049538,0.054247,-0.225041,0.236728,16.190000
16.644,-0.011500,-0.004525,0.130000,-0.011428,-0.003885,0.129744,0.049703,0.054573,-0.224528,0.236351,16.738000
16.669,-0.011500,-0.004610,0.130000,-0.011373,-0.003933,0.129711,0.049920,0.055076,-0.224113,0.236118,16.289000
16.694,-0.011500,-0.004695,0.130000,-0.011320,-0.003987,0.129702,0.050188,0.055519,-0.224042,0.236212,16.175000
16.719,-0.011500,-0.004780,0.130000,-0.011270,-0.004019,0.129683,0.050501,0.056066,-0.223946,0.236316,16.080000
16.744,-0.011500,-0.004865,0.130000,-0.011256,-0.004084,0.129650,0.050742,0.056524,-0.223852,0.236388,16.467000
16.769,-0.011500,-0.004950,0.130000,-0.011236,-0.004107,0.129638,0.050944,0.056940,-0.223740,0.236426,16.340000
16.794,-0.011500,-0.005035,0.130000,-0.011269,-0.004199,0.129612,0.051279,0.057506,-0.223670,0.236569,16.167000
16.819,-0.011500,-0.005120,0.130000,-0.011243,-0.004206,0.129619,0.051699,0.058089,-0.223943,0.237061,16.398000
16.844,-0.011500,-0.005205,0.130000,-0.011247,-0.004266,0.129617,0.052168,0.058615,-0.224493,0.237811,16.401000
16.869,-0.011500,-0.005290,0.130000,-0.011226,-0.004292,0.129608,0.052645,0.059256,-0.224978,0.238533,16.520000
16.894,-0.011500,-0.005375,0.130000,-0.011240,-0.004365,0.129596,0.053014,0.059814,-0.225423,0.239173,16.284000
16.919,-0.011500,-0.005460,0.130000,-0.011246,-0.004385,0.129600,0.053420,0.060248,-0.225805,0.239732,16.558000
16.944,-0.011500,-0.005545,0.130000,-0.011277,-0.004480,0.129601,0.054027,0.060784,-0.226130,0.240309,16.431000
16.969,-0.011500,-0.005630,0.130000,-0.011229,-0.004500,0.129623,0.054699,0.061231,-0.226666,0.241078,16.543000
16.994,-0.011500,-0.005715,0.130000,-0.011240,-0.004595,0.129637,0.055501,0.061827,-0.227200,0.241915,16.606000
17.019,-0.011500,-0.005800,0.130000,-0.011178,-0.004600,0.129666,0.056201,0.062344,-0.227873,0.242841,16.144000
17.044,-0.011500,-0.005885,0.130000,-0.011189,-0.004682,0.129696,0.056910,0.063006,-0.228507,0.243770,16.700000
17.069,-0.011500,-0.005970,0.130000,-0.011146,-0.004691,0.129713,0.057529,0.063602,-0.229272,0.244787,16.352000
17.094,-0.011500,-0.006055,0.130000,-0.011195,-0.004809,0.129699,0.058309,0.064387,-0.229938,0.245799,17.045000
17.119,-0.011500,-0.006140,0.130000,-0.011163,-0.004826,0.129700,0.059263,0.065210,-0.230608,0.246869,16.148000
17.144,-0.011500,-0.006225,0.130000,-0.011147,-0.004907,0.129698,0.060212,0.065795,-0.231397,0.247990,16.837000
17.169,-0.011500,-0.006310,0.130000,-0.011106,-0.004956,0.129698,0.061136,0.066306,-0.232042,0.248953,16.126000
17.194,-0.011500,-0.006395,0.130000,-0.011132,-0.005101,0.129679,0.062172,0.067090,-0.232404,0.249756,17.926000
17.219,-0.011500,-0.006480,0.130000,-0.011071,-0.005129,0.129689,0.063217,0.067891,-0.233039,0.250824,16.162000
17.244,-0.011500,-0.006565,0.130000,-0.011057,-0.005194,0.129690,0.064335,0.068818,-0.233715,0.251987,16.562000
17.269,-0.011500,-0.006650,0.130000,-0.010992,-0.005193,0.129700,0.065332,0.069663,-0.234507,0.253209,16.135000
17.294,-0.011500,-0.006735,0.130000,-0.011033,-0.005320,0.129672,0.066361,0.070727,-0.234921,0.254153,16.783000
17.319,-0.011500,-0.006820,0.130000,-0.010983,-0.005308,0.129680,0.067346,0.071618,-0.235570,0.255260,16.337000
17.344,-0.011500,-0.006905,0.130000,-0.011036,-0.005430,0.129668,0.068510,0.072681,-0.236009,0.256274,16.511000
17.369,-0.011500,-0.006990,0.130000,-0.010970,-0.005417,0.129682,0.069755,0.073838,-0.236467,0.257361,16.128000
17.394,-0.011500,-0.007075,0.130000,-0.010962,-0.005504,0.129671,0.070929,0.074858,-0.237054,0.258514,16.942000
17.419,-0.011500,-0.007160,0.130000,-0.010908,-0.005517,0.129664,0.072023,0.075800,-0.237514,0.259511,16.678000
17.444,-0.011500,-0.007245,0.130000,-0.010961,-0.005680,0.129620,0.073270,0.077058,-0.237494,0.260211,16.894000
17.469,-0.011500,-0.007330,0.130000,-0.010865,-0.005619,0.129650,0.074637,0.078378,-0.237741,0.261218,16.384000
17.494,-0.011500,-0.007415,0.130000,-0.010855,-0.005680,0.129654,0.075858,0.079472,-0.238430,0.262525,17.091000
17.519,-0.011500,-0.007500,0.130000,-0.010827,-0.005696,0.129659,0.077147,0.080841,-0.238562,0.263437,16.698000
17.544,-0.011415,-0.007500,0.130000,-0.010860,-0.005800,0.129637,0.078332,0.082036,-0.239001,0.264551,16.925000
17.569,-0.011330,-0.007500,0.130000,-0.010815,-0.005789,0.129647,0.080153,0.083150,-0.238988,0.265431,16.419000
17.594,-0.011245,-0.007500,0.130000,-0.010749,-0.005864,0.129662,0.082360,0.083515,-0.239359,0.266553,16.588000
17.619,-0.011160,-0.007500,0.130000,-0.010619,-0.005963,0.129677,0.083261,0.083590,-0.240021,0.267450,16.237000
17.644,-0.011075,-0.007500,0.130000,-0.010763,-0.006293,0.129612,0.082888,0.084265,-0.240826,0.268269,16.972000
17.669,-0.010990,-0.007500,0.130000,-0.010958,-0.006441,0.129561,0.082311,0.085213,-0.241815,0.269279,16.618000
17.694,-0.010905,-0.007500,0.130000,-0.011209,-0.006668,0.129500,0.082203,0.086647,-0.242421,0.270246,16.677000
17.719,-0.010820,-0.007500,0.130000,-0.011217,-0.006618,0.129499,0.082457,0.087864,-0.243225,0.271436,22.390000
17.744,-0.010735,-0.007500,0.130000,-0.011158,-0.006599,0.129565,0.082961,0.088483,-0.244274,0.272730,15.690000
17.769,-0.010650,-0.007500,0.130000,-0.011087,-0.006617,0.129604,0.082819,0.088777,-0.245705,0.274065,16.571000
17.794,-0.010565,-0.007500,0.130000,-0.011110,-0.006817,0.129606,0.081922,0.089390,-0.247388,0.275504,16.636000
17.819,-0.010480,-0.007500,0.130000,-0.011210,-0.006919,0.129595,0.080954,0.090091,-0.249139,0.277021,16.015000
17.844,-0.010395,-0.007500,0.130000,-0.011279,-0.007049,0.129606,0.080241,0.090939,-0.250960,0.278728,16.937000
17.869,-0.010310,-0.007500,0.130000,-0.011271,-0.007005,0.129674,0.079799,0.091446,-0.253150,0.280741,16.124000
17.894,-0.010225,-0.007500,0.130000,-0.011207,-0.007052,0.129773,0.079421,0.091862,-0.255747,0.283113,17.145000
17.919,-0.010140,-0.007500,0.130000,-0.011204,-0.007102,0.129821,0.078984,0.092179,-0.258706,0.285769,16.233000
17.944,-0.010055,-0.007500,0.130000,-0.011127,-0.007181,0.129915,0.078737,0.092438,-0.262026,0.288794,16.814000
17.969,-0.009970,-0.007500,0.130000,-0.011136,-0.007262,0.129958,0.078540,0.092455,-0.265881,0.292248,16.822000
17.994,-0.009885,-0.007500,0.130000,-0.011072,-0.007387,0.130057,0.077972,0.091922,-0.270473,0.296117,16.977000
18.019,-0.009800,-0.007500,0.130000,-0.011201,-0.007706,0.130055,0.077610,0.090990,-0.275556,0.300389,16.872000
18.044,-0.009715,-0.007500,0.130000,-0.011342,-0.008117,0.130035,0.077141,0.089964,-0.280842,0.304822,17.031000
18.069,-0.009630,-0.007500,0.130000,-0.011390,-0.008468,0.130092,0.076468,0.088958,-0.286165,0.309275,16.698000
18.094,-0.009545,-0.007500,0.130000,-0.011388,-0.008729,0.130149,0.076073,0.088445,-0.291445,0.313927,17.636000
18.119,-0.009460,-0.007500,0.130000,-0.011439,-0.008952,0.130180,0.075713,0.088116,-0.296373,0.318330,16.669000
18.144,-0.009375,-0.007500,0.130000,-0.011239,-0.008812,0.130341,0.074777,0.087122,-0.300985,0.322139,17.174000
18.169,-0.009290,-0.007500,0.130000,-0.011350,-0.009042,0.130340,0.074456,0.086433,-0.306100,0.326667,16.995000
18.194,-0.009205,-0.007500,0.130000,-0.011141,-0.008894,0.130482,0.073681,0.085161,-0.310683,0.330462,17.761000
18.219,-0.009120,-0.007500,0.130000,-0.011195,-0.009133,0.130475,0.072894,0.083731,-0.315222,0.334199,16.887000
18.244,-0.009035,-0.007500,0.130000,-0.011347,-0.009542,0.130410,0.072873,0.082968,-0.319738,0.338270,17.915000
18.269,-0.008950,-0.007500,0.130000,-0.011000,-0.009245,0.130557,0.072054,0.081462,-0.323117,0.340929,17.026000
18.294,-0.008865,-0.007500,0.130000,-0.011109,-0.009632,0.130494,0.071966,0.080617,-0.326670,0.344080,17.593000
18.319,-0.008780,-0.007500,0.130000,-0.010748,-0.009328,0.130597,0.071496,0.078944,-0.328903,0.345718,16.682000
18.344,-0.008695,-0.007500,0.130000,-0.010515,-0.009361,0.130610,0.071856,0.077736,-0.331348,0.347847,17.340000
18.369,-0.008610,-0.007500,0.130000,-0.010304,-0.009395,0.130621,0.071716,0.076029,-0.333351,0.349352,17.105000
18.394,-0.008525,-0.007500,0.130000,-0.010055,-0.009430,0.130637,0.072047,0.075062,-0.335667,0.351422,18.328000
18.419,-0.008440,-0.007500,0.130000,-0.009867,-0.009415,0.130659,0.072238,0.074071,-0.337377,0.352885,16.773000
18.444,-0.008355,-0.007500,0.130000,-0.009446,-0.009045,0.130765,0.071804,0.072474,-0.338486,0.353526,17.144000
18.469,-0.008270,-0.007500,0.130000,-0.009488,-0.009286,0.130696,0.071585,0.070977,-0.339660,0.354304,17.236000
18.494,-0.008185,-0.007500,0.130000,-0.009310,-0.009241,0.130699,0.071575,0.069805,-0.340806,0.355168,17.324000
18.519,-0.008100,-0.007500,0.130000,-0.009290,-0.009414,0.130655,0.071813,0.069011,-0.341818,0.356033,17.126000
18.544,-0.008015,-0.007500,0.130000,-0.008914,-0.009022,0.130721,0.071620,0.067684,-0.342466,0.356361,17.865000
18.569,-0.007930,-0.007500,0.130000,-0.008952,-0.009261,0.130654,0.071620,0.066849,-0.343124,0.356837,17.439000
18.594,-0.007845,-0.007500,0.130000,-0.008643,-0.008945,0.130702,0.071112,0.065565,-0.343433,0.356794,17.844000
18.619,-0.007760,-0.007500,0.130000,-0.008741,-0.009190,0.130640,0.070635,0.064277,-0.343777,0.356796,17.515000
18.644,-0.007675,-0.007500,0.130000,-0.008814,-0.009403,0.130584,0.070393,0.063334,-0.344078,0.356870,17.577000
18.669,-0.007590,-0.007500,0.130000,-0.008668,-0.009274,0.130589,0.070338,0.062666,-0.344234,0.356892,17.769000
18.694,-0.007505,-0.007500,0.130000,-0.008271,-0.008796,0.130687,0.069770,0.061330,-0.344102,0.356420,17.461000
18.719,-0.007420,-0.007500,0.130000,-0.008446,-0.009173,0.130592,0.069170,0.060254,-0.343962,0.355985,17.610000
18.744,-0.007335,-0.007500,0.130000,-0.008472,-0.009280,0.130568,0.068776,0.059647,-0.343661,0.355514,17.299000
18.769,-0.007250,-0.007500,0.130000,-0.008375,-0.009172,0.130573,0.068466,0.059109,-0.343305,0.355021,17.923000
18.794,-0.007165,-0.007500,0.130000,-0.008173,-0.008955,0.130600,0.068025,0.058283,-0.342968,0.354473,17.747000
18.819,-0.007080,-0.007500,0.130000,-0.008109,-0.008983,0.130604,0.067340,0.057234,-0.342768,0.353978,17.361000
18.844,-0.006995,-0.007500,0.130000,-0.008000,-0.009000,0.130615,0.066839,0.056601,-0.342665,0.353682,17.695000
18.869,-0.006910,-0.007500,0.130000,-0.008036,-0.009130,0.130568,0.066394,0.056162,-0.342311,0.353184,16.947000
18.894,-0.006825,-0.007500,0.130000,-0.007788,-0.008869,0.130634,0.065603,0.055443,-0.341823,0.352450,17.745000
18.919,-0.006740,-0.007500,0.130000,-0.007934,-0.009149,0.130573,0.065093,0.055135,-0.341211,0.351713,18.015000
18.944,-0.006655,-0.007500,0.130000,-0.007589,-0.008726,0.130672,0.064242,0.054282,-0.340528,0.350761,17.672000
18.969,-0.006570,-0.007500,0.130000,-0.007709,-0.008977,0.130622,0.063733,0.053817,-0.340011,0.350094,17.693000
18.994,-0.006485,-0.007500,0.130000,-0.007573,-0.008890,0.130646,0.063140,0.053280,-0.339578,0.349484,17.661000
19.019,-0.006400,-0.007500,0.130000,-0.007572,-0.008934,0.130640,0.062672,0.052813,-0.339286,0.349044,17.794000
19.044,-0.006315,-0.007500,0.130000,-0.007405,-0.008770,0.130680,0.062084,0.052167,-0.339067,0.348629,17.984000
19.069,-0.006230,-0.007500,0.130000,-0.007454,-0.008919,0.130655,0.061548,0.051533,-0.338828,0.348208,17.447000
19.094,-0.006145,-0.007500,0.130000,-0.007357,-0.008871,0.130672,0.061284,0.050953,-0.338405,0.347663,17.961000
19.119,-0.006060,-0.007500,0.130000,-0.007355,-0.009023,0.130650,0.061176,0.050514,-0.337767,0.346959,17.877000
19.144,-0.005975,-0.007500,0.130000,-0.006986,-0.008614,0.130754,0.060704,0.049577,-0.337174,0.346163,18.075000
19.169,-0.005890,-0.007500,0.130000,-0.007063,-0.008912,0.130709,0.060279,0.048935,-0.336793,0.345626,17.733000
19.194,-0.005805,-0.007500,0.130000,-0.007115,-0.009066,0.130683,0.060107,0.048615,-0.336517,0.345283,17.737000
19.219,-0.005720,-0.007500,0.130000,-0.006979,-0.009050,0.130695,0.059950,0.048321,-0.336361,0.345062,17.562000
19.244,-0.005635,-0.007500,0.130000,-0.006698,-0.008750,0.130767,0.059517,0.047653,-0.336225,0.344762,18.112000
19.269,-0.005550,-0.007500,0.130000,-0.006725,-0.008888,0.130751,0.059193,0.047114,-0.335955,0.344368,17.626000
19.294,-0.005465,-0.007500,0.130000,-0.006532,-0.008702,0.130801,0.058730,0.046320,-0.335505,0.343742,17.716000
19.319,-0.005380,-0.007500,0.130000,-0.006652,-0.009030,0.130747,0.058527,0.045934,-0.334960,0.343123,17.726000
19.344,-0.005295,-0.007500,0.130000,-0.006346,-0.008676,0.130832,0.058127,0.045143,-0.334550,0.342550,17.879000
19.369,-0.005210,-0.007500,0.130000,-0.006404,-0.008942,0.130773,0.057888,0.044670,-0.334216,0.342121,17.808000
19.394,-0.005125,-0.007500,0.130000,-0.006135,-0.008666,0.130825,0.057411,0.043866,-0.333912,0.341640,17.547000
19.419,-0.005040,-0.007500,0.130000,-0.006330,-0.009105,0.130731,0.057207,0.043565,-0.333460,0.341124,18.126000
19.444,-0.004955,-0.007500,0.130000,-0.006145,-0.008933,0.130771,0.056844,0.043056,-0.332940,0.340491,17.968000
19.469,-0.004870,-0.007500,0.130000,-0.006064,-0.008893,0.130779,0.056296,0.042264,-0.332423,0.339795,17.700000
19.494,-0.004785,-0.007500,0.130000,-0.005995,-0.008919,0.130764,0.056029,0.041709,-0.331910,0.339180,17.624000
19.519,-0.004700,-0.007500,0.130000,-0.005965,-0.009041,0.130737,0.055881,0.041289,-0.331272,0.338480,17.816000
19.544,-0.004615,-0.007500,0.130000,-0.005628,-0.008663,0.130804,0.055504,0.040452,-0.330507,0.337568,17.796000
19.569,-0.004530,-0.007500,0.130000,-0.005684,-0.008938,0.130753,0.055292,0.039974,-0.329648,0.336635,17.529000
19.594,-0.004445,-0.007500,0.130000,-0.005359,-0.008549,0.130825,0.054826,0.039134,-0.328832,0.335660,17.939000
19.619,-0.004360,-0.007500,0.130000,-0.005404,-0.008775,0.130783,0.054479,0.038623,-0.328112,0.334839,18.708000
19.644,-0.004275,-0.007500,0.130000,-0.005274,-0.008693,0.130788,0.054056,0.038070,-0.327402,0.334011,18.209000
19.669,-0.004190,-0.007500,0.130000,-0.005346,-0.008917,0.130738,0.053815,0.037771,-0.326573,0.333125,18.233000
19.694,-0.004105,-0.007500,0.130000,-0.005029,-0.008483,0.130810,0.053379,0.036985,-0.325620,0.332033,17.721000
19.719,-0.004020,-0.007500,0.130000,-0.005174,-0.008881,0.130734,0.053138,0.036469,-0.324533,0.330871,17.978000
19.744,-0.003935,-0.007500,0.130000,-0.004935,-0.008601,0.130779,0.053037,0.035721,-0.323491,0.329750,21.117000
19.769,-0.003850,-0.007500,0.130000,-0.004963,-0.008868,0.130737,0.053100,0.035246,-0.322502,0.328739,27.541000
19.794,-0.003850,-0.007500,0.130000,-0.004678,-0.008588,0.130787,0.052895,0.034482,-0.321557,0.327698,27.541000
19.819,-0.003765,-0.007500,0.130000,-0.004738,-0.008897,0.130722,0.052476,0.033750,-0.320498,0.326514,27.267000
19.844,-0.003680,-0.007500,0.130000,-0.004540,-0.008662,0.130740,0.052033,0.033091,-0.319389,0.325287,23.352000
19.869,-0.003510,-0.007500,0.130000,-0.004513,-0.008678,0.130724,0.051471,0.032221,-0.318287,0.324028,21.517000
19.894,-0.003425,-0.007500,0.130000,-0.004547,-0.008897,0.130649,0.051216,0.031741,-0.317105,0.322779,19.946000
19.919,-0.003340,-0.007500,0.130000,-0.004476,-0.008901,0.130619,0.050898,0.031041,-0.315688,0.321268,21.109000
19.944,-0.003255,-0.007500,0.130000,-0.004259,-0.008626,0.130646,0.050673,0.030167,-0.314168,0.319656,19.273000
19.969,-0.003170,-0.007500,0.130000,-0.004248,-0.008759,0.130619,0.050396,0.029378,-0.312523,0.317921,18.373000
19.994,-0.003085,-0.007500,0.130000,-0.004107,-0.008736,0.130581,0.050170,0.028684,-0.311027,0.316350,18.461000
20.019,-0.003000,-0.007500,0.130000,-0.004072,-0.008876,0.130532,0.049985,0.028219,-0.309703,0.314978,17.726000
20.044,-0.002915,-0.007500,0.130000,-0.003843,-0.008621,0.130536,0.049686,0.027535,-0.308409,0.313597,18.946000
20.069,-0.002830,-0.007500,0.130000,-0.003842,-0.008785,0.130486,0.049567,0.027049,-0.307098,0.312246,17.234000
20.094,-0.002745,-0.007500,0.130000,-0.003699,-0.008649,0.130493,0.049332,0.026458,-0.305849,0.310930,17.877000
20.119,-0.002660,-0.007500,0.130000,-0.003550,-0.008565,0.130470,0.048945,0.025560,-0.304834,0.309795,18.324000
20.144,-0.002575,-0.007500,0.130000,-0.003498,-0.008663,0.130417,0.048756,0.024997,-0.304017,0.308915,18.188000
20.169,-0.002490,-0.007500,0.130000,-0.003501,-0.008867,0.130360,0.048678,0.024699,-0.303130,0.308005,17.619000
20.194,-0.002405,-0.007500,0.130000,-0.003230,-0.008477,0.130384,0.048401,0.024057,-0.302055,0.306853,18.051000
20.219,-0.002320,-0.007500,0.130000,-0.003240,-0.008686,0.130328,0.048261,0.023704,-0.300857,0.305623,17.679000
20.244,-0.002235,-0.007500,0.130000,-0.002905,-0.008099,0.130386,0.047961,0.022719,-0.299670,0.304333,17.700000
20.269,-0.002150,-0.007500,0.130000,-0.002996,-0.008509,0.130302,0.047774,0.021926,-0.298603,0.303194,17.698000
20.294,-0.002065,-0.007500,0.130000,-0.002958,-0.008676,0.130243,0.047748,0.021570,-0.297527,0.302105,18.147000
20.319,-0.001980,-0.007500,0.130000,-0.002769,-0.008381,0.130267,0.047649,0.020919,-0.296506,0.301038,18.830000
20.344,-0.001895,-0.007500,0.130000,-0.002722,-0.008416,0.130250,0.047607,0.020311,-0.295499,0.299997,19.011000
20.369,-0.001810,-0.007500,0.130000,-0.002678,-0.008613,0.130181,0.047775,0.020011,-0.294455,0.298976,18.164000
20.394,-0.001725,-0.007500,0.130000,-0.002410,-0.008194,0.130213,0.047857,0.019268,-0.293414,0.297915,17.416000
20.419,-0.001640,-0.007500,0.130000,-0.002398,-0.008480,0.130155,0.047920,0.018631,-0.292435,0.296920,17.518000
20.444,-0.001555,-0.007500,0.130000,-0.002180,-0.008166,0.130175,0.048021,0.018027,-0.291590,0.296067,18.077000
20.469,-0.001470,-0.007500,0.130000,-0.002165,-0.008386,0.130126,0.048180,0.017773,-0.290775,0.295275,17.327000
20.494,-0.001385,-0.007500,0.130000,-0.001977,-0.008157,0.130124,0.048188,0.017352,-0.289904,0.294393,17.318000
20.519,-0.001300,-0.007500,0.130000,-0.001869,-0.008015,0.130130,0.048266,0.016795,-0.289123,0.293605,16.804000
20.544,-0.001215,-0.007500,0.130000,-0.001723,-0.007874,0.130118,0.048336,0.016124,-0.288559,0.293023,17.229000
20.569,-0.001130,-0.007500,0.130000,-0.001778,-0.008315,0.130037,0.048489,0.015704,-0.288158,0.292631,17.258000
20.594,-0.001045,-0.007500,0.130000,-0.001589,-0.008057,0.130043,0.048681,0.015299,-0.287815,0.292304,17.133000
20.619,-0.000960,-0.007500,0.130000,-0.001532,-0.008214,0.129998,0.048782,0.014898,-0.287360,0.291852,16.817000
20.644,-0.000875,-0.007500,0.130000,-0.001329,-0.007840,0.130024,0.048945,0.014418,-0.286810,0.291313,17.158000
20.669,-0.000790,-0.007500,0.130000,-0.001274,-0.007990,0.129984,0.049214,0.014171,-0.286176,0.290722,16.983000
20.694,-0.000705,-0.007500,0.130000,-0.001079,-0.007725,0.129988,0.049400,0.013736,-0.285563,0.290129,17.188000
20.719,-0.000620,-0.007500,0.130000,-0.000976,-0.007665,0.129985,0.049524,0.013042,-0.285058,0.289622,16.892000
20.744,-0.000535,-0.007500,0.130000,-0.000884,-0.007705,0.129952,0.049792,0.012725,-0.284608,0.289211,17.306000
20.769,-0.000450,-0.007500,0.130000,-0.000807,-0.007810,0.129921,0.050102,0.012548,-0.284099,0.288756,16.842000
20.794,-0.000365,-0.007500,0.130000,-0.000608,-0.007430,0.129949,0.050309,0.011994,-0.283469,0.288149,17.650000
20.819,-0.000280,-0.007500,0.130000,-0.000572,-0.007709,0.129910,0.050515,0.011600,-0.282706,0.287418,16.630000
20.844,-0.000195,-0.007500,0.130000,-0.000456,-0.007581,0.129907,0.050822,0.011255,-0.281896,0.286662,17.385000
20.869,-0.000110,-0.007500,0.130000,-0.000371,-0.007654,0.129883,0.051140,0.010887,-0.281126,0.285947,16.558000
20.894,-0.000025,-0.007500,0.130000,-0.000278,-0.007699,0.129873,0.051572,0.010802,-0.280545,0.285451,16.828000
20.919,0.000060,-0.007500,0.130000,-0.000148,-0.007482,0.129903,0.052080,0.010578,-0.280229,0.285224,16.611000
20.944,0.000145,-0.007500,0.130000,-0.000029,-0.007412,0.129912,0.052589,0.010394,-0.279992,0.285077,16.454000
20.969,0.000230,-0.007500,0.130000,0.000064,-0.007541,0.129894,0.053056,0.010527,-0.279732,0.284914,16.294000
20.994,0.000315,-0.007500,0.130000,0.000191,-0.007275,0.129928,0.053558,0.010664,-0.279538,0.284822,17.890000
21.019,0.000400,-0.007500,0.130000,0.000295,-0.007075,0.129965,0.054198,0.010845,-0.279398,0.284813,16.215000
21.044,0.000485,-0.007500,0.130000,0.000408,-0.006908,0.129999,0.054930,0.011049,-0.279357,0.284921,16.462000
21.069,0.000570,-0.007500,0.130000,0.000550,-0.006809,0.130020,0.055615,0.011468,-0.279294,0.285008,16.153000
21.094,0.000655,-0.007500,0.130000,0.000648,-0.006853,0.130024,0.056249,0.011794,-0.279239,0.285092,16.529000
21.119,0.000740,-0.007500,0.130000,0.000740,-0.006876,0.130021,0.056845,0.012189,-0.279223,0.285211,16.089000
21.144,0.000825,-0.007500,0.130000,0.000817,-0.007049,0.129998,0.057406,0.012774,-0.279261,0.285386,16.251000
21.169,0.000910,-0.007500,0.130000,0.000896,-0.006857,0.130011,0.057975,0.013243,-0.279343,0.285603,16.377000
21.194,0.000995,-0.007500,0.130000,0.000952,-0.007108,0.129965,0.058650,0.013955,-0.279250,0.285684,17.659000
21.219,0.001080,-0.007500,0.130000,0.001064,-0.006735,0.130029,0.059312,0.014597,-0.279254,0.285856,17.129000
21.244,0.001165,-0.007500,0.130000,0.001145,-0.006735,0.130050,0.059927,0.015233,-0.279303,0.286065,16.432000
21.269,0.001250,-0.007500,0.130000,0.001251,-0.006441,0.130093,0.060541,0.016038,-0.279373,0.286307,17.238000
21.294,0.001335,-0.007500,0.130000,0.001342,-0.006523,0.130092,0.060992,0.016734,-0.279498,0.286565,17.272000
21.319,0.001420,-0.007500,0.130000,0.001417,-0.006374,0.130115,0.061382,0.017407,-0.279684,0.286869,16.542000
21.344,0.001505,-0.007500,0.130000,0.001462,-0.006724,0.130081,0.061817,0.018457,-0.279801,0.287142,16.586000
21.369,0.001590,-0.007500,0.130000,0.001530,-0.006256,0.130137,0.062055,0.019240,-0.279862,0.287305,17.027000
21.394,0.001675,-0.007500,0.130000,0.001590,-0.006608,0.130111,0.062228,0.020328,-0.279734,0.287292,16.964000
21.419,0.001760,-0.007500,0.130000,0.001597,-0.006123,0.130166,0.062395,0.021072,-0.279573,0.287225,17.133000
21.444,0.001845,-0.007500,0.130000,0.001655,-0.006161,0.130162,0.062612,0.022242,-0.279226,0.287022,16.376000
21.469,0.001930,-0.007500,0.130000,0.001713,-0.006085,0.130169,0.062873,0.022950,-0.278809,0.286730,17.425000
21.494,0.002015,-0.007500,0.130000,0.001845,-0.006740,0.130086,0.063120,0.024113,-0.278095,0.286186,17.394000
21.519,0.002100,-0.007500,0.130000,0.001877,-0.006016,0.130158,0.063059,0.025132,-0.277413,0.285598,16.412000
21.544,0.002185,-0.007500,0.130000,0.001887,-0.006087,0.130130,0.063023,0.025878,-0.276818,0.285078,16.858000
21.569,0.002270,-0.007500,0.130000,0.001873,-0.005975,0.130130,0.063034,0.026622,-0.276303,0.284649,16.514000
21.594,0.002355,-0.007500,0.130000,0.001958,-0.006480,0.130059,0.063114,0.027790,-0.275759,0.284251,17.063000
21.619,0.002440,-0.007500,0.130000,0.001941,-0.005847,0.130121,0.063128,0.028494,-0.275194,0.283776,16.408000
21.644,0.002525,-0.007500,0.130000,0.002115,-0.006510,0.130013,0.063090,0.029613,-0.274243,0.282960,16.563000
21.669,0.002610,-0.007500,0.130000,0.002066,-0.005872,0.130076,0.062940,0.030215,-0.273217,0.281996,16.561000
21.694,0.002695,-0.007500,0.130000,0.002230,-0.006489,0.130007,0.062658,0.031238,-0.272111,0.280974,16.541000
21.719,0.002780,-0.007500,0.130000,0.002152,-0.005994,0.130052,0.062358,0.032329,-0.271143,0.280093,16.829000
21.744,0.002865,-0.007500,0.130000,0.002184,-0.006044,0.130014,0.062105,0.033059,-0.270320,0.279326,16.890000
21.769,0.002950,-0.007500,0.130000,0.002169,-0.005828,0.130011,0.061863,0.033606,-0.269567,0.278608,16.392000
21.794,0.003035,-0.007500,0.130000,0.002405,-0.006538,0.129892,0.061486,0.034598,-0.268654,0.277764,17.011000
21.819,0.003120,-0.007500,0.130000,0.002293,-0.006015,0.129927,0.061174,0.035156,-0.267717,0.276859,16.309000
21.844,0.003205,-0.007500,0.130000,0.002498,-0.006573,0.129886,0.060826,0.036091,-0.266642,0.275863,16.436000
21.869,0.003290,-0.007500,0.130000,0.002421,-0.006117,0.129933,0.060437,0.036995,-0.265602,0.274892,16.621000
21.894,0.003375,-0.007500,0.130000,0.002495,-0.006074,0.129933,0.060182,0.037592,-0.264780,0.274123,16.748000
21.919,0.003460,-0.007500,0.130000,0.002550,-0.006092,0.129918,0.060036,0.038221,-0.264093,0.273515,16.462000
21.944,0.003545,-0.007500,0.130000,0.002834,-0.006618,0.129838,0.059749,0.039228,-0.263466,0.272989,16.473000
21.969,0.003630,-0.007500,0.130000,0.002817,-0.006331,0.129867,0.059298,0.040248,-0.262875,0.272469,16.800000
