t,x,y,z,qw,qx,qy,qz,s1_x,s1_y,s1_z,s1_qw,s1_qx,s1_qy,s1_qz,s2_x,s2_y,s2_z,s2_qw,s2_qx,s2_qy,s2_qz,s3_x,s3_y,s3_z,s3_qw,s3_qx,s3_qy,s3_qz
0.019,-0.00029,-0.02366,0.12665,-0.34321,-0.16572,-0.32296,0.86628,NaN,NaN,NaN,NaN,NaN,NaN,NaN,NaN,NaN,NaN,NaN,NaN,NaN,NaN,NaN,NaN,NaN,NaN,NaN,NaN,NaN,
0.044,-0.00029,-0.02366,0.12666,-0.34321,-0.16572,-0.32297,0.86628,NaN,NaN,NaN,NaN,NaN,NaN,NaN,NaN,NaN,NaN,NaN,NaN,NaN,NaN,NaN,NaN,NaN,NaN,NaN,NaN,NaN,
0.069,-0.00029,-0.02367,0.12665,-0.34322,-0.16572,-0.32296,0.86628,NaN,NaN,NaN,NaN,NaN,NaN,NaN,NaN,NaN,NaN,NaN,NaN,NaN,NaN,NaN,NaN,NaN,NaN,NaN,NaN,NaN,
0.094,-0.00029,-0.02367,0.12665,-0.34323,-0.16571,-0.32295,0.86628,NaN,NaN,NaN,NaN,NaN,NaN,NaN,NaN,NaN,NaN,NaN,NaN,NaN,NaN,NaN,NaN,NaN,NaN,NaN,NaN,NaN,
0.119,-0.00029,-0.02367,0.12665,-0.34323,-0.16572,-0.32295,0.86628,NaN,NaN,NaN,NaN,NaN,NaN,NaN,NaN,NaN,NaN,NaN,NaN,NaN,NaN,NaN,NaN,NaN,NaN,NaN,NaN,NaN,
0.144,-0.00029,-0.02367,0.12665,-0.34322,-0.16572,-0.32295,0.86628,NaN,NaN,NaN,NaN,NaN,NaN,NaN,NaN,NaN,NaN,NaN,NaN,NaN,NaN,NaN,NaN,NaN,NaN,NaN,NaN,NaN,
0.169,-0.00030,-0.02366,0.12666,-0.34321,-0.16573,-0.32296,0.86628,NaN,NaN,NaN,NaN,NaN,NaN,NaN,NaN,NaN,NaN,NaN,NaN,NaN,NaN,NaN,NaN,NaN,NaN,NaN,NaN,NaN,
0.194,-0.00030,-0.02366,0.12666,-0.34318,-0.16574,-0.32298,0.86628,NaN,NaN,NaN,NaN,NaN,NaN,NaN,NaN,NaN,NaN,NaN,NaN,NaN,NaN,NaN,NaN,NaN,NaN,NaN,NaN,NaN,
0.219,-0.00030,-0.02366,0.12666,-0.34319,-0.16574,-0.32298,0.86628,NaN,NaN,NaN,NaN,NaN,NaN,NaN,NaN,NaN,NaN,NaN,NaN,NaN,NaN,NaN,NaN,NaN,NaN,NaN,NaN,NaN,
0.244,-0.00029,-0.02366,0.12666,-0.34319,-0.16573,-0.32297,0.86628,NaN,NaN,NaN,NaN,NaN,NaN,NaN,NaN,NaN,NaN,NaN,NaN,NaN,NaN,NaN,NaN,NaN,NaN,NaN,NaN,NaN,
0.269,-0.00029,-0.02367,0.12666,-0.34322,-0.16571,-0.32297,0.86628,NaN,NaN,NaN,NaN,NaN,NaN,NaN,NaN,NaN,NaN,NaN,NaN,NaN,NaN,NaN,NaN,NaN,NaN,NaN,NaN,NaN,
0.294,-0.00029,-0.02367,0.12666,-0.34323,-0.16570,-0.32296,0.86628,NaN,NaN,NaN,NaN,NaN,NaN,NaN,NaN,NaN,NaN,NaN,NaN,NaN,NaN,NaN,NaN,NaN,NaN,NaN,NaN,NaN,
0.319,-0.00029,-0.02367,0.12666,-0.34322,-0.16570,-0.32297,0.86627,NaN,NaN,NaN,NaN,NaN,NaN,NaN,NaN,NaN,NaN,NaN,NaN,NaN,NaN,NaN,NaN,NaN,NaN,NaN,NaN,NaN,
0.344,-0.00030,-0.02367,0.12666,-0.34319,-0.16571,-0.32300,0.86628,NaN,NaN,NaN,NaN,NaN,NaN,NaN,NaN,NaN,NaN,NaN,NaN,NaN,NaN,NaN,NaN,NaN,NaN,NaN,NaN,NaN,
0.369,-0.00030,-0.02366,0.12667,-0.34317,-0.16570,-0.32303,0.86627,NaN,NaN,NaN,NaN,NaN,NaN,NaN,NaN,NaN,NaN,NaN,NaN,NaN,NaN,NaN,NaN,NaN,NaN,NaN,NaN,NaN,
0.394,-0.00030,-0.02366,0.12667,-0.34316,-0.16570,-0.32304,0.86628,NaN,NaN,NaN,NaN,NaN,NaN,NaN,NaN,NaN,NaN,NaN,NaN,NaN,NaN,NaN,NaN,NaN,NaN,NaN,NaN,NaN,
0.419,-0.00029,-0.02367,0.12667,-0.34316,-0.16569,-0.32305,0.86627,NaN,NaN,NaN,NaN,NaN,NaN,NaN,NaN,NaN,NaN,NaN,NaN,NaN,NaN,NaN,NaN,NaN,NaN,NaN,NaN,NaN,
0.444,-0.00029,-0.02367,0.12667,-0.34319,-0.16567,-0.32304,0.86627,NaN,NaN,NaN,NaN,NaN,NaN,NaN,NaN,NaN,NaN,NaN,NaN,NaN,NaN,NaN,NaN,NaN,NaN,NaN,NaN,NaN,
0.469,-0.00029,-0.02367,0.12667,-0.34320,-0.16567,-0.32302,0.86627,NaN,NaN,NaN,NaN,NaN,NaN,NaN,NaN,NaN,NaN,NaN,NaN,NaN,NaN,NaN,NaN,NaN,NaN,NaN,NaN,NaN,
0.494,-0.00029,-0.02367,0.12667,-0.34320,-0.16566,-0.32303,0.86627,NaN,NaN,NaN,NaN,NaN,NaN,NaN,NaN,NaN,NaN,NaN,NaN,NaN,NaN,NaN,NaN,NaN,NaN,NaN,NaN,NaN,
0.519,-0.00029,-0.02367,0.12667,-0.34318,-0.16567,-0.32303,0.86627,NaN,NaN,NaN,NaN,NaN,NaN,NaN,NaN,NaN,NaN,NaN,NaN,NaN,NaN,NaN,NaN,NaN,NaN,NaN,NaN,NaN,
0.544,-0.00029,-0.02367,0.12668,-0.34316,-0.16567,-0.32306,0.86627,NaN,NaN,NaN,NaN,NaN,NaN,NaN,NaN,NaN,NaN,NaN,NaN,NaN,NaN,NaN,NaN,NaN,NaN,NaN,NaN,NaN,
0.569,-0.00029,-0.02367,0.12668,-0.34315,-0.16567,-0.32307,0.86627,NaN,NaN,NaN,NaN,NaN,NaN,NaN,NaN,NaN,NaN,NaN,NaN,NaN,NaN,NaN,NaN,NaN,NaN,NaN,NaN,NaN,
0.594,-0.00029,-0.02366,0.12668,-0.34315,-0.16568,-0.32307,0.86627,NaN,NaN,NaN,NaN,NaN,NaN,NaN,NaN,NaN,NaN,NaN,NaN,NaN,NaN,NaN,NaN,NaN,NaN,NaN,NaN,NaN,
0.619,-0.00029,-0.02366,0.12668,-0.34316,-0.16568,-0.32305,0.86627,NaN,NaN,NaN,NaN,NaN,NaN,NaN,NaN,NaN,NaN,NaN,NaN,NaN,NaN,NaN,NaN,NaN,NaN,NaN,NaN,NaN,
0.644,-0.00029,-0.02366,0.12668,-0.34316,-0.16568,-0.32306,0.86627,NaN,NaN,NaN,NaN,NaN,NaN,NaN,NaN,NaN,NaN,NaN,NaN,NaN,NaN,NaN,NaN,NaN,NaN,NaN,NaN,NaN,
0.669,-0.00029,-0.02366,0.12668,-0.34315,-0.16568,-0.32306,0.86627,NaN,NaN,NaN,NaN,NaN,NaN,NaN,NaN,NaN,NaN,NaN,NaN,NaN,NaN,NaN,NaN,NaN,NaN,NaN,NaN,NaN,
0.694,-0.00029,-0.02366,0.12668,-0.34315,-0.16568,-0.32307,0.86627,NaN,NaN,NaN,NaN,NaN,NaN,NaN,NaN,NaN,NaN,NaN,NaN,NaN,NaN,NaN,NaN,NaN,NaN,NaN,NaN,NaN,
0.719,-0.00029,-0.02366,0.12668,-0.34314,-0.16567,-0.32308,0.86627,NaN,NaN,NaN,NaN,NaN,NaN,NaN,NaN,NaN,NaN,NaN,NaN,NaN,NaN,NaN,NaN,NaN,NaN,NaN,NaN,NaN,
0.744,-0.00029,-0.02367,0.12668,-0.34315,-0.16567,-0.32308,0.86627,NaN,NaN,NaN,NaN,NaN,NaN,NaN,NaN,NaN,NaN,NaN,NaN,NaN,NaN,NaN,NaN,NaN,NaN,NaN,NaN,NaN,
0.769,-0.00029,-0.02367,0.12668,-0.34315,-0.16566,-0.32308,0.86627,NaN,NaN,NaN,NaN,NaN,NaN,NaN,NaN,NaN,NaN,NaN,NaN,NaN,NaN,NaN,NaN,NaN,NaN,NaN,NaN,NaN,
0.794,-0.00029,-0.02367,0.12668,-0.34317,-0.16566,-0.32306,0.86627,NaN,NaN,NaN,NaN,NaN,NaN,NaN,NaN,NaN,NaN,NaN,NaN,NaN,NaN,NaN,NaN,NaN,NaN,NaN,NaN,NaN,
0.819,-0.00029,-0.02367,0.12668,-0.34317,-0.16565,-0.32306,0.86627,NaN,NaN,NaN,NaN,NaN,NaN,NaN,NaN,NaN,NaN,NaN,NaN,NaN,NaN,NaN,NaN,NaN,NaN,NaN,NaN,NaN,
0.844,-0.00029,-0.02367,0.12668,-0.34318,-0.16565,-0.32306,0.86627,NaN,NaN,NaN,NaN,NaN,NaN,NaN,NaN,NaN,NaN,NaN,NaN,NaN,NaN,NaN,NaN,NaN,NaN,NaN,NaN,NaN,
0.869,-0.00029,-0.02367,0.12668,-0.34317,-0.16566,-0.32306,0.86627,NaN,NaN,NaN,NaN,NaN,NaN,NaN,NaN,NaN,NaN,NaN,NaN,NaN,NaN,NaN,NaN,NaN,NaN,NaN,NaN,NaN,
0.894,-0.00029,-0.02367,0.12668,-0.34317,-0.16567,-0.32305,0.86627,NaN,NaN,NaN,NaN,NaN,NaN,NaN,NaN,NaN,NaN,NaN,NaN,NaN,NaN,NaN,NaN,NaN,NaN,NaN,NaN,NaN,
0.919,-0.00029,-0.02367,0.12668,-0.34316,-0.16569,-0.32305,0.86627,NaN,NaN,NaN,NaN,NaN,NaN,NaN,NaN,NaN,NaN,NaN,NaN,NaN,NaN,NaN,NaN,NaN,NaN,NaN,NaN,NaN,
0.944,-0.00030,-0.02367,0.12668,-0.34315,-0.16569,-0.32305,0.86627,NaN,NaN,NaN,NaN,NaN,NaN,NaN,NaN,NaN,NaN,NaN,NaN,NaN,NaN,NaN,NaN,NaN,NaN,NaN,NaN,NaN,
0.969,-0.00030,-0.02366,0.12667,-0.34314,-0.16570,-0.32305,0.86628,NaN,NaN,NaN,NaN,NaN,NaN,NaN,NaN,NaN,NaN,NaN,NaN,NaN,NaN,NaN,NaN,NaN,NaN,NaN,NaN,NaN,
0.994,-0.00030,-0.02366,0.12667,-0.34315,-0.16571,-0.32304,0.86628,NaN,NaN,NaN,NaN,NaN,NaN,NaN,NaN,NaN,NaN,NaN,NaN,NaN,NaN,NaN,NaN,NaN,NaN,NaN,NaN,NaN,
1.019,-0.00030,-0.02366,0.12667,-0.34316,-0.16572,-0.32302,0.86628,NaN,NaN,NaN,NaN,NaN,NaN,NaN,NaN,NaN,NaN,NaN,NaN,NaN,NaN,NaN,NaN,NaN,NaN,NaN,NaN,NaN,
1.044,-0.00029,-0.02366,0.12667,-0.34317,-0.16572,-0.32301,0.86628,NaN,NaN,NaN,NaN,NaN,NaN,NaN,NaN,NaN,NaN,NaN,NaN,NaN,NaN,NaN,NaN,NaN,NaN,NaN,NaN,NaN,
1.069,-0.00029,-0.02366,0.12666,-0.34317,-0.16573,-0.32300,0.86628,NaN,NaN,NaN,NaN,NaN,NaN,NaN,NaN,NaN,NaN,NaN,NaN,NaN,NaN,NaN,NaN,NaN,NaN,NaN,NaN,NaN,
1.094,-0.00029,-0.02366,0.12666,-0.34318,-0.16573,-0.32299,0.86628,NaN,NaN,NaN,NaN,NaN,NaN,NaN,NaN,NaN,NaN,NaN,NaN,NaN,NaN,NaN,NaN,NaN,NaN,NaN,NaN,NaN,
1.119,-0.00029,-0.02366,0.12666,-0.34318,-0.16573,-0.32299,0.86628,NaN,NaN,NaN,NaN,NaN,NaN,NaN,NaN,NaN,NaN,NaN,NaN,NaN,NaN,NaN,NaN,NaN,NaN,NaN,NaN,NaN,
1.144,-0.00029,-0.02366,0.12666,-0.34319,-0.16572,-0.32299,0.86628,NaN,NaN,NaN,NaN,NaN,NaN,NaN,NaN,NaN,NaN,NaN,NaN,NaN,NaN,NaN,NaN,NaN,NaN,NaN,NaN,NaN,
1.169,-0.00028,-0.02366,0.12666,-0.34321,-0.16571,-0.32298,0.86628,NaN,NaN,NaN,NaN,NaN,NaN,NaN,NaN,NaN,NaN,NaN,NaN,NaN,NaN,NaN,NaN,NaN,NaN,NaN,NaN,NaN,
1.194,-0.00028,-0.02367,0.12666,-0.34322,-0.16570,-0.32297,0.86627,NaN,NaN,NaN,NaN,NaN,NaN,NaN,NaN,NaN,NaN,NaN,NaN,NaN,NaN,NaN,NaN,NaN,NaN,NaN,NaN,NaN,
1.219,-0.00028,-0.02367,0.12666,-0.34323,-0.16569,-0.32297,0.86627,NaN,NaN,NaN,NaN,NaN,NaN,NaN,NaN,NaN,NaN,NaN,NaN,NaN,NaN,NaN,NaN,NaN,NaN,NaN,NaN,NaN,
1.244,-0.00029,-0.02367,0.12666,-0.34321,-0.16570,-0.32299,0.86627,NaN,NaN,NaN,NaN,NaN,NaN,NaN,NaN,NaN,NaN,NaN,NaN,NaN,NaN,NaN,NaN,NaN,NaN,NaN,NaN,NaN,
1.269,-0.00029,-0.02366,0.12666,-0.34318,-0.16571,-0.32300,0.86628,NaN,NaN,NaN,NaN,NaN,NaN,NaN,NaN,NaN,NaN,NaN,NaN,NaN,NaN,NaN,NaN,NaN,NaN,NaN,NaN,NaN,
1.294,-0.00029,-0.02366,0.12667,-0.34317,-0.16571,-0.32301,0.86628,NaN,NaN,NaN,NaN,NaN,NaN,NaN,NaN,NaN,NaN,NaN,NaN,NaN,NaN,NaN,NaN,NaN,NaN,NaN,NaN,NaN,
1.319,-0.00029,-0.02366,0.12667,-0.34318,-0.16572,-0.32301,0.86628,NaN,NaN,NaN,NaN,NaN,NaN,NaN,NaN,NaN,NaN,NaN,NaN,NaN,NaN,NaN,NaN,NaN,NaN,NaN,NaN,NaN,
1.344,-0.00029,-0.02366,0.12667,-0.34319,-0.16571,-0.32300,0.86628,NaN,NaN,NaN,NaN,NaN,NaN,NaN,NaN,NaN,NaN,NaN,NaN,NaN,NaN,NaN,NaN,NaN,NaN,NaN,NaN,NaN,
1.369,-0.00028,-0.02367,0.12666,-0.34321,-0.16570,-0.32298,0.86627,NaN,NaN,NaN,NaN,NaN,NaN,NaN,NaN,NaN,NaN,NaN,NaN,NaN,NaN,NaN,NaN,NaN,NaN,NaN,NaN,NaN,
1.394,-0.00029,-0.02367,0.12666,-0.34322,-0.16569,-0.32298,0.86627,NaN,NaN,NaN,NaN,NaN,NaN,NaN,NaN,NaN,NaN,NaN,NaN,NaN,NaN,NaN,NaN,NaN,NaN,NaN,NaN,NaN,
1.419,-0.00029,-0.02367,0.12666,-0.34320,-0.16570,-0.32299,0.86627,NaN,NaN,NaN,NaN,NaN,NaN,NaN,NaN,NaN,NaN,NaN,NaN,NaN,NaN,NaN,NaN,NaN,NaN,NaN,NaN,NaN,
1.444,-0.00030,-0.02366,0.12667,-0.34317,-0.16572,-0.32301,0.86628,NaN,NaN,NaN,NaN,NaN,NaN,NaN,NaN,NaN,NaN,NaN,NaN,NaN,NaN,NaN,NaN,NaN,NaN,NaN,NaN,NaN,
1.469,-0.00030,-0.02366,0.12667,-0.34316,-0.16572,-0.32302,0.86628,NaN,NaN,NaN,NaN,NaN,NaN,NaN,NaN,NaN,NaN,NaN,NaN,NaN,NaN,NaN,NaN,NaN,NaN,NaN,NaN,NaN,
1.494,-0.00030,-0.02366,0.12667,-0.34314,-0.16573,-0.32304,0.86628,NaN,NaN,NaN,NaN,NaN,NaN,NaN,NaN,NaN,NaN,NaN,NaN,NaN,NaN,NaN,NaN,NaN,NaN,NaN,NaN,NaN,
1.519,-0.00030,-0.02366,0.12667,-0.34315,-0.16572,-0.32303,0.86628,NaN,NaN,NaN,NaN,NaN,NaN,NaN,NaN,NaN,NaN,NaN,NaN,NaN,NaN,NaN,NaN,NaN,NaN,NaN,NaN,NaN,
1.544,-0.00030,-0.02366,0.12667,-0.34314,-0.16572,-0.32304,0.86628,NaN,NaN,NaN,NaN,NaN,NaN,NaN,NaN,NaN,NaN,NaN,NaN,NaN,NaN,NaN,NaN,NaN,NaN,NaN,NaN,NaN,
1.569,-0.00030,-0.02366,0.12667,-0.34315,-0.16571,-0.32303,0.86628,NaN,NaN,NaN,NaN,NaN,NaN,NaN,NaN,NaN,NaN,NaN,NaN,NaN,NaN,NaN,NaN,NaN,NaN,NaN,NaN,NaN,
1.594,-0.00030,-0.02366,0.12667,-0.34315,-0.16571,-0.32305,0.86628,NaN,NaN,NaN,NaN,NaN,NaN,NaN,NaN,NaN,NaN,NaN,NaN,NaN,NaN,NaN,NaN,NaN,NaN,NaN,NaN,NaN,
1.619,-0.00030,-0.02366,0.12667,-0.34314,-0.16570,-0.32306,0.86627,NaN,NaN,NaN,NaN,NaN,NaN,NaN,NaN,NaN,NaN,NaN,NaN,NaN,NaN,NaN,NaN,NaN,NaN,NaN,NaN,NaN,
1.644,-0.00029,-0.02366,0.12667,-0.34314,-0.16570,-0.32306,0.86628,NaN,NaN,NaN,NaN,NaN,NaN,NaN,NaN,NaN,NaN,NaN,NaN,NaN,NaN,NaN,NaN,NaN,NaN,NaN,NaN,NaN,
1.669,-0.00029,-0.02366,0.12667,-0.34315,-0.16570,-0.32305,0.86627,NaN,NaN,NaN,NaN,NaN,NaN,NaN,NaN,NaN,NaN,NaN,NaN,NaN,NaN,NaN,NaN,NaN,NaN,NaN,NaN,NaN,
1.694,-0.00029,-0.02366,0.12667,-0.34314,-0.16570,-0.32306,0.86627,NaN,NaN,NaN,NaN,NaN,NaN,NaN,NaN,NaN,NaN,NaN,NaN,NaN,NaN,NaN,NaN,NaN,NaN,NaN,NaN,NaN,
1.719,-0.00029,-0.02366,0.12667,-0.34315,-0.16569,-0.32306,0.86627,NaN,NaN,NaN,NaN,NaN,NaN,NaN,NaN,NaN,NaN,NaN,NaN,NaN,NaN,NaN,NaN,NaN,NaN,NaN,NaN,NaN,
1.744,-0.00029,-0.02366,0.12667,-0.34316,-0.16569,-0.32305,0.86627,NaN,NaN,NaN,NaN,NaN,NaN,NaN,NaN,NaN,NaN,NaN,NaN,NaN,NaN,NaN,NaN,NaN,NaN,NaN,NaN,NaN,
1.769,-0.00029,-0.02367,0.12667,-0.34316,-0.16568,-0.32305,0.86627,NaN,NaN,NaN,NaN,NaN,NaN,NaN,NaN,NaN,NaN,NaN,NaN,NaN,NaN,NaN,NaN,NaN,NaN,NaN,NaN,NaN,
1.794,-0.00029,-0.02367,0.12667,-0.34317,-0.16568,-0.32304,0.86627,NaN,NaN,NaN,NaN,NaN,NaN,NaN,NaN,NaN,NaN,NaN,NaN,NaN,NaN,NaN,NaN,NaN,NaN,NaN,NaN,NaN,
1.819,-0.00029,-0.02367,0.12668,-0.34317,-0.16567,-0.32305,0.86627,NaN,NaN,NaN,NaN,NaN,NaN,NaN,NaN,NaN,NaN,NaN,NaN,NaN,NaN,NaN,NaN,NaN,NaN,NaN,NaN,NaN,
1.844,-0.00028,-0.02367,0.12667,-0.34318,-0.16568,-0.32304,0.86627,NaN,NaN,NaN,NaN,NaN,NaN,NaN,NaN,NaN,NaN,NaN,NaN,NaN,NaN,NaN,NaN,NaN,NaN,NaN,NaN,NaN,
1.869,-0.00028,-0.02366,0.12667,-0.34318,-0.16568,-0.32302,0.86627,NaN,NaN,NaN,NaN,NaN,NaN,NaN,NaN,NaN,NaN,NaN,NaN,NaN,NaN,NaN,NaN,NaN,NaN,NaN,NaN,NaN,
1.894,-0.00028,-0.02367,0.12667,-0.34320,-0.16568,-0.32301,0.86627,NaN,NaN,NaN,NaN,NaN,NaN,NaN,NaN,NaN,NaN,NaN,NaN,NaN,NaN,NaN,NaN,NaN,NaN,NaN,NaN,NaN,
1.919,-0.00028,-0.02367,0.12667,-0.34321,-0.16567,-0.32300,0.86627,NaN,NaN,NaN,NaN,NaN,NaN,NaN,NaN,NaN,NaN,NaN,NaN,NaN,NaN,NaN,NaN,NaN,NaN,NaN,NaN,NaN,
1.944,-0.00027,-0.02367,0.12666,-0.34323,-0.16567,-0.32299,0.86627,NaN,NaN,NaN,NaN,NaN,NaN,NaN,NaN,NaN,NaN,NaN,NaN,NaN,NaN,NaN,NaN,NaN,NaN,NaN,NaN,NaN,
1.969,-0.00027,-0.02367,0.12666,-0.34325,-0.16566,-0.32297,0.86627,NaN,NaN,NaN,NaN,NaN,NaN,NaN,NaN,NaN,NaN,NaN,NaN,NaN,NaN,NaN,NaN,NaN,NaN,NaN,NaN,NaN,
1.994,-0.00027,-0.02367,0.12666,-0.34325,-0.16567,-0.32297,0.86627,NaN,NaN,NaN,NaN,NaN,NaN,NaN,NaN,NaN,NaN,NaN,NaN,NaN,NaN,NaN,NaN,NaN,NaN,NaN,NaN,NaN,
2.019,-0.00027,-0.02368,0.12666,-0.34325,-0.16566,-0.32298,0.86627,NaN,NaN,NaN,NaN,NaN,NaN,NaN,NaN,NaN,NaN,NaN,NaN,NaN,NaN,NaN,NaN,NaN,NaN,NaN,NaN,NaN,
2.044,-0.00028,-0.02367,0.12666,-0.34323,-0.16567,-0.32299,0.86627,NaN,NaN,NaN,NaN,NaN,NaN,NaN,NaN,NaN,NaN,NaN,NaN,NaN,NaN,NaN,NaN,NaN,NaN,NaN,NaN,NaN,
2.069,-0.00028,-0.02367,0.12666,-0.34322,-0.16568,-0.32299,0.86627,NaN,NaN,NaN,NaN,NaN,NaN,NaN,NaN,NaN,NaN,NaN,NaN,NaN,NaN,NaN,NaN,NaN,NaN,NaN,NaN,NaN,
2.094,-0.00028,-0.02367,0.12666,-0.34322,-0.16569,-0.32298,0.86627,NaN,NaN,NaN,NaN,NaN,NaN,NaN,NaN,NaN,NaN,NaN,NaN,NaN,NaN,NaN,NaN,NaN,NaN,NaN,NaN,NaN,
2.119,-0.00028,-0.02367,0.12666,-0.34322,-0.16569,-0.32299,0.86627,NaN,NaN,NaN,NaN,NaN,NaN,NaN,NaN,NaN,NaN,NaN,NaN,NaN,NaN,NaN,NaN,NaN,NaN,NaN,NaN,NaN,
2.144,-0.00028,-0.02367,0.12666,-0.34322,-0.16569,-0.32299,0.86627,NaN,NaN,NaN,NaN,NaN,NaN,NaN,NaN,NaN,NaN,NaN,NaN,NaN,NaN,NaN,NaN,NaN,NaN,NaN,NaN,NaN,
2.169,-0.00029,-0.02367,0.12666,-0.34321,-0.16570,-0.32299,0.86627,NaN,NaN,NaN,NaN,NaN,NaN,NaN,NaN,NaN,NaN,NaN,NaN,NaN,NaN,NaN,NaN,NaN,NaN,NaN,NaN,NaN,
2.194,-0.00029,-0.02367,0.12667,-0.34319,-0.16570,-0.32300,0.86628,NaN,NaN,NaN,NaN,NaN,NaN,NaN,NaN,NaN,NaN,NaN,NaN,NaN,NaN,NaN,NaN,NaN,NaN,NaN,NaN,NaN,
2.219,-0.00029,-0.02366,0.12667,-0.34318,-0.16571,-0.32301,0.86628,NaN,NaN,NaN,NaN,NaN,NaN,NaN,NaN,NaN,NaN,NaN,NaN,NaN,NaN,NaN,NaN,NaN,NaN,NaN,NaN,NaN,
2.244,-0.00029,-0.02367,0.12667,-0.34318,-0.16571,-0.32301,0.86628,NaN,NaN,NaN,NaN,NaN,NaN,NaN,NaN,NaN,NaN,NaN,NaN,NaN,NaN,NaN,NaN,NaN,NaN,NaN,NaN,NaN,
2.269,-0.00028,-0.02367,0.12666,-0.34320,-0.16571,-0.32298,0.86628,NaN,NaN,NaN,NaN,NaN,NaN,NaN,NaN,NaN,NaN,NaN,NaN,NaN,NaN,NaN,NaN,NaN,NaN,NaN,NaN,NaN,
2.294,-0.00028,-0.02367,0.12666,-0.34322,-0.16570,-0.32297,0.86627,NaN,NaN,NaN,NaN,NaN,NaN,NaN,NaN,NaN,NaN,NaN,NaN,NaN,NaN,NaN,NaN,NaN,NaN,NaN,NaN,NaN,
2.319,-0.00028,-0.02367,0.12666,-0.34322,-0.16570,-0.32297,0.86627,NaN,NaN,NaN,NaN,NaN,NaN,NaN,NaN,NaN,NaN,NaN,NaN,NaN,NaN,NaN,NaN,NaN,NaN,NaN,NaN,NaN,
2.344,-0.00029,-0.02367,0.12667,-0.34320,-0.16570,-0.32299,0.86627,NaN,NaN,NaN,NaN,NaN,NaN,NaN,NaN,NaN,NaN,NaN,NaN,NaN,NaN,NaN,NaN,NaN,NaN,NaN,NaN,NaN,
2.369,-0.00029,-0.02366,0.12667,-0.34318,-0.16572,-0.32301,0.86628,NaN,NaN,NaN,NaN,NaN,NaN,NaN,NaN,NaN,NaN,NaN,NaN,NaN,NaN,NaN,NaN,NaN,NaN,NaN,NaN,NaN,
2.394,-0.00029,-0.02366,0.12667,-0.34317,-0.16572,-0.32302,0.86628,NaN,NaN,NaN,NaN,NaN,NaN,NaN,NaN,NaN,NaN,NaN,NaN,NaN,NaN,NaN,NaN,NaN,NaN,NaN,NaN,NaN,
2.419,-0.00029,-0.02367,0.12666,-0.34317,-0.16572,-0.32301,0.86628,NaN,NaN,NaN,NaN,NaN,NaN,NaN,NaN,NaN,NaN,NaN,NaN,NaN,NaN,NaN,NaN,NaN,NaN,NaN,NaN,NaN,
2.444,-0.00029,-0.02367,0.12666,-0.34319,-0.16571,-0.32299,0.86628,NaN,NaN,NaN,NaN,NaN,NaN,NaN,NaN,NaN,NaN,NaN,NaN,NaN,NaN,NaN,NaN,NaN,NaN,NaN,NaN,NaN,
2.469,-0.00029,-0.02367,0.12666,-0.34321,-0.16571,-0.32297,0.86628,NaN,NaN,NaN,NaN,NaN,NaN,NaN,NaN,NaN,NaN,NaN,NaN,NaN,NaN,NaN,NaN,NaN,NaN,NaN,NaN,NaN,
2.494,-0.00029,-0.02367,0.12666,-0.34321,-0.16570,-0.32298,0.86627,NaN,NaN,NaN,NaN,NaN,NaN,NaN,NaN,NaN,NaN,NaN,NaN,NaN,NaN,NaN,NaN,NaN,NaN,NaN,NaN,NaN,
2.519,-0.00029,-0.02367,0.12666,-0.34320,-0.16571,-0.32298,0.86628,NaN,NaN,NaN,NaN,NaN,NaN,NaN,NaN,NaN,NaN,NaN,NaN,NaN,NaN,NaN,NaN,NaN,NaN,NaN,NaN,NaN,
2.544,-0.00030,-0.02367,0.12667,-0.34319,-0.16571,-0.32300,0.86628,NaN,NaN,NaN,NaN,NaN,NaN,NaN,NaN,NaN,NaN,NaN,NaN,NaN,NaN,NaN,NaN,NaN,NaN,NaN,NaN,NaN,
2.569,-0.00030,-0.02366,0.12667,-0.34318,-0.16572,-0.32300,0.86628,NaN,NaN,NaN,NaN,NaN,NaN,NaN,NaN,NaN,NaN,NaN,NaN,NaN,NaN,NaN,NaN,NaN,NaN,NaN,NaN,NaN,
2.594,-0.00030,-0.02366,0.12667,-0.34318,-0.16572,-0.32300,0.86628,NaN,NaN,NaN,NaN,NaN,NaN,NaN,NaN,NaN,NaN,NaN,NaN,NaN,NaN,NaN,NaN,NaN,NaN,NaN,NaN,NaN,
2.619,-0.00030,-0.02366,0.12667,-0.34318,-0.16572,-0.32300,0.86628,NaN,NaN,NaN,NaN,NaN,NaN,NaN,NaN,NaN,NaN,NaN,NaN,NaN,NaN,NaN,NaN,NaN,NaN,NaN,NaN,NaN,
2.644,-0.00030,-0.02366,0.12667,-0.34317,-0.16572,-0.32301,0.86628,NaN,NaN,NaN,NaN,NaN,NaN,NaN,NaN,NaN,NaN,NaN,NaN,NaN,NaN,NaN,NaN,NaN,NaN,NaN,NaN,NaN,
2.669,-0.00030,-0.02366,0.12667,-0.34316,-0.16573,-0.32302,0.86628,NaN,NaN,NaN,NaN,NaN,NaN,NaN,NaN,NaN,NaN,NaN,NaN,NaN,NaN,NaN,NaN,NaN,NaN,NaN,NaN,NaN,
2.694,-0.00030,-0.02366,0.12667,-0.34316,-0.16572,-0.32302,0.86628,NaN,NaN,NaN,NaN,NaN,NaN,NaN,NaN,NaN,NaN,NaN,NaN,NaN,NaN,NaN,NaN,NaN,NaN,NaN,NaN,NaN,
2.719,-0.00030,-0.02366,0.12667,-0.34316,-0.16571,-0.32303,0.86628,NaN,NaN,NaN,NaN,NaN,NaN,NaN,NaN,NaN,NaN,NaN,NaN,NaN,NaN,NaN,NaN,NaN,NaN,NaN,NaN,NaN,
2.744,-0.00030,-0.02366,0.12667,-0.34316,-0.16571,-0.32303,0.86628,NaN,NaN,NaN,NaN,NaN,NaN,NaN,NaN,NaN,NaN,NaN,NaN,NaN,NaN,NaN,NaN,NaN,NaN,NaN,NaN,NaN,
2.769,-0.00030,-0.02366,0.12667,-0.34315,-0.16571,-0.32304,0.86628,NaN,NaN,NaN,NaN,NaN,NaN,NaN,NaN,NaN,NaN,NaN,NaN,NaN,NaN,NaN,NaN,NaN,NaN,NaN,NaN,NaN,
2.794,-0.00030,-0.02366,0.12667,-0.34315,-0.16571,-0.32304,0.86628,NaN,NaN,NaN,NaN,NaN,NaN,NaN,NaN,NaN,NaN,NaN,NaN,NaN,NaN,NaN,NaN,NaN,NaN,NaN,NaN,NaN,
2.819,-0.00030,-0.02366,0.12667,-0.34314,-0.16570,-0.32306,0.86627,NaN,NaN,NaN,NaN,NaN,NaN,NaN,NaN,NaN,NaN,NaN,NaN,NaN,NaN,NaN,NaN,NaN,NaN,NaN,NaN,NaN,
2.844,-0.00030,-0.02366,0.12667,-0.34314,-0.16570,-0.32306,0.86627,NaN,NaN,NaN,NaN,NaN,NaN,NaN,NaN,NaN,NaN,NaN,NaN,NaN,NaN,NaN,NaN,NaN,NaN,NaN,NaN,NaN,
2.869,-0.00029,-0.02366,0.12667,-0.34316,-0.16569,-0.32305,0.86627,NaN,NaN,NaN,NaN,NaN,NaN,NaN,NaN,NaN,NaN,NaN,NaN,NaN,NaN,NaN,NaN,NaN,NaN,NaN,NaN,NaN,
2.894,-0.00029,-0.02367,0.12667,-0.34317,-0.16568,-0.32304,0.86627,NaN,NaN,NaN,NaN,NaN,NaN,NaN,NaN,NaN,NaN,NaN,NaN,NaN,NaN,NaN,NaN,NaN,NaN,NaN,NaN,NaN,
2.919,-0.00029,-0.02367,0.12667,-0.34318,-0.16567,-0.32304,0.86627,NaN,NaN,NaN,NaN,NaN,NaN,NaN,NaN,NaN,NaN,NaN,NaN,NaN,NaN,NaN,NaN,NaN,NaN,NaN,NaN,NaN,
2.944,-0.00029,-0.02367,0.12667,-0.34318,-0.16567,-0.32304,0.86627,NaN,NaN,NaN,NaN,NaN,NaN,NaN,NaN,NaN,NaN,NaN,NaN,NaN,NaN,NaN,NaN,NaN,NaN,NaN,NaN,NaN,
2.969,-0.00029,-0.02367,0.12667,-0.34318,-0.16567,-0.32304,0.86627,NaN,NaN,NaN,NaN,NaN,NaN,NaN,NaN,NaN,NaN,NaN,NaN,NaN,NaN,NaN,NaN,NaN,NaN,NaN,NaN,NaN,
2.994,-0.00029,-0.02366,0.12667,-0.34317,-0.16567,-0.32305,0.86627,NaN,NaN,NaN,NaN,NaN,NaN,NaN,NaN,NaN,NaN,NaN,NaN,NaN,NaN,NaN,NaN,NaN,NaN,NaN,NaN,NaN,
3.019,-0.00029,-0.02366,0.12667,-0.34316,-0.16568,-0.32305,0.86627,NaN,NaN,NaN,NaN,NaN,NaN,NaN,NaN,NaN,NaN,NaN,NaN,NaN,NaN,NaN,NaN,NaN,NaN,NaN,NaN,NaN,
3.044,-0.00029,-0.02366,0.12668,-0.34316,-0.16568,-0.32305,0.86627,NaN,NaN,NaN,NaN,NaN,NaN,NaN,NaN,NaN,NaN,NaN,NaN,NaN,NaN,NaN,NaN,NaN,NaN,NaN,NaN,NaN,
3.069,-0.00028,-0.02366,0.12667,-0.34318,-0.16568,-0.32303,0.86627,NaN,NaN,NaN,NaN,NaN,NaN,NaN,NaN,NaN,NaN,NaN,NaN,NaN,NaN,NaN,NaN,NaN,NaN,NaN,NaN,NaN,
3.094,-0.00028,-0.02367,0.12667,-0.34321,-0.16567,-0.32302,0.86627,NaN,NaN,NaN,NaN,NaN,NaN,NaN,NaN,NaN,NaN,NaN,NaN,NaN,NaN,NaN,NaN,NaN,NaN,NaN,NaN,NaN,
3.119,-0.00028,-0.02367,0.12667,-0.34321,-0.16566,-0.32302,0.86627,NaN,NaN,NaN,NaN,NaN,NaN,NaN,NaN,NaN,NaN,NaN,NaN,NaN,NaN,NaN,NaN,NaN,NaN,NaN,NaN,NaN,
3.144,-0.00028,-0.02367,0.12667,-0.34320,-0.16568,-0.32302,0.86627,NaN,NaN,NaN,NaN,NaN,NaN,NaN,NaN,NaN,NaN,NaN,NaN,NaN,NaN,NaN,NaN,NaN,NaN,NaN,NaN,NaN,
3.169,-0.00028,-0.02367,0.12667,-0.34318,-0.16568,-0.32304,0.86627,NaN,NaN,NaN,NaN,NaN,NaN,NaN,NaN,NaN,NaN,NaN,NaN,NaN,NaN,NaN,NaN,NaN,NaN,NaN,NaN,NaN,
3.194,-0.00029,-0.02367,0.12667,-0.34316,-0.16569,-0.32304,0.86627,NaN,NaN,NaN,NaN,NaN,NaN,NaN,NaN,NaN,NaN,NaN,NaN,NaN,NaN,NaN,NaN,NaN,NaN,NaN,NaN,NaN,
3.219,-0.00029,-0.02366,0.12667,-0.34317,-0.16570,-0.32303,0.86627,NaN,NaN,NaN,NaN,NaN,NaN,NaN,NaN,NaN,NaN,NaN,NaN,NaN,NaN,NaN,NaN,NaN,NaN,NaN,NaN,NaN,
3.244,-0.00029,-0.02367,0.12667,-0.34319,-0.16569,-0.32302,0.86627,NaN,NaN,NaN,NaN,NaN,NaN,NaN,NaN,NaN,NaN,NaN,NaN,NaN,NaN,NaN,NaN,NaN,NaN,NaN,NaN,NaN,
3.269,-0.00028,-0.02367,0.12667,-0.34321,-0.16568,-0.32300,0.86627,NaN,NaN,NaN,NaN,NaN,NaN,NaN,NaN,NaN,NaN,NaN,NaN,NaN,NaN,NaN,NaN,NaN,NaN,NaN,NaN,NaN,
3.294,-0.00028,-0.02367,0.12666,-0.34322,-0.16568,-0.32299,0.86627,NaN,NaN,NaN,NaN,NaN,NaN,NaN,NaN,NaN,NaN,NaN,NaN,NaN,NaN,NaN,NaN,NaN,NaN,NaN,NaN,NaN,
3.319,-0.00028,-0.02367,0.12666,-0.34322,-0.16568,-0.32300,0.86627,NaN,NaN,NaN,NaN,NaN,NaN,NaN,NaN,NaN,NaN,NaN,NaN,NaN,NaN,NaN,NaN,NaN,NaN,NaN,NaN,NaN,
3.344,-0.00029,-0.02367,0.12667,-0.34320,-0.16569,-0.32300,0.86627,NaN,NaN,NaN,NaN,NaN,NaN,NaN,NaN,NaN,NaN,NaN,NaN,NaN,NaN,NaN,NaN,NaN,NaN,NaN,NaN,NaN,
3.369,-0.00029,-0.02366,0.12666,-0.34320,-0.16571,-0.32299,0.86628,NaN,NaN,NaN,NaN,NaN,NaN,NaN,NaN,NaN,NaN,NaN,NaN,NaN,NaN,NaN,NaN,NaN,NaN,NaN,NaN,NaN,
3.394,-0.00029,-0.02367,0.12666,-0.34320,-0.16570,-0.32299,0.86627,NaN,NaN,NaN,NaN,NaN,NaN,NaN,NaN,NaN,NaN,NaN,NaN,NaN,NaN,NaN,NaN,NaN,NaN,NaN,NaN,NaN,
3.419,-0.00028,-0.02367,0.12666,-0.34322,-0.16570,-0.32297,0.86628,NaN,NaN,NaN,NaN,NaN,NaN,NaN,NaN,NaN,NaN,NaN,NaN,NaN,NaN,NaN,NaN,NaN,NaN,NaN,NaN,NaN,
3.444,-0.00029,-0.02366,0.12666,-0.34322,-0.16570,-0.32297,0.86628,NaN,NaN,NaN,NaN,NaN,NaN,NaN,NaN,NaN,NaN,NaN,NaN,NaN,NaN,NaN,NaN,NaN,NaN,NaN,NaN,NaN,
3.469,-0.00029,-0.02366,0.12666,-0.34322,-0.16571,-0.32297,0.86628,NaN,NaN,NaN,NaN,NaN,NaN,NaN,NaN,NaN,NaN,NaN,NaN,NaN,NaN,NaN,NaN,NaN,NaN,NaN,NaN,NaN,
3.494,-0.00029,-0.02366,0.12666,-0.34320,-0.16573,-0.32298,0.86628,NaN,NaN,NaN,NaN,NaN,NaN,NaN,NaN,NaN,NaN,NaN,NaN,NaN,NaN,NaN,NaN,NaN,NaN,NaN,NaN,NaN,
3.519,-0.00029,-0.02366,0.12666,-0.34318,-0.16573,-0.32298,0.86628,NaN,NaN,NaN,NaN,NaN,NaN,NaN,NaN,NaN,NaN,NaN,NaN,NaN,NaN,NaN,NaN,NaN,NaN,NaN,NaN,NaN,
3.544,-0.00029,-0.02366,0.12666,-0.34320,-0.16572,-0.32298,0.86628,NaN,NaN,NaN,NaN,NaN,NaN,NaN,NaN,NaN,NaN,NaN,NaN,NaN,NaN,NaN,NaN,NaN,NaN,NaN,NaN,NaN,
3.569,-0.00029,-0.02366,0.12666,-0.34321,-0.16571,-0.32297,0.86628,NaN,NaN,NaN,NaN,NaN,NaN,NaN,NaN,NaN,NaN,NaN,NaN,NaN,NaN,NaN,NaN,NaN,NaN,NaN,NaN,NaN,
3.594,-0.00029,-0.02367,0.12666,-0.34322,-0.16571,-0.32297,0.86628,NaN,NaN,NaN,NaN,NaN,NaN,NaN,NaN,NaN,NaN,NaN,NaN,NaN,NaN,NaN,NaN,NaN,NaN,NaN,NaN,NaN,
3.619,-0.00029,-0.02367,0.12666,-0.34322,-0.16569,-0.32298,0.86627,NaN,NaN,NaN,NaN,NaN,NaN,NaN,NaN,NaN,NaN,NaN,NaN,NaN,NaN,NaN,NaN,NaN,NaN,NaN,NaN,NaN,
3.644,-0.00029,-0.02367,0.12667,-0.34320,-0.16569,-0.32300,0.86627,NaN,NaN,NaN,NaN,NaN,NaN,NaN,NaN,NaN,NaN,NaN,NaN,NaN,NaN,NaN,NaN,NaN,NaN,NaN,NaN,NaN,
3.669,-0.00030,-0.02367,0.12667,-0.34318,-0.16569,-0.32302,0.86627,NaN,NaN,NaN,NaN,NaN,NaN,NaN,NaN,NaN,NaN,NaN,NaN,NaN,NaN,NaN,NaN,NaN,NaN,NaN,NaN,NaN,
3.694,-0.00029,-0.02367,0.12667,-0.34318,-0.16570,-0.32302,0.86627,NaN,NaN,NaN,NaN,NaN,NaN,NaN,NaN,NaN,NaN,NaN,NaN,NaN,NaN,NaN,NaN,NaN,NaN,NaN,NaN,NaN,
3.719,-0.00029,-0.02367,0.12667,-0.34317,-0.16568,-0.32304,0.86627,NaN,NaN,NaN,NaN,NaN,NaN,NaN,NaN,NaN,NaN,NaN,NaN,NaN,NaN,NaN,NaN,NaN,NaN,NaN,NaN,NaN,
3.744,-0.00029,-0.02367,0.12667,-0.34318,-0.16568,-0.32304,0.86627,NaN,NaN,NaN,NaN,NaN,NaN,NaN,NaN,NaN,NaN,NaN,NaN,NaN,NaN,NaN,NaN,NaN,NaN,NaN,NaN,NaN,
3.769,-0.00029,-0.02367,0.12667,-0.34318,-0.16568,-0.32303,0.86627,NaN,NaN,NaN,NaN,NaN,NaN,NaN,NaN,NaN,NaN,NaN,NaN,NaN,NaN,NaN,NaN,NaN,NaN,NaN,NaN,NaN,
3.794,-0.00029,-0.02367,0.12667,-0.34318,-0.16568,-0.32303,0.86627,NaN,NaN,NaN,NaN,NaN,NaN,NaN,NaN,NaN,NaN,NaN,NaN,NaN,NaN,NaN,NaN,NaN,NaN,NaN,NaN,NaN,
3.819,-0.00029,-0.02367,0.12667,-0.34318,-0.16569,-0.32303,0.86627,NaN,NaN,NaN,NaN,NaN,NaN,NaN,NaN,NaN,NaN,NaN,NaN,NaN,NaN,NaN,NaN,NaN,NaN,NaN,NaN,NaN,
3.844,-0.00029,-0.02366,0.12667,-0.34319,-0.16569,-0.32301,0.86627,NaN,NaN,NaN,NaN,NaN,NaN,NaN,NaN,NaN,NaN,NaN,NaN,NaN,NaN,NaN,NaN,NaN,NaN,NaN,NaN,NaN,
3.869,-0.00029,-0.02366,0.12667,-0.34320,-0.16569,-0.32300,0.86627,NaN,NaN,NaN,NaN,NaN,NaN,NaN,NaN,NaN,NaN,NaN,NaN,NaN,NaN,NaN,NaN,NaN,NaN,NaN,NaN,NaN,
3.894,-0.00028,-0.02366,0.12667,-0.34322,-0.16568,-0.32299,0.86627,NaN,NaN,NaN,NaN,NaN,NaN,NaN,NaN,NaN,NaN,NaN,NaN,NaN,NaN,NaN,NaN,NaN,NaN,NaN,NaN,NaN,
3.919,-0.00028,-0.02366,0.12667,-0.34323,-0.16568,-0.32298,0.86627,NaN,NaN,NaN,NaN,NaN,NaN,NaN,NaN,NaN,NaN,NaN,NaN,NaN,NaN,NaN,NaN,NaN,NaN,NaN,NaN,NaN,
3.944,-0.00028,-0.02366,0.12667,-0.34324,-0.16568,-0.32297,0.86627,NaN,NaN,NaN,NaN,NaN,NaN,NaN,NaN,NaN,NaN,NaN,NaN,NaN,NaN,NaN,NaN,NaN,NaN,NaN,NaN,NaN,
3.969,-0.00028,-0.02366,0.12667,-0.34324,-0.16567,-0.32298,0.86627,NaN,NaN,NaN,NaN,NaN,NaN,NaN,NaN,NaN,NaN,NaN,NaN,NaN,NaN,NaN,NaN,NaN,NaN,NaN,NaN,NaN,
3.994,-0.00028,-0.02366,0.12667,-0.34323,-0.16568,-0.32299,0.86627,NaN,NaN,NaN,NaN,NaN,NaN,NaN,NaN,NaN,NaN,NaN,NaN,NaN,NaN,NaN,NaN,NaN,NaN,NaN,NaN,NaN,
4.019,-0.00028,-0.02365,0.12667,-0.34321,-0.16569,-0.32299,0.86627,NaN,NaN,NaN,NaN,NaN,NaN,NaN,NaN,NaN,NaN,NaN,NaN,NaN,NaN,NaN,NaN,NaN,NaN,NaN,NaN,NaN,
4.044,-0.00028,-0.02365,0.12668,-0.34319,-0.16568,-0.32303,0.86627,NaN,NaN,NaN,NaN,NaN,NaN,NaN,NaN,NaN,NaN,NaN,NaN,NaN,NaN,NaN,NaN,NaN,NaN,NaN,NaN,NaN,
4.069,-0.00029,-0.02364,0.12668,-0.34317,-0.16569,-0.32304,0.86627,NaN,NaN,NaN,NaN,NaN,NaN,NaN,NaN,NaN,NaN,NaN,NaN,NaN,NaN,NaN,NaN,NaN,NaN,NaN,NaN,NaN,
4.094,-0.00029,-0.02364,0.12669,-0.34315,-0.16569,-0.32306,0.86627,NaN,NaN,NaN,NaN,NaN,NaN,NaN,NaN,NaN,NaN,NaN,NaN,NaN,NaN,NaN,NaN,NaN,NaN,NaN,NaN,NaN,
4.119,-0.00029,-0.02364,0.12669,-0.34314,-0.16569,-0.32307,0.86627,NaN,NaN,NaN,NaN,NaN,NaN,NaN,NaN,NaN,NaN,NaN,NaN,NaN,NaN,NaN,NaN,NaN,NaN,NaN,NaN,NaN,
4.144,-0.00029,-0.02364,0.12669,-0.34314,-0.16569,-0.32307,0.86627,NaN,NaN,NaN,NaN,NaN,NaN,NaN,NaN,NaN,NaN,NaN,NaN,NaN,NaN,NaN,NaN,NaN,NaN,NaN,NaN,NaN,
4.169,-0.00028,-0.02364,0.12669,-0.34315,-0.16569,-0.32306,0.86627,NaN,NaN,NaN,NaN,NaN,NaN,NaN,NaN,NaN,NaN,NaN,NaN,NaN,NaN,NaN,NaN,NaN,NaN,NaN,NaN,NaN,
4.194,-0.00028,-0.02364,0.12669,-0.34316,-0.16568,-0.32306,0.86627,NaN,NaN,NaN,NaN,NaN,NaN,NaN,NaN,NaN,NaN,NaN,NaN,NaN,NaN,NaN,NaN,NaN,NaN,NaN,NaN,NaN,
4.219,-0.00028,-0.02364,0.12668,-0.34317,-0.16568,-0.32304,0.86627,NaN,NaN,NaN,NaN,NaN,NaN,NaN,NaN,NaN,NaN,NaN,NaN,NaN,NaN,NaN,NaN,NaN,NaN,NaN,NaN,NaN,
4.244,-0.00028,-0.02364,0.12668,-0.34319,-0.16568,-0.32302,0.86627,NaN,NaN,NaN,NaN,NaN,NaN,NaN,NaN,NaN,NaN,NaN,NaN,NaN,NaN,NaN,NaN,NaN,NaN,NaN,NaN,NaN,
4.269,-0.00028,-0.02364,0.12668,-0.34319,-0.16568,-0.32302,0.86627,NaN,NaN,NaN,NaN,NaN,NaN,NaN,NaN,NaN,NaN,NaN,NaN,NaN,NaN,NaN,NaN,NaN,NaN,NaN,NaN,NaN,
4.294,-0.00027,-0.02365,0.12668,-0.34319,-0.16568,-0.32301,0.86627,NaN,NaN,NaN,NaN,NaN,NaN,NaN,NaN,NaN,NaN,NaN,NaN,NaN,NaN,NaN,NaN,NaN,NaN,NaN,NaN,NaN,
4.319,-0.00027,-0.02365,0.12667,-0.34321,-0.16569,-0.32299,0.86627,NaN,NaN,NaN,NaN,NaN,NaN,NaN,NaN,NaN,NaN,NaN,NaN,NaN,NaN,NaN,NaN,NaN,NaN,NaN,NaN,NaN,
4.344,-0.00027,-0.02365,0.12667,-0.34323,-0.16568,-0.32298,0.86627,NaN,NaN,NaN,NaN,NaN,NaN,NaN,NaN,NaN,NaN,NaN,NaN,NaN,NaN,NaN,NaN,NaN,NaN,NaN,NaN,NaN,
4.369,-0.00027,-0.02365,0.12667,-0.34324,-0.16568,-0.32297,0.86627,NaN,NaN,NaN,NaN,NaN,NaN,NaN,NaN,NaN,NaN,NaN,NaN,NaN,NaN,NaN,NaN,NaN,NaN,NaN,NaN,NaN,
4.394,-0.00027,-0.02365,0.12667,-0.34324,-0.16568,-0.32297,0.86627,NaN,NaN,NaN,NaN,NaN,NaN,NaN,NaN,NaN,NaN,NaN,NaN,NaN,NaN,NaN,NaN,NaN,NaN,NaN,NaN,NaN,
4.419,-0.00028,-0.02365,0.12667,-0.34323,-0.16569,-0.32297,0.86627,NaN,NaN,NaN,NaN,NaN,NaN,NaN,NaN,NaN,NaN,NaN,NaN,NaN,NaN,NaN,NaN,NaN,NaN,NaN,NaN,NaN,
4.444,-0.00028,-0.02364,0.12667,-0.34321,-0.16570,-0.32298,0.86628,NaN,NaN,NaN,NaN,NaN,NaN,NaN,NaN,NaN,NaN,NaN,NaN,NaN,NaN,NaN,NaN,NaN,NaN,NaN,NaN,NaN,
4.469,-0.00028,-0.02364,0.12667,-0.34321,-0.16571,-0.32298,0.86628,NaN,NaN,NaN,NaN,NaN,NaN,NaN,NaN,NaN,NaN,NaN,NaN,NaN,NaN,NaN,NaN,NaN,NaN,NaN,NaN,NaN,
4.494,-0.00028,-0.02364,0.12667,-0.34321,-0.16571,-0.32298,0.86628,NaN,NaN,NaN,NaN,NaN,NaN,NaN,NaN,NaN,NaN,NaN,NaN,NaN,NaN,NaN,NaN,NaN,NaN,NaN,NaN,NaN,
4.519,-0.00028,-0.02365,0.12667,-0.34323,-0.16570,-0.32296,0.86627,NaN,NaN,NaN,NaN,NaN,NaN,NaN,NaN,NaN,NaN,NaN,NaN,NaN,NaN,NaN,NaN,NaN,NaN,NaN,NaN,NaN,
4.544,-0.00028,-0.02365,0.12667,-0.34325,-0.16570,-0.32294,0.86627,NaN,NaN,NaN,NaN,NaN,NaN,NaN,NaN,NaN,NaN,NaN,NaN,NaN,NaN,NaN,NaN,NaN,NaN,NaN,NaN,NaN,
4.569,-0.00027,-0.02365,0.12667,-0.34326,-0.16569,-0.32294,0.86627,NaN,NaN,NaN,NaN,NaN,NaN,NaN,NaN,NaN,NaN,NaN,NaN,NaN,NaN,NaN,NaN,NaN,NaN,NaN,NaN,NaN,
4.594,-0.00027,-0.02365,0.12667,-0.34326,-0.16569,-0.32294,0.86627,NaN,NaN,NaN,NaN,NaN,NaN,NaN,NaN,NaN,NaN,NaN,NaN,NaN,NaN,NaN,NaN,NaN,NaN,NaN,NaN,NaN,
4.619,-0.00028,-0.02365,0.12667,-0.34325,-0.16570,-0.32294,0.86627,NaN,NaN,NaN,NaN,NaN,NaN,NaN,NaN,NaN,NaN,NaN,NaN,NaN,NaN,NaN,NaN,NaN,NaN,NaN,NaN,NaN,
4.644,-0.00028,-0.02365,0.12667,-0.34324,-0.16571,-0.32295,0.86628,NaN,NaN,NaN,NaN,NaN,NaN,NaN,NaN,NaN,NaN,NaN,NaN,NaN,NaN,NaN,NaN,NaN,NaN,NaN,NaN,NaN,
4.669,-0.00028,-0.02365,0.12667,-0.34323,-0.16571,-0.32295,0.86628,NaN,NaN,NaN,NaN,NaN,NaN,NaN,NaN,NaN,NaN,NaN,NaN,NaN,NaN,NaN,NaN,NaN,NaN,NaN,NaN,NaN,
4.694,-0.00028,-0.02365,0.12667,-0.34323,-0.16571,-0.32296,0.86628,NaN,NaN,NaN,NaN,NaN,NaN,NaN,NaN,NaN,NaN,NaN,NaN,NaN,NaN,NaN,NaN,NaN,NaN,NaN,NaN,NaN,
4.719,-0.00028,-0.02365,0.12667,-0.34322,-0.16571,-0.32296,0.86628,NaN,NaN,NaN,NaN,NaN,NaN,NaN,NaN,NaN,NaN,NaN,NaN,NaN,NaN,NaN,NaN,NaN,NaN,NaN,NaN,NaN,
4.744,-0.00028,-0.02365,0.12667,-0.34321,-0.16571,-0.32297,0.86628,NaN,NaN,NaN,NaN,NaN,NaN,NaN,NaN,NaN,NaN,NaN,NaN,NaN,NaN,NaN,NaN,NaN,NaN,NaN,NaN,NaN,
4.769,-0.00029,-0.02364,0.12667,-0.34319,-0.16572,-0.32299,0.86628,NaN,NaN,NaN,NaN,NaN,NaN,NaN,NaN,NaN,NaN,NaN,NaN,NaN,NaN,NaN,NaN,NaN,NaN,NaN,NaN,NaN,
4.794,-0.00029,-0.02364,0.12667,-0.34318,-0.16573,-0.32300,0.86628,NaN,NaN,NaN,NaN,NaN,NaN,NaN,NaN,NaN,NaN,NaN,NaN,NaN,NaN,NaN,NaN,NaN,NaN,NaN,NaN,NaN,
4.819,-0.00029,-0.02364,0.12667,-0.34316,-0.16572,-0.32302,0.86628,NaN,NaN,NaN,NaN,NaN,NaN,NaN,NaN,NaN,NaN,NaN,NaN,NaN,NaN,NaN,NaN,NaN,NaN,NaN,NaN,NaN,
4.844,-0.00029,-0.02364,0.12667,-0.34317,-0.16572,-0.32301,0.86628,NaN,NaN,NaN,NaN,NaN,NaN,NaN,NaN,NaN,NaN,NaN,NaN,NaN,NaN,NaN,NaN,NaN,NaN,NaN,NaN,NaN,
4.869,-0.00029,-0.02365,0.12667,-0.34317,-0.16572,-0.32301,0.86628,NaN,NaN,NaN,NaN,NaN,NaN,NaN,NaN,NaN,NaN,NaN,NaN,NaN,NaN,NaN,NaN,NaN,NaN,NaN,NaN,NaN,
4.894,-0.00028,-0.02365,0.12667,-0.34319,-0.16571,-0.32299,0.86628,NaN,NaN,NaN,NaN,NaN,NaN,NaN,NaN,NaN,NaN,NaN,NaN,NaN,NaN,NaN,NaN,NaN,NaN,NaN,NaN,NaN,
4.919,-0.00028,-0.02365,0.12667,-0.34321,-0.16569,-0.32299,0.86627,NaN,NaN,NaN,NaN,NaN,NaN,NaN,NaN,NaN,NaN,NaN,NaN,NaN,NaN,NaN,NaN,NaN,NaN,NaN,NaN,NaN,
4.944,-0.00027,-0.02366,0.12667,-0.34324,-0.16568,-0.32297,0.86627,NaN,NaN,NaN,NaN,NaN,NaN,NaN,NaN,NaN,NaN,NaN,NaN,NaN,NaN,NaN,NaN,NaN,NaN,NaN,NaN,NaN,
4.969,-0.00027,-0.02366,0.12667,-0.34325,-0.16568,-0.32296,0.86627,NaN,NaN,NaN,NaN,NaN,NaN,NaN,NaN,NaN,NaN,NaN,NaN,NaN,NaN,NaN,NaN,NaN,NaN,NaN,NaN,NaN,
4.994,-0.00027,-0.02366,0.12667,-0.34326,-0.16568,-0.32296,0.86627,NaN,NaN,NaN,NaN,NaN,NaN,NaN,NaN,NaN,NaN,NaN,NaN,NaN,NaN,NaN,NaN,NaN,NaN,NaN,NaN,NaN,
5.019,-0.00027,-0.02366,0.12667,-0.34325,-0.16568,-0.32296,0.86627,NaN,NaN,NaN,NaN,NaN,NaN,NaN,NaN,NaN,NaN,NaN,NaN,NaN,NaN,NaN,NaN,NaN,NaN,NaN,NaN,NaN,
5.044,-0.00028,-0.02366,0.12667,-0.34324,-0.16568,-0.32296,0.86627,NaN,NaN,NaN,NaN,NaN,NaN,NaN,NaN,NaN,NaN,NaN,NaN,NaN,NaN,NaN,NaN,NaN,NaN,NaN,NaN,NaN,
5.069,-0.00028,-0.02366,0.12667,-0.34323,-0.16568,-0.32298,0.86627,NaN,NaN,NaN,NaN,NaN,NaN,NaN,NaN,NaN,NaN,NaN,NaN,NaN,NaN,NaN,NaN,NaN,NaN,NaN,NaN,NaN,
5.094,-0.00028,-0.02366,0.12667,-0.34321,-0.16568,-0.32300,0.86627,NaN,NaN,NaN,NaN,NaN,NaN,NaN,NaN,NaN,NaN,NaN,NaN,NaN,NaN,NaN,NaN,NaN,NaN,NaN,NaN,NaN,
5.119,-0.00028,-0.02365,0.12668,-0.34320,-0.16568,-0.32301,0.86627,NaN,NaN,NaN,NaN,NaN,NaN,NaN,NaN,NaN,NaN,NaN,NaN,NaN,NaN,NaN,NaN,NaN,NaN,NaN,NaN,NaN,
5.144,-0.00028,-0.02365,0.12668,-0.34320,-0.16568,-0.32301,0.86627,NaN,NaN,NaN,NaN,NaN,NaN,NaN,NaN,NaN,NaN,NaN,NaN,NaN,NaN,NaN,NaN,NaN,NaN,NaN,NaN,NaN,
5.169,-0.00028,-0.02365,0.12668,-0.34320,-0.16568,-0.32301,0.86627,NaN,NaN,NaN,NaN,NaN,NaN,NaN,NaN,NaN,NaN,NaN,NaN,NaN,NaN,NaN,NaN,NaN,NaN,NaN,NaN,NaN,
5.194,-0.00028,-0.02365,0.12668,-0.34320,-0.16568,-0.32301,0.86627,NaN,NaN,NaN,NaN,NaN,NaN,NaN,NaN,NaN,NaN,NaN,NaN,NaN,NaN,NaN,NaN,NaN,NaN,NaN,NaN,NaN,
5.219,-0.00028,-0.02365,0.12668,-0.34319,-0.16568,-0.32302,0.86627,NaN,NaN,NaN,NaN,NaN,NaN,NaN,NaN,NaN,NaN,NaN,NaN,NaN,NaN,NaN,NaN,NaN,NaN,NaN,NaN,NaN,
5.244,-0.00028,-0.02365,0.12668,-0.34319,-0.16567,-0.32304,0.86627,NaN,NaN,NaN,NaN,NaN,NaN,NaN,NaN,NaN,NaN,NaN,NaN,NaN,NaN,NaN,NaN,NaN,NaN,NaN,NaN,NaN,
5.269,-0.00028,-0.02365,0.12668,-0.34319,-0.16567,-0.32303,0.86627,NaN,NaN,NaN,NaN,NaN,NaN,NaN,NaN,NaN,NaN,NaN,NaN,NaN,NaN,NaN,NaN,NaN,NaN,NaN,NaN,NaN,
5.294,-0.00028,-0.02366,0.12668,-0.34320,-0.16566,-0.32302,0.86627,NaN,NaN,NaN,NaN,NaN,NaN,NaN,NaN,NaN,NaN,NaN,NaN,NaN,NaN,NaN,NaN,NaN,NaN,NaN,NaN,NaN,
5.319,-0.00028,-0.02366,0.12668,-0.34323,-0.16566,-0.32300,0.86627,NaN,NaN,NaN,NaN,NaN,NaN,NaN,NaN,NaN,NaN,NaN,NaN,NaN,NaN,NaN,NaN,NaN,NaN,NaN,NaN,NaN,
5.344,-0.00027,-0.02366,0.12668,-0.34325,-0.16566,-0.32298,0.86627,NaN,NaN,NaN,NaN,NaN,NaN,NaN,NaN,NaN,NaN,NaN,NaN,NaN,NaN,NaN,NaN,NaN,NaN,NaN,NaN,NaN,
5.369,-0.00028,-0.02366,0.12668,-0.34325,-0.16566,-0.32298,0.86627,NaN,NaN,NaN,NaN,NaN,NaN,NaN,NaN,NaN,NaN,NaN,NaN,NaN,NaN,NaN,NaN,NaN,NaN,NaN,NaN,NaN,
5.394,-0.00028,-0.02365,0.12668,-0.34322,-0.16567,-0.32300,0.86627,NaN,NaN,NaN,NaN,NaN,NaN,NaN,NaN,NaN,NaN,NaN,NaN,NaN,NaN,NaN,NaN,NaN,NaN,NaN,NaN,NaN,
5.419,-0.00028,-0.02365,0.12668,-0.34321,-0.16568,-0.32300,0.86627,NaN,NaN,NaN,NaN,NaN,NaN,NaN,NaN,NaN,NaN,NaN,NaN,NaN,NaN,NaN,NaN,NaN,NaN,NaN,NaN,NaN,
5.444,-0.00028,-0.02365,0.12668,-0.34321,-0.16568,-0.32300,0.86627,NaN,NaN,NaN,NaN,NaN,NaN,NaN,NaN,NaN,NaN,NaN,NaN,NaN,NaN,NaN,NaN,NaN,NaN,NaN,NaN,NaN,
5.469,-0.00028,-0.02365,0.12668,-0.34323,-0.16568,-0.32298,0.86627,NaN,NaN,NaN,NaN,NaN,NaN,NaN,NaN,NaN,NaN,NaN,NaN,NaN,NaN,NaN,NaN,NaN,NaN,NaN,NaN,NaN,
5.494,-0.00028,-0.02365,0.12667,-0.34324,-0.16568,-0.32297,0.86627,NaN,NaN,NaN,NaN,NaN,NaN,NaN,NaN,NaN,NaN,NaN,NaN,NaN,NaN,NaN,NaN,NaN,NaN,NaN,NaN,NaN,
5.519,-0.00028,-0.02365,0.12667,-0.34324,-0.16568,-0.32296,0.86627,NaN,NaN,NaN,NaN,NaN,NaN,NaN,NaN,NaN,NaN,NaN,NaN,NaN,NaN,NaN,NaN,NaN,NaN,NaN,NaN,NaN,
5.544,-0.00028,-0.02365,0.12668,-0.34322,-0.16568,-0.32299,0.86627,NaN,NaN,NaN,NaN,NaN,NaN,NaN,NaN,NaN,NaN,NaN,NaN,NaN,NaN,NaN,NaN,NaN,NaN,NaN,NaN,NaN,
5.569,-0.00028,-0.02365,0.12668,-0.34320,-0.16568,-0.32301,0.86627,NaN,NaN,NaN,NaN,NaN,NaN,NaN,NaN,NaN,NaN,NaN,NaN,NaN,NaN,NaN,NaN,NaN,NaN,NaN,NaN,NaN,
5.594,-0.00028,-0.02365,0.12668,-0.34320,-0.16568,-0.32301,0.86627,NaN,NaN,NaN,NaN,NaN,NaN,NaN,NaN,NaN,NaN,NaN,NaN,NaN,NaN,NaN,NaN,NaN,NaN,NaN,NaN,NaN,
5.619,-0.00028,-0.02365,0.12668,-0.34321,-0.16568,-0.32300,0.86627,NaN,NaN,NaN,NaN,NaN,NaN,NaN,NaN,NaN,NaN,NaN,NaN,NaN,NaN,NaN,NaN,NaN,NaN,NaN,NaN,NaN,
5.644,-0.00027,-0.02365,0.12668,-0.34324,-0.16567,-0.32298,0.86627,NaN,NaN,NaN,NaN,NaN,NaN,NaN,NaN,NaN,NaN,NaN,NaN,NaN,NaN,NaN,NaN,NaN,NaN,NaN,NaN,NaN,
5.669,-0.00027,-0.02366,0.12668,-0.34325,-0.16566,-0.32298,0.86627,NaN,NaN,NaN,NaN,NaN,NaN,NaN,NaN,NaN,NaN,NaN,NaN,NaN,NaN,NaN,NaN,NaN,NaN,NaN,NaN,NaN,
5.694,-0.00028,-0.02365,0.12668,-0.34323,-0.16566,-0.32300,0.86627,NaN,NaN,NaN,NaN,NaN,NaN,NaN,NaN,NaN,NaN,NaN,NaN,NaN,NaN,NaN,NaN,NaN,NaN,NaN,NaN,NaN,
5.719,-0.00028,-0.02365,0.12668,-0.34321,-0.16567,-0.32301,0.86627,NaN,NaN,NaN,NaN,NaN,NaN,NaN,NaN,NaN,NaN,NaN,NaN,NaN,NaN,NaN,NaN,NaN,NaN,NaN,NaN,NaN,
5.744,-0.00028,-0.02365,0.12668,-0.34321,-0.16567,-0.32301,0.86627,NaN,NaN,NaN,NaN,NaN,NaN,NaN,NaN,NaN,NaN,NaN,NaN,NaN,NaN,NaN,NaN,NaN,NaN,NaN,NaN,NaN,
5.769,-0.00028,-0.02365,0.12668,-0.34320,-0.16568,-0.32301,0.86627,NaN,NaN,NaN,NaN,NaN,NaN,NaN,NaN,NaN,NaN,NaN,NaN,NaN,NaN,NaN,NaN,NaN,NaN,NaN,NaN,NaN,
5.794,-0.00028,-0.02365,0.12668,-0.34321,-0.16568,-0.32300,0.86627,NaN,NaN,NaN,NaN,NaN,NaN,NaN,NaN,NaN,NaN,NaN,NaN,NaN,NaN,NaN,NaN,NaN,NaN,NaN,NaN,NaN,
5.819,-0.00028,-0.02365,0.12668,-0.34321,-0.16568,-0.32300,0.86627,NaN,NaN,NaN,NaN,NaN,NaN,NaN,NaN,NaN,NaN,NaN,NaN,NaN,NaN,NaN,NaN,NaN,NaN,NaN,NaN,NaN,
5.844,-0.00028,-0.02365,0.12668,-0.34321,-0.16569,-0.32300,0.86627,NaN,NaN,NaN,NaN,NaN,NaN,NaN,NaN,NaN,NaN,NaN,NaN,NaN,NaN,NaN,NaN,NaN,NaN,NaN,NaN,NaN,
5.869,-0.00028,-0.02365,0.12668,-0.34320,-0.16569,-0.32300,0.86627,NaN,NaN,NaN,NaN,NaN,NaN,NaN,NaN,NaN,NaN,NaN,NaN,NaN,NaN,NaN,NaN,NaN,NaN,NaN,NaN,NaN,
5.894,-0.00028,-0.02365,0.12668,-0.34321,-0.16569,-0.32300,0.86627,NaN,NaN,NaN,NaN,NaN,NaN,NaN,NaN,NaN,NaN,NaN,NaN,NaN,NaN,NaN,NaN,NaN,NaN,NaN,NaN,NaN,
5.919,-0.00028,-0.02365,0.12667,-0.34321,-0.16570,-0.32299,0.86627,NaN,NaN,NaN,NaN,NaN,NaN,NaN,NaN,NaN,NaN,NaN,NaN,NaN,NaN,NaN,NaN,NaN,NaN,NaN,NaN,NaN,
5.944,-0.00028,-0.02365,0.12667,-0.34322,-0.16570,-0.32297,0.86627,NaN,NaN,NaN,NaN,NaN,NaN,NaN,NaN,NaN,NaN,NaN,NaN,NaN,NaN,NaN,NaN,NaN,NaN,NaN,NaN,NaN,
5.969,-0.00028,-0.02365,0.12667,-0.34323,-0.16570,-0.32296,0.86627,NaN,NaN,NaN,NaN,NaN,NaN,NaN,NaN,NaN,NaN,NaN,NaN,NaN,NaN,NaN,NaN,NaN,NaN,NaN,NaN,NaN,
5.994,-0.00028,-0.02365,0.12667,-0.34324,-0.16570,-0.32295,0.86627,NaN,NaN,NaN,NaN,NaN,NaN,NaN,NaN,NaN,NaN,NaN,NaN,NaN,NaN,NaN,NaN,NaN,NaN,NaN,NaN,NaN,
6.019,-0.00028,-0.02365,0.12667,-0.34325,-0.16570,-0.32295,0.86627,NaN,NaN,NaN,NaN,NaN,NaN,NaN,NaN,NaN,NaN,NaN,NaN,NaN,NaN,NaN,NaN,NaN,NaN,NaN,NaN,NaN,
6.044,-0.00028,-0.02365,0.12666,-0.34325,-0.16571,-0.32294,0.86628,NaN,NaN,NaN,NaN,NaN,NaN,NaN,NaN,NaN,NaN,NaN,NaN,NaN,NaN,NaN,NaN,NaN,NaN,NaN,NaN,NaN,
6.069,-0.00028,-0.02365,0.12667,-0.34324,-0.16571,-0.32295,0.86628,NaN,NaN,NaN,NaN,NaN,NaN,NaN,NaN,NaN,NaN,NaN,NaN,NaN,NaN,NaN,NaN,NaN,NaN,NaN,NaN,NaN,
6.094,-0.00028,-0.02365,0.12667,-0.34324,-0.16571,-0.32295,0.86628,NaN,NaN,NaN,NaN,NaN,NaN,NaN,NaN,NaN,NaN,NaN,NaN,NaN,NaN,NaN,NaN,NaN,NaN,NaN,NaN,NaN,
6.119,-0.00028,-0.02364,0.12667,-0.34323,-0.16571,-0.32295,0.86628,NaN,NaN,NaN,NaN,NaN,NaN,NaN,NaN,NaN,NaN,NaN,NaN,NaN,NaN,NaN,NaN,NaN,NaN,NaN,NaN,NaN,
6.144,-0.00028,-0.02365,0.12667,-0.34323,-0.16571,-0.32296,0.86628,NaN,NaN,NaN,NaN,NaN,NaN,NaN,NaN,NaN,NaN,NaN,NaN,NaN,NaN,NaN,NaN,NaN,NaN,NaN,NaN,NaN,
6.169,-0.00028,-0.02365,0.12667,-0.34323,-0.16570,-0.32296,0.86627,NaN,NaN,NaN,NaN,NaN,NaN,NaN,NaN,NaN,NaN,NaN,NaN,NaN,NaN,NaN,NaN,NaN,NaN,NaN,NaN,NaN,
6.194,-0.00028,-0.02365,0.12667,-0.34324,-0.16570,-0.32296,0.86627,NaN,NaN,NaN,NaN,NaN,NaN,NaN,NaN,NaN,NaN,NaN,NaN,NaN,NaN,NaN,NaN,NaN,NaN,NaN,NaN,NaN,
6.219,-0.00028,-0.02365,0.12667,-0.34323,-0.16570,-0.32296,0.86627,NaN,NaN,NaN,NaN,NaN,NaN,NaN,NaN,NaN,NaN,NaN,NaN,NaN,NaN,NaN,NaN,NaN,NaN,NaN,NaN,NaN,
6.244,-0.00029,-0.02365,0.12667,-0.34322,-0.16570,-0.32297,0.86627,NaN,NaN,NaN,NaN,NaN,NaN,NaN,NaN,NaN,NaN,NaN,NaN,NaN,NaN,NaN,NaN,NaN,NaN,NaN,NaN,NaN,
6.269,-0.00028,-0.02365,0.12667,-0.34322,-0.16569,-0.32298,0.86627,NaN,NaN,NaN,NaN,NaN,NaN,NaN,NaN,NaN,NaN,NaN,NaN,NaN,NaN,NaN,NaN,NaN,NaN,NaN,NaN,NaN,
6.294,-0.00028,-0.02365,0.12667,-0.34323,-0.16568,-0.32298,0.86627,NaN,NaN,NaN,NaN,NaN,NaN,NaN,NaN,NaN,NaN,NaN,NaN,NaN,NaN,NaN,NaN,NaN,NaN,NaN,NaN,NaN,
6.319,-0.00028,-0.02366,0.12667,-0.34325,-0.16567,-0.32297,0.86627,NaN,NaN,NaN,NaN,NaN,NaN,NaN,NaN,NaN,NaN,NaN,NaN,NaN,NaN,NaN,NaN,NaN,NaN,NaN,NaN,NaN,
6.344,-0.00028,-0.02366,0.12667,-0.34325,-0.16566,-0.32297,0.86627,NaN,NaN,NaN,NaN,NaN,NaN,NaN,NaN,NaN,NaN,NaN,NaN,NaN,NaN,NaN,NaN,NaN,NaN,NaN,NaN,NaN,
6.369,-0.00028,-0.02366,0.12667,-0.34324,-0.16567,-0.32297,0.86627,NaN,NaN,NaN,NaN,NaN,NaN,NaN,NaN,NaN,NaN,NaN,NaN,NaN,NaN,NaN,NaN,NaN,NaN,NaN,NaN,NaN,
6.394,-0.00029,-0.02365,0.12667,-0.34322,-0.16568,-0.32300,0.86627,NaN,NaN,NaN,NaN,NaN,NaN,NaN,NaN,NaN,NaN,NaN,NaN,NaN,NaN,NaN,NaN,NaN,NaN,NaN,NaN,NaN,
6.419,-0.00029,-0.02365,0.12667,-0.34320,-0.16569,-0.32300,0.86627,NaN,NaN,NaN,NaN,NaN,NaN,NaN,NaN,NaN,NaN,NaN,NaN,NaN,NaN,NaN,NaN,NaN,NaN,NaN,NaN,NaN,
6.444,-0.00029,-0.02365,0.12667,-0.34321,-0.16568,-0.32300,0.86627,NaN,NaN,NaN,NaN,NaN,NaN,NaN,NaN,NaN,NaN,NaN,NaN,NaN,NaN,NaN,NaN,NaN,NaN,NaN,NaN,NaN,
6.469,-0.00028,-0.02365,0.12667,-0.34323,-0.16568,-0.32298,0.86627,NaN,NaN,NaN,NaN,NaN,NaN,NaN,NaN,NaN,NaN,NaN,NaN,NaN,NaN,NaN,NaN,NaN,NaN,NaN,NaN,NaN,
6.494,-0.00028,-0.02366,0.12667,-0.34325,-0.16567,-0.32297,0.86627,NaN,NaN,NaN,NaN,NaN,NaN,NaN,NaN,NaN,NaN,NaN,NaN,NaN,NaN,NaN,NaN,NaN,NaN,NaN,NaN,NaN,
6.519,-0.00028,-0.02366,0.12667,-0.34326,-0.16567,-0.32296,0.86627,NaN,NaN,NaN,NaN,NaN,NaN,NaN,NaN,NaN,NaN,NaN,NaN,NaN,NaN,NaN,NaN,NaN,NaN,NaN,NaN,NaN,
6.544,-0.00029,-0.02365,0.12667,-0.34324,-0.16568,-0.32296,0.86627,NaN,NaN,NaN,NaN,NaN,NaN,NaN,NaN,NaN,NaN,NaN,NaN,NaN,NaN,NaN,NaN,NaN,NaN,NaN,NaN,NaN,
6.569,-0.00029,-0.02365,0.12667,-0.34323,-0.16569,-0.32297,0.86627,NaN,NaN,NaN,NaN,NaN,NaN,NaN,NaN,NaN,NaN,NaN,NaN,NaN,NaN,NaN,NaN,NaN,NaN,NaN,NaN,NaN,
6.594,-0.00028,-0.02365,0.12667,-0.34322,-0.16570,-0.32297,0.86627,NaN,NaN,NaN,NaN,NaN,NaN,NaN,NaN,NaN,NaN,NaN,NaN,NaN,NaN,NaN,NaN,NaN,NaN,NaN,NaN,NaN,
6.619,-0.00028,-0.02365,0.12667,-0.34324,-0.16568,-0.32296,0.86627,NaN,NaN,NaN,NaN,NaN,NaN,NaN,NaN,NaN,NaN,NaN,NaN,NaN,NaN,NaN,NaN,NaN,NaN,NaN,NaN,NaN,
6.644,-0.00028,-0.02365,0.12667,-0.34326,-0.16568,-0.32295,0.86627,NaN,NaN,NaN,NaN,NaN,NaN,NaN,NaN,NaN,NaN,NaN,NaN,NaN,NaN,NaN,NaN,NaN,NaN,NaN,NaN,NaN,
6.669,-0.00027,-0.02366,0.12667,-0.34328,-0.16567,-0.32293,0.86627,NaN,NaN,NaN,NaN,NaN,NaN,NaN,NaN,NaN,NaN,NaN,NaN,NaN,NaN,NaN,NaN,NaN,NaN,NaN,NaN,NaN,
6.694,-0.00027,-0.02366,0.12667,-0.34328,-0.16567,-0.32293,0.86627,NaN,NaN,NaN,NaN,NaN,NaN,NaN,NaN,NaN,NaN,NaN,NaN,NaN,NaN,NaN,NaN,NaN,NaN,NaN,NaN,NaN,
6.719,-0.00028,-0.02366,0.12667,-0.34327,-0.16567,-0.32295,0.86627,NaN,NaN,NaN,NaN,NaN,NaN,NaN,NaN,NaN,NaN,NaN,NaN,NaN,NaN,NaN,NaN,NaN,NaN,NaN,NaN,NaN,
6.744,-0.00027,-0.02365,0.12667,-0.34326,-0.16567,-0.32295,0.86627,NaN,NaN,NaN,NaN,NaN,NaN,NaN,NaN,NaN,NaN,NaN,NaN,NaN,NaN,NaN,NaN,NaN,NaN,NaN,NaN,NaN,
6.769,-0.00027,-0.02366,0.12667,-0.34326,-0.16566,-0.32296,0.86627,NaN,NaN,NaN,NaN,NaN,NaN,NaN,NaN,NaN,NaN,NaN,NaN,NaN,NaN,NaN,NaN,NaN,NaN,NaN,NaN,NaN,
6.794,-0.00027,-0.02366,0.12667,-0.34327,-0.16566,-0.32296,0.86627,NaN,NaN,NaN,NaN,NaN,NaN,NaN,NaN,NaN,NaN,NaN,NaN,NaN,NaN,NaN,NaN,NaN,NaN,NaN,NaN,NaN,
6.819,-0.00027,-0.02366,0.12667,-0.34326,-0.16566,-0.32296,0.86627,NaN,NaN,NaN,NaN,NaN,NaN,NaN,NaN,NaN,NaN,NaN,NaN,NaN,NaN,NaN,NaN,NaN,NaN,NaN,NaN,NaN,
6.844,-0.00027,-0.02366,0.12667,-0.34325,-0.16566,-0.32298,0.86627,NaN,NaN,NaN,NaN,NaN,NaN,NaN,NaN,NaN,NaN,NaN,NaN,NaN,NaN,NaN,NaN,NaN,NaN,NaN,NaN,NaN,
6.869,-0.00028,-0.02365,0.12667,-0.34323,-0.16567,-0.32299,0.86627,NaN,NaN,NaN,NaN,NaN,NaN,NaN,NaN,NaN,NaN,NaN,NaN,NaN,NaN,NaN,NaN,NaN,NaN,NaN,NaN,NaN,
6.894,-0.00028,-0.02365,0.12668,-0.34321,-0.16568,-0.32300,0.86627,NaN,NaN,NaN,NaN,NaN,NaN,NaN,NaN,NaN,NaN,NaN,NaN,NaN,NaN,NaN,NaN,NaN,NaN,NaN,NaN,NaN,
6.919,-0.00028,-0.02365,0.12668,-0.34320,-0.16568,-0.32301,0.86627,NaN,NaN,NaN,NaN,NaN,NaN,NaN,NaN,NaN,NaN,NaN,NaN,NaN,NaN,NaN,NaN,NaN,NaN,NaN,NaN,NaN,
6.944,-0.00029,-0.02365,0.12668,-0.34318,-0.16569,-0.32303,0.86627,NaN,NaN,NaN,NaN,NaN,NaN,NaN,NaN,NaN,NaN,NaN,NaN,NaN,NaN,NaN,NaN,NaN,NaN,NaN,NaN,NaN,
6.969,-0.00029,-0.02364,0.12668,-0.34317,-0.16569,-0.32303,0.86627,NaN,NaN,NaN,NaN,NaN,NaN,NaN,NaN,NaN,NaN,NaN,NaN,NaN,NaN,NaN,NaN,NaN,NaN,NaN,NaN,NaN,
6.994,-0.00029,-0.02364,0.12668,-0.34318,-0.16570,-0.32302,0.86627,NaN,NaN,NaN,NaN,NaN,NaN,NaN,NaN,NaN,NaN,NaN,NaN,NaN,NaN,NaN,NaN,NaN,NaN,NaN,NaN,NaN,
7.019,-0.00028,-0.02365,0.12668,-0.34319,-0.16570,-0.32301,0.86627,NaN,NaN,NaN,NaN,NaN,NaN,NaN,NaN,NaN,NaN,NaN,NaN,NaN,NaN,NaN,NaN,NaN,NaN,NaN,NaN,NaN,
7.044,-0.00028,-0.02365,0.12668,-0.34321,-0.16569,-0.32299,0.86627,NaN,NaN,NaN,NaN,NaN,NaN,NaN,NaN,NaN,NaN,NaN,NaN,NaN,NaN,NaN,NaN,NaN,NaN,NaN,NaN,NaN,
7.069,-0.00028,-0.02365,0.12668,-0.34322,-0.16569,-0.32298,0.86627,NaN,NaN,NaN,NaN,NaN,NaN,NaN,NaN,NaN,NaN,NaN,NaN,NaN,NaN,NaN,NaN,NaN,NaN,NaN,NaN,NaN,
7.094,-0.00028,-0.02365,0.12667,-0.34324,-0.16569,-0.32297,0.86627,NaN,NaN,NaN,NaN,NaN,NaN,NaN,NaN,NaN,NaN,NaN,NaN,NaN,NaN,NaN,NaN,NaN,NaN,NaN,NaN,NaN,
7.119,-0.00028,-0.02365,0.12667,-0.34324,-0.16569,-0.32297,0.86627,NaN,NaN,NaN,NaN,NaN,NaN,NaN,NaN,NaN,NaN,NaN,NaN,NaN,NaN,NaN,NaN,NaN,NaN,NaN,NaN,NaN,
7.144,-0.00028,-0.02366,0.12667,-0.34324,-0.16568,-0.32297,0.86627,NaN,NaN,NaN,NaN,NaN,NaN,NaN,NaN,NaN,NaN,NaN,NaN,NaN,NaN,NaN,NaN,NaN,NaN,NaN,NaN,NaN,
7.169,-0.00028,-0.02365,0.12667,-0.34323,-0.16569,-0.32298,0.86627,NaN,NaN,NaN,NaN,NaN,NaN,NaN,NaN,NaN,NaN,NaN,NaN,NaN,NaN,NaN,NaN,NaN,NaN,NaN,NaN,NaN,
7.194,-0.00028,-0.02365,0.12667,-0.34323,-0.16569,-0.32297,0.86627,NaN,NaN,NaN,NaN,NaN,NaN,NaN,NaN,NaN,NaN,NaN,NaN,NaN,NaN,NaN,NaN,NaN,NaN,NaN,NaN,NaN,
7.219,-0.00028,-0.02366,0.12667,-0.34322,-0.16569,-0.32298,0.86627,NaN,NaN,NaN,NaN,NaN,NaN,NaN,NaN,NaN,NaN,NaN,NaN,NaN,NaN,NaN,NaN,NaN,NaN,NaN,NaN,NaN,
7.244,-0.00028,-0.02365,0.12667,-0.34323,-0.16570,-0.32297,0.86627,NaN,NaN,NaN,NaN,NaN,NaN,NaN,NaN,NaN,NaN,NaN,NaN,NaN,NaN,NaN,NaN,NaN,NaN,NaN,NaN,NaN,
7.269,-0.00028,-0.02365,0.12667,-0.34322,-0.16570,-0.32297,0.86627,NaN,NaN,NaN,NaN,NaN,NaN,NaN,NaN,NaN,NaN,NaN,NaN,NaN,NaN,NaN,NaN,NaN,NaN,NaN,NaN,NaN,
7.294,-0.00028,-0.02365,0.12667,-0.34322,-0.16570,-0.32297,0.86627,NaN,NaN,NaN,NaN,NaN,NaN,NaN,NaN,NaN,NaN,NaN,NaN,NaN,NaN,NaN,NaN,NaN,NaN,NaN,NaN,NaN,
7.319,-0.00028,-0.02365,0.12667,-0.34322,-0.16570,-0.32297,0.86627,NaN,NaN,NaN,NaN,NaN,NaN,NaN,NaN,NaN,NaN,NaN,NaN,NaN,NaN,NaN,NaN,NaN,NaN,NaN,NaN,NaN,
7.344,-0.00028,-0.02365,0.12667,-0.34322,-0.16570,-0.32298,0.86627,NaN,NaN,NaN,NaN,NaN,NaN,NaN,NaN,NaN,NaN,NaN,NaN,NaN,NaN,NaN,NaN,NaN,NaN,NaN,NaN,NaN,
7.369,-0.00028,-0.02365,0.12667,-0.34321,-0.16570,-0.32298,0.86627,NaN,NaN,NaN,NaN,NaN,NaN,NaN,NaN,NaN,NaN,NaN,NaN,NaN,NaN,NaN,NaN,NaN,NaN,NaN,NaN,NaN,
7.394,-0.00028,-0.02365,0.12668,-0.34321,-0.16568,-0.32300,0.86627,NaN,NaN,NaN,NaN,NaN,NaN,NaN,NaN,NaN,NaN,NaN,NaN,NaN,NaN,NaN,NaN,NaN,NaN,NaN,NaN,NaN,
7.419,-0.00028,-0.02365,0.12667,-0.34322,-0.16568,-0.32298,0.86627,NaN,NaN,NaN,NaN,NaN,NaN,NaN,NaN,NaN,NaN,NaN,NaN,NaN,NaN,NaN,NaN,NaN,NaN,NaN,NaN,NaN,
7.444,-0.00028,-0.02365,0.12667,-0.34322,-0.16568,-0.32298,0.86627,NaN,NaN,NaN,NaN,NaN,NaN,NaN,NaN,NaN,NaN,NaN,NaN,NaN,NaN,NaN,NaN,NaN,NaN,NaN,NaN,NaN,
7.469,-0.00028,-0.02365,0.12667,-0.34323,-0.16568,-0.32298,0.86627,NaN,NaN,NaN,NaN,NaN,NaN,NaN,NaN,NaN,NaN,NaN,NaN,NaN,NaN,NaN,NaN,NaN,NaN,NaN,NaN,NaN,
7.494,-0.00028,-0.02366,0.12668,-0.34323,-0.16566,-0.32299,0.86627,NaN,NaN,NaN,NaN,NaN,NaN,NaN,NaN,NaN,NaN,NaN,NaN,NaN,NaN,NaN,NaN,NaN,NaN,NaN,NaN,NaN,
7.519,-0.00028,-0.02366,0.12668,-0.34324,-0.16565,-0.32299,0.86627,NaN,NaN,NaN,NaN,NaN,NaN,NaN,NaN,NaN,NaN,NaN,NaN,NaN,NaN,NaN,NaN,NaN,NaN,NaN,NaN,NaN,
7.544,-0.00028,-0.02366,0.12668,-0.34323,-0.16565,-0.32301,0.86627,NaN,NaN,NaN,NaN,NaN,NaN,NaN,NaN,NaN,NaN,NaN,NaN,NaN,NaN,NaN,NaN,NaN,NaN,NaN,NaN,NaN,
7.569,-0.00028,-0.02366,0.12668,-0.34320,-0.16567,-0.32302,0.86627,NaN,NaN,NaN,NaN,NaN,NaN,NaN,NaN,NaN,NaN,NaN,NaN,NaN,NaN,NaN,NaN,NaN,NaN,NaN,NaN,NaN,
7.594,-0.00028,-0.02365,0.12668,-0.34319,-0.16567,-0.32302,0.86627,NaN,NaN,NaN,NaN,NaN,NaN,NaN,NaN,NaN,NaN,NaN,NaN,NaN,NaN,NaN,NaN,NaN,NaN,NaN,NaN,NaN,
7.619,-0.00028,-0.02365,0.12668,-0.34320,-0.16567,-0.32301,0.86627,NaN,NaN,NaN,NaN,NaN,NaN,NaN,NaN,NaN,NaN,NaN,NaN,NaN,NaN,NaN,NaN,NaN,NaN,NaN,NaN,NaN,
7.644,-0.00027,-0.02366,0.12668,-0.34323,-0.16567,-0.32299,0.86627,NaN,NaN,NaN,NaN,NaN,NaN,NaN,NaN,NaN,NaN,NaN,NaN,NaN,NaN,NaN,NaN,NaN,NaN,NaN,NaN,NaN,
7.669,-0.00027,-0.02366,0.12668,-0.34325,-0.16566,-0.32298,0.86627,NaN,NaN,NaN,NaN,NaN,NaN,NaN,NaN,NaN,NaN,NaN,NaN,NaN,NaN,NaN,NaN,NaN,NaN,NaN,NaN,NaN,
7.694,-0.00027,-0.02366,0.12668,-0.34326,-0.16565,-0.32298,0.86627,NaN,NaN,NaN,NaN,NaN,NaN,NaN,NaN,NaN,NaN,NaN,NaN,NaN,NaN,NaN,NaN,NaN,NaN,NaN,NaN,NaN,
7.719,-0.00027,-0.02366,0.12668,-0.34325,-0.16566,-0.32298,0.86627,NaN,NaN,NaN,NaN,NaN,NaN,NaN,NaN,NaN,NaN,NaN,NaN,NaN,NaN,NaN,NaN,NaN,NaN,NaN,NaN,NaN,
7.744,-0.00027,-0.02366,0.12668,-0.34324,-0.16566,-0.32298,0.86627,NaN,NaN,NaN,NaN,NaN,NaN,NaN,NaN,NaN,NaN,NaN,NaN,NaN,NaN,NaN,NaN,NaN,NaN,NaN,NaN,NaN,
7.769,-0.00028,-0.02365,0.12668,-0.34322,-0.16568,-0.32299,0.86627,NaN,NaN,NaN,NaN,NaN,NaN,NaN,NaN,NaN,NaN,NaN,NaN,NaN,NaN,NaN,NaN,NaN,NaN,NaN,NaN,NaN,
7.794,-0.00028,-0.02365,0.12668,-0.34322,-0.16568,-0.32299,0.86627,NaN,NaN,NaN,NaN,NaN,NaN,NaN,NaN,NaN,NaN,NaN,NaN,NaN,NaN,NaN,NaN,NaN,NaN,NaN,NaN,NaN,
7.819,-0.00028,-0.02365,0.12667,-0.34323,-0.16568,-0.32298,0.86627,NaN,NaN,NaN,NaN,NaN,NaN,NaN,NaN,NaN,NaN,NaN,NaN,NaN,NaN,NaN,NaN,NaN,NaN,NaN,NaN,NaN,
7.844,-0.00028,-0.02366,0.12667,-0.34324,-0.16567,-0.32297,0.86627,NaN,NaN,NaN,NaN,NaN,NaN,NaN,NaN,NaN,NaN,NaN,NaN,NaN,NaN,NaN,NaN,NaN,NaN,NaN,NaN,NaN,
7.869,-0.00028,-0.02366,0.12667,-0.34324,-0.16567,-0.32297,0.86627,NaN,NaN,NaN,NaN,NaN,NaN,NaN,NaN,NaN,NaN,NaN,NaN,NaN,NaN,NaN,NaN,NaN,NaN,NaN,NaN,NaN,
7.894,-0.00028,-0.02366,0.12667,-0.34325,-0.16568,-0.32296,0.86627,NaN,NaN,NaN,NaN,NaN,NaN,NaN,NaN,NaN,NaN,NaN,NaN,NaN,NaN,NaN,NaN,NaN,NaN,NaN,NaN,NaN,
7.919,-0.00028,-0.02366,0.12667,-0.34325,-0.16568,-0.32296,0.86627,NaN,NaN,NaN,NaN,NaN,NaN,NaN,NaN,NaN,NaN,NaN,NaN,NaN,NaN,NaN,NaN,NaN,NaN,NaN,NaN,NaN,
7.944,-0.00028,-0.02366,0.12667,-0.34325,-0.16568,-0.32295,0.86627,NaN,NaN,NaN,NaN,NaN,NaN,NaN,NaN,NaN,NaN,NaN,NaN,NaN,NaN,NaN,NaN,NaN,NaN,NaN,NaN,NaN,
7.969,-0.00028,-0.02366,0.12667,-0.34326,-0.16568,-0.32294,0.86627,NaN,NaN,NaN,NaN,NaN,NaN,NaN,NaN,NaN,NaN,NaN,NaN,NaN,NaN,NaN,NaN,NaN,NaN,NaN,NaN,NaN,
7.994,-0.00028,-0.02366,0.12666,-0.34326,-0.16569,-0.32293,0.86627,NaN,NaN,NaN,NaN,NaN,NaN,NaN,NaN,NaN,NaN,NaN,NaN,NaN,NaN,NaN,NaN,NaN,NaN,NaN,NaN,NaN,
8.019,-0.00028,-0.02366,0.12667,-0.34326,-0.16569,-0.32294,0.86627,NaN,NaN,NaN,NaN,NaN,NaN,NaN,NaN,NaN,NaN,NaN,NaN,NaN,NaN,NaN,NaN,NaN,NaN,NaN,NaN,NaN,
8.044,-0.00028,-0.02366,0.12667,-0.34326,-0.16569,-0.32294,0.86627,NaN,NaN,NaN,NaN,NaN,NaN,NaN,NaN,NaN,NaN,NaN,NaN,NaN,NaN,NaN,NaN,NaN,NaN,NaN,NaN,NaN,
8.069,-0.00028,-0.02365,0.12666,-0.34326,-0.16569,-0.32294,0.86627,NaN,NaN,NaN,NaN,NaN,NaN,NaN,NaN,NaN,NaN,NaN,NaN,NaN,NaN,NaN,NaN,NaN,NaN,NaN,NaN,NaN,
8.094,-0.00028,-0.02365,0.12666,-0.34327,-0.16569,-0.32293,0.86627,NaN,NaN,NaN,NaN,NaN,NaN,NaN,NaN,NaN,NaN,NaN,NaN,NaN,NaN,NaN,NaN,NaN,NaN,NaN,NaN,NaN,
8.119,-0.00028,-0.02365,0.12666,-0.34327,-0.16570,-0.32292,0.86627,NaN,NaN,NaN,NaN,NaN,NaN,NaN,NaN,NaN,NaN,NaN,NaN,NaN,NaN,NaN,NaN,NaN,NaN,NaN,NaN,NaN,
8.144,-0.00028,-0.02365,0.12666,-0.34328,-0.16570,-0.32291,0.86627,NaN,NaN,NaN,NaN,NaN,NaN,NaN,NaN,NaN,NaN,NaN,NaN,NaN,NaN,NaN,NaN,NaN,NaN,NaN,NaN,NaN,
8.169,-0.00028,-0.02365,0.12666,-0.34326,-0.16571,-0.32292,0.86628,NaN,NaN,NaN,NaN,NaN,NaN,NaN,NaN,NaN,NaN,NaN,NaN,NaN,NaN,NaN,NaN,NaN,NaN,NaN,NaN,NaN,
8.194,-0.00028,-0.02365,0.12666,-0.34325,-0.16572,-0.32293,0.86628,NaN,NaN,NaN,NaN,NaN,NaN,NaN,NaN,NaN,NaN,NaN,NaN,NaN,NaN,NaN,NaN,NaN,NaN,NaN,NaN,NaN,
8.219,-0.00029,-0.02365,0.12666,-0.34322,-0.16572,-0.32295,0.86628,NaN,NaN,NaN,NaN,NaN,NaN,NaN,NaN,NaN,NaN,NaN,NaN,NaN,NaN,NaN,NaN,NaN,NaN,NaN,NaN,NaN,
8.244,-0.00029,-0.02365,0.12667,-0.34322,-0.16572,-0.32295,0.86628,NaN,NaN,NaN,NaN,NaN,NaN,NaN,NaN,NaN,NaN,NaN,NaN,NaN,NaN,NaN,NaN,NaN,NaN,NaN,NaN,NaN,
8.269,-0.00028,-0.02365,0.12666,-0.34324,-0.16572,-0.32294,0.86628,NaN,NaN,NaN,NaN,NaN,NaN,NaN,NaN,NaN,NaN,NaN,NaN,NaN,NaN,NaN,NaN,NaN,NaN,NaN,NaN,NaN,
8.294,-0.00028,-0.02365,0.12666,-0.34326,-0.16571,-0.32292,0.86628,NaN,NaN,NaN,NaN,NaN,NaN,NaN,NaN,NaN,NaN,NaN,NaN,NaN,NaN,NaN,NaN,NaN,NaN,NaN,NaN,NaN,
8.319,-0.00028,-0.02365,0.12666,-0.34327,-0.16571,-0.32292,0.86628,NaN,NaN,NaN,NaN,NaN,NaN,NaN,NaN,NaN,NaN,NaN,NaN,NaN,NaN,NaN,NaN,NaN,NaN,NaN,NaN,NaN,
8.344,-0.00029,-0.02365,0.12666,-0.34325,-0.16571,-0.32293,0.86628,NaN,NaN,NaN,NaN,NaN,NaN,NaN,NaN,NaN,NaN,NaN,NaN,NaN,NaN,NaN,NaN,NaN,NaN,NaN,NaN,NaN,
8.369,-0.00029,-0.02365,0.12667,-0.34323,-0.16572,-0.32295,0.86628,NaN,NaN,NaN,NaN,NaN,NaN,NaN,NaN,NaN,NaN,NaN,NaN,NaN,NaN,NaN,NaN,NaN,NaN,NaN,NaN,NaN,
8.394,-0.00029,-0.02365,0.12667,-0.34320,-0.16573,-0.32297,0.86628,NaN,NaN,NaN,NaN,NaN,NaN,NaN,NaN,NaN,NaN,NaN,NaN,NaN,NaN,NaN,NaN,NaN,NaN,NaN,NaN,NaN,
8.419,-0.00029,-0.02364,0.12667,-0.34320,-0.16572,-0.32297,0.86628,NaN,NaN,NaN,NaN,NaN,NaN,NaN,NaN,NaN,NaN,NaN,NaN,NaN,NaN,NaN,NaN,NaN,NaN,NaN,NaN,NaN,
8.444,-0.00029,-0.02365,0.12667,-0.34321,-0.16572,-0.32297,0.86628,NaN,NaN,NaN,NaN,NaN,NaN,NaN,NaN,NaN,NaN,NaN,NaN,NaN,NaN,NaN,NaN,NaN,NaN,NaN,NaN,NaN,
8.469,-0.00028,-0.02365,0.12667,-0.34324,-0.16570,-0.32295,0.86627,NaN,NaN,NaN,NaN,NaN,NaN,NaN,NaN,NaN,NaN,NaN,NaN,NaN,NaN,NaN,NaN,NaN,NaN,NaN,NaN,NaN,
8.494,-0.00028,-0.02365,0.12667,-0.34325,-0.16569,-0.32295,0.86627,NaN,NaN,NaN,NaN,NaN,NaN,NaN,NaN,NaN,NaN,NaN,NaN,NaN,NaN,NaN,NaN,NaN,NaN,NaN,NaN,NaN,
8.519,-0.00028,-0.02365,0.12667,-0.34325,-0.16568,-0.32296,0.86627,NaN,NaN,NaN,NaN,NaN,NaN,NaN,NaN,NaN,NaN,NaN,NaN,NaN,NaN,NaN,NaN,NaN,NaN,NaN,NaN,NaN,
8.544,-0.00028,-0.02365,0.12667,-0.34324,-0.16568,-0.32297,0.86627,NaN,NaN,NaN,NaN,NaN,NaN,NaN,NaN,NaN,NaN,NaN,NaN,NaN,NaN,NaN,NaN,NaN,NaN,NaN,NaN,NaN,
8.569,-0.00028,-0.02366,0.12667,-0.34324,-0.16568,-0.32297,0.86627,NaN,NaN,NaN,NaN,NaN,NaN,NaN,NaN,NaN,NaN,NaN,NaN,NaN,NaN,NaN,NaN,NaN,NaN,NaN,NaN,NaN,
8.594,-0.00028,-0.02366,0.12667,-0.34325,-0.16567,-0.32297,0.86627,NaN,NaN,NaN,NaN,NaN,NaN,NaN,NaN,NaN,NaN,NaN,NaN,NaN,NaN,NaN,NaN,NaN,NaN,NaN,NaN,NaN,
8.619,-0.00028,-0.02366,0.12667,-0.34326,-0.16566,-0.32297,0.86627,NaN,NaN,NaN,NaN,NaN,NaN,NaN,NaN,NaN,NaN,NaN,NaN,NaN,NaN,NaN,NaN,NaN,NaN,NaN,NaN,NaN,
8.644,-0.00028,-0.02366,0.12667,-0.34326,-0.16565,-0.32297,0.86627,NaN,NaN,NaN,NaN,NaN,NaN,NaN,NaN,NaN,NaN,NaN,NaN,NaN,NaN,NaN,NaN,NaN,NaN,NaN,NaN,NaN,
8.669,-0.00028,-0.02366,0.12667,-0.34325,-0.16565,-0.32298,0.86627,NaN,NaN,NaN,NaN,NaN,NaN,NaN,NaN,NaN,NaN,NaN,NaN,NaN,NaN,NaN,NaN,NaN,NaN,NaN,NaN,NaN,
8.694,-0.00028,-0.02366,0.12667,-0.34324,-0.16566,-0.32299,0.86627,NaN,NaN,NaN,NaN,NaN,NaN,NaN,NaN,NaN,NaN,NaN,NaN,NaN,NaN,NaN,NaN,NaN,NaN,NaN,NaN,NaN,
8.719,-0.00028,-0.02366,0.12667,-0.34322,-0.16566,-0.32300,0.86627,NaN,NaN,NaN,NaN,NaN,NaN,NaN,NaN,NaN,NaN,NaN,NaN,NaN,NaN,NaN,NaN,NaN,NaN,NaN,NaN,NaN,
8.744,-0.00029,-0.02366,0.12668,-0.34320,-0.16567,-0.32302,0.86627,NaN,NaN,NaN,NaN,NaN,NaN,NaN,NaN,NaN,NaN,NaN,NaN,NaN,NaN,NaN,NaN,NaN,NaN,NaN,NaN,NaN,
8.769,-0.00029,-0.02365,0.12668,-0.34318,-0.16568,-0.32303,0.86627,NaN,NaN,NaN,NaN,NaN,NaN,NaN,NaN,NaN,NaN,NaN,NaN,NaN,NaN,NaN,NaN,NaN,NaN,NaN,NaN,NaN,
8.794,-0.00029,-0.02365,0.12668,-0.34316,-0.16569,-0.32304,0.86627,NaN,NaN,NaN,NaN,NaN,NaN,NaN,NaN,NaN,NaN,NaN,NaN,NaN,NaN,NaN,NaN,NaN,NaN,NaN,NaN,NaN,
8.819,-0.00029,-0.02365,0.12668,-0.34314,-0.16570,-0.32306,0.86627,NaN,NaN,NaN,NaN,NaN,NaN,NaN,NaN,NaN,NaN,NaN,NaN,NaN,NaN,NaN,NaN,NaN,NaN,NaN,NaN,NaN,
8.844,-0.00029,-0.02364,0.12668,-0.34314,-0.16570,-0.32306,0.86627,NaN,NaN,NaN,NaN,NaN,NaN,NaN,NaN,NaN,NaN,NaN,NaN,NaN,NaN,NaN,NaN,NaN,NaN,NaN,NaN,NaN,
8.869,-0.00029,-0.02364,0.12668,-0.34313,-0.16571,-0.32307,0.86628,NaN,NaN,NaN,NaN,NaN,NaN,NaN,NaN,NaN,NaN,NaN,NaN,NaN,NaN,NaN,NaN,NaN,NaN,NaN,NaN,NaN,
8.894,-0.00029,-0.02364,0.12668,-0.34313,-0.16570,-0.32306,0.86628,NaN,NaN,NaN,NaN,NaN,NaN,NaN,NaN,NaN,NaN,NaN,NaN,NaN,NaN,NaN,NaN,NaN,NaN,NaN,NaN,NaN,
8.919,-0.00029,-0.02364,0.12668,-0.34314,-0.16571,-0.32306,0.86628,NaN,NaN,NaN,NaN,NaN,NaN,NaN,NaN,NaN,NaN,NaN,NaN,NaN,NaN,NaN,NaN,NaN,NaN,NaN,NaN,NaN,
8.944,-0.00028,-0.02365,0.12668,-0.34315,-0.16569,-0.32306,0.86627,NaN,NaN,NaN,NaN,NaN,NaN,NaN,NaN,NaN,NaN,NaN,NaN,NaN,NaN,NaN,NaN,NaN,NaN,NaN,NaN,NaN,
8.969,-0.00028,-0.02365,0.12668,-0.34316,-0.16570,-0.32304,0.86627,NaN,NaN,NaN,NaN,NaN,NaN,NaN,NaN,NaN,NaN,NaN,NaN,NaN,NaN,NaN,NaN,NaN,NaN,NaN,NaN,NaN,
8.994,-0.00028,-0.02365,0.12668,-0.34319,-0.16569,-0.32302,0.86627,NaN,NaN,NaN,NaN,NaN,NaN,NaN,NaN,NaN,NaN,NaN,NaN,NaN,NaN,NaN,NaN,NaN,NaN,NaN,NaN,NaN,
9.019,-0.00028,-0.02365,0.12667,-0.34321,-0.16568,-0.32300,0.86627,NaN,NaN,NaN,NaN,NaN,NaN,NaN,NaN,NaN,NaN,NaN,NaN,NaN,NaN,NaN,NaN,NaN,NaN,NaN,NaN,NaN,
9.044,-0.00027,-0.02366,0.12667,-0.34324,-0.16567,-0.32298,0.86627,NaN,NaN,NaN,NaN,NaN,NaN,NaN,NaN,NaN,NaN,NaN,NaN,NaN,NaN,NaN,NaN,NaN,NaN,NaN,NaN,NaN,
9.069,-0.00027,-0.02366,0.12667,-0.34326,-0.16566,-0.32297,0.86627,NaN,NaN,NaN,NaN,NaN,NaN,NaN,NaN,NaN,NaN,NaN,NaN,NaN,NaN,NaN,NaN,NaN,NaN,NaN,NaN,NaN,
9.094,-0.00027,-0.02366,0.12667,-0.34326,-0.16566,-0.32297,0.86627,NaN,NaN,NaN,NaN,NaN,NaN,NaN,NaN,NaN,NaN,NaN,NaN,NaN,NaN,NaN,NaN,NaN,NaN,NaN,NaN,NaN,
9.119,-0.00027,-0.02366,0.12667,-0.34327,-0.16566,-0.32296,0.86627,NaN,NaN,NaN,NaN,NaN,NaN,NaN,NaN,NaN,NaN,NaN,NaN,NaN,NaN,NaN,NaN,NaN,NaN,NaN,NaN,NaN,
9.144,-0.00027,-0.02366,0.12667,-0.34326,-0.16567,-0.32295,0.86627,NaN,NaN,NaN,NaN,NaN,NaN,NaN,NaN,NaN,NaN,NaN,NaN,NaN,NaN,NaN,NaN,NaN,NaN,NaN,NaN,NaN,
9.169,-0.00027,-0.02366,0.12667,-0.34325,-0.16568,-0.32295,0.86627,NaN,NaN,NaN,NaN,NaN,NaN,NaN,NaN,NaN,NaN,NaN,NaN,NaN,NaN,NaN,NaN,NaN,NaN,NaN,NaN,NaN,
9.194,-0.00028,-0.02365,0.12667,-0.34324,-0.16569,-0.32296,0.86627,NaN,NaN,NaN,NaN,NaN,NaN,NaN,NaN,NaN,NaN,NaN,NaN,NaN,NaN,NaN,NaN,NaN,NaN,NaN,NaN,NaN,
9.219,-0.00028,-0.02365,0.12667,-0.34323,-0.16570,-0.32297,0.86627,NaN,NaN,NaN,NaN,NaN,NaN,NaN,NaN,NaN,NaN,NaN,NaN,NaN,NaN,NaN,NaN,NaN,NaN,NaN,NaN,NaN,
9.244,-0.00028,-0.02365,0.12667,-0.34323,-0.16570,-0.32297,0.86628,NaN,NaN,NaN,NaN,NaN,NaN,NaN,NaN,NaN,NaN,NaN,NaN,NaN,NaN,NaN,NaN,NaN,NaN,NaN,NaN,NaN,
9.269,-0.00028,-0.02365,0.12667,-0.34323,-0.16571,-0.32296,0.86628,NaN,NaN,NaN,NaN,NaN,NaN,NaN,NaN,NaN,NaN,NaN,NaN,NaN,NaN,NaN,NaN,NaN,NaN,NaN,NaN,NaN,
9.294,-0.00028,-0.02365,0.12667,-0.34323,-0.16571,-0.32295,0.86628,NaN,NaN,NaN,NaN,NaN,NaN,NaN,NaN,NaN,NaN,NaN,NaN,NaN,NaN,NaN,NaN,NaN,NaN,NaN,NaN,NaN,
9.319,-0.00028,-0.02365,0.12666,-0.34324,-0.16572,-0.32294,0.86628,NaN,NaN,NaN,NaN,NaN,NaN,NaN,NaN,NaN,NaN,NaN,NaN,NaN,NaN,NaN,NaN,NaN,NaN,NaN,NaN,NaN,
9.344,-0.00028,-0.02365,0.12666,-0.34324,-0.16571,-0.32294,0.86628,NaN,NaN,NaN,NaN,NaN,NaN,NaN,NaN,NaN,NaN,NaN,NaN,NaN,NaN,NaN,NaN,NaN,NaN,NaN,NaN,NaN,
9.369,-0.00028,-0.02365,0.12666,-0.34324,-0.16571,-0.32295,0.86628,NaN,NaN,NaN,NaN,NaN,NaN,NaN,NaN,NaN,NaN,NaN,NaN,NaN,NaN,NaN,NaN,NaN,NaN,NaN,NaN,NaN,
9.394,-0.00028,-0.02365,0.12667,-0.34324,-0.16570,-0.32295,0.86628,NaN,NaN,NaN,NaN,NaN,NaN,NaN,NaN,NaN,NaN,NaN,NaN,NaN,NaN,NaN,NaN,NaN,NaN,NaN,NaN,NaN,
9.419,-0.00028,-0.02365,0.12667,-0.34324,-0.16570,-0.32296,0.86627,NaN,NaN,NaN,NaN,NaN,NaN,NaN,NaN,NaN,NaN,NaN,NaN,NaN,NaN,NaN,NaN,NaN,NaN,NaN,NaN,NaN,
9.444,-0.00028,-0.02365,0.12667,-0.34323,-0.16569,-0.32296,0.86627,NaN,NaN,NaN,NaN,NaN,NaN,NaN,NaN,NaN,NaN,NaN,NaN,NaN,NaN,NaN,NaN,NaN,NaN,NaN,NaN,NaN,
9.469,-0.00028,-0.02365,0.12667,-0.34324,-0.16569,-0.32296,0.86627,NaN,NaN,NaN,NaN,NaN,NaN,NaN,NaN,NaN,NaN,NaN,NaN,NaN,NaN,NaN,NaN,NaN,NaN,NaN,NaN,NaN,
9.494,-0.00028,-0.02366,0.12667,-0.34324,-0.16568,-0.32296,0.86627,NaN,NaN,NaN,NaN,NaN,NaN,NaN,NaN,NaN,NaN,NaN,NaN,NaN,NaN,NaN,NaN,NaN,NaN,NaN,NaN,NaN,
9.519,-0.00028,-0.02366,0.12667,-0.34325,-0.16568,-0.32296,0.86627,NaN,NaN,NaN,NaN,NaN,NaN,NaN,NaN,NaN,NaN,NaN,NaN,NaN,NaN,NaN,NaN,NaN,NaN,NaN,NaN,NaN,
9.544,-0.00028,-0.02366,0.12667,-0.34324,-0.16568,-0.32297,0.86627,NaN,NaN,NaN,NaN,NaN,NaN,NaN,NaN,NaN,NaN,NaN,NaN,NaN,NaN,NaN,NaN,NaN,NaN,NaN,NaN,NaN,
9.569,-0.00028,-0.02366,0.12667,-0.34324,-0.16568,-0.32297,0.86627,NaN,NaN,NaN,NaN,NaN,NaN,NaN,NaN,NaN,NaN,NaN,NaN,NaN,NaN,NaN,NaN,NaN,NaN,NaN,NaN,NaN,
9.594,-0.00028,-0.02365,0.12667,-0.34323,-0.16569,-0.32297,0.86627,NaN,NaN,NaN,NaN,NaN,NaN,NaN,NaN,NaN,NaN,NaN,NaN,NaN,NaN,NaN,NaN,NaN,NaN,NaN,NaN,NaN,
9.619,-0.00028,-0.02365,0.12667,-0.34322,-0.16569,-0.32298,0.86627,NaN,NaN,NaN,NaN,NaN,NaN,NaN,NaN,NaN,NaN,NaN,NaN,NaN,NaN,NaN,NaN,NaN,NaN,NaN,NaN,NaN,
9.644,-0.00028,-0.02365,0.12667,-0.34322,-0.16569,-0.32298,0.86627,NaN,NaN,NaN,NaN,NaN,NaN,NaN,NaN,NaN,NaN,NaN,NaN,NaN,NaN,NaN,NaN,NaN,NaN,NaN,NaN,NaN,
9.669,-0.00028,-0.02365,0.12667,-0.34322,-0.16569,-0.32299,0.86627,NaN,NaN,NaN,NaN,NaN,NaN,NaN,NaN,NaN,NaN,NaN,NaN,NaN,NaN,NaN,NaN,NaN,NaN,NaN,NaN,NaN,
9.694,-0.00028,-0.02365,0.12667,-0.34321,-0.16570,-0.32298,0.86627,NaN,NaN,NaN,NaN,NaN,NaN,NaN,NaN,NaN,NaN,NaN,NaN,NaN,NaN,NaN,NaN,NaN,NaN,NaN,NaN,NaN,
9.719,-0.00028,-0.02365,0.12667,-0.34321,-0.16571,-0.32298,0.86628,NaN,NaN,NaN,NaN,NaN,NaN,NaN,NaN,NaN,NaN,NaN,NaN,NaN,NaN,NaN,NaN,NaN,NaN,NaN,NaN,NaN,
9.744,-0.00029,-0.02365,0.12667,-0.34319,-0.16571,-0.32300,0.86628,NaN,NaN,NaN,NaN,NaN,NaN,NaN,NaN,NaN,NaN,NaN,NaN,NaN,NaN,NaN,NaN,NaN,NaN,NaN,NaN,NaN,
9.769,-0.00029,-0.02365,0.12667,-0.34317,-0.16571,-0.32302,0.86628,NaN,NaN,NaN,NaN,NaN,NaN,NaN,NaN,NaN,NaN,NaN,NaN,NaN,NaN,NaN,NaN,NaN,NaN,NaN,NaN,NaN,
9.794,-0.00029,-0.02365,0.12668,-0.34316,-0.16570,-0.32303,0.86628,NaN,NaN,NaN,NaN,NaN,NaN,NaN,NaN,NaN,NaN,NaN,NaN,NaN,NaN,NaN,NaN,NaN,NaN,NaN,NaN,NaN,
9.819,-0.00028,-0.02365,0.12668,-0.34316,-0.16569,-0.32304,0.86627,NaN,NaN,NaN,NaN,NaN,NaN,NaN,NaN,NaN,NaN,NaN,NaN,NaN,NaN,NaN,NaN,NaN,NaN,NaN,NaN,NaN,
9.844,-0.00028,-0.02365,0.12668,-0.34317,-0.16569,-0.32304,0.86627,NaN,NaN,NaN,NaN,NaN,NaN,NaN,NaN,NaN,NaN,NaN,NaN,NaN,NaN,NaN,NaN,NaN,NaN,NaN,NaN,NaN,
9.869,-0.00028,-0.02366,0.12668,-0.34319,-0.16568,-0.32303,0.86627,NaN,NaN,NaN,NaN,NaN,NaN,NaN,NaN,NaN,NaN,NaN,NaN,NaN,NaN,NaN,NaN,NaN,NaN,NaN,NaN,NaN,
9.894,-0.00028,-0.02366,0.12668,-0.34320,-0.16567,-0.32302,0.86627,NaN,NaN,NaN,NaN,NaN,NaN,NaN,NaN,NaN,NaN,NaN,NaN,NaN,NaN,NaN,NaN,NaN,NaN,NaN,NaN,NaN,
9.919,-0.00028,-0.02366,0.12668,-0.34322,-0.16566,-0.32301,0.86627,NaN,NaN,NaN,NaN,NaN,NaN,NaN,NaN,NaN,NaN,NaN,NaN,NaN,NaN,NaN,NaN,NaN,NaN,NaN,NaN,NaN,
9.944,-0.00028,-0.02366,0.12668,-0.34322,-0.16565,-0.32302,0.86627,NaN,NaN,NaN,NaN,NaN,NaN,NaN,NaN,NaN,NaN,NaN,NaN,NaN,NaN,NaN,NaN,NaN,NaN,NaN,NaN,NaN,
9.969,-0.00028,-0.02366,0.12668,-0.34322,-0.16565,-0.32302,0.86627,NaN,NaN,NaN,NaN,NaN,NaN,NaN,NaN,NaN,NaN,NaN,NaN,NaN,NaN,NaN,NaN,NaN,NaN,NaN,NaN,NaN,
9.994,-0.00028,-0.02366,0.12668,-0.34322,-0.16565,-0.32302,0.86627,NaN,NaN,NaN,NaN,NaN,NaN,NaN,NaN,NaN,NaN,NaN,NaN,NaN,NaN,NaN,NaN,NaN,NaN,NaN,NaN,NaN,
10.019,-0.00028,-0.02366,0.12668,-0.34321,-0.16566,-0.32302,0.86627,NaN,NaN,NaN,NaN,NaN,NaN,NaN,NaN,NaN,NaN,NaN,NaN,NaN,NaN,NaN,NaN,NaN,NaN,NaN,NaN,NaN,
10.044,-0.00028,-0.02366,0.12668,-0.34321,-0.16567,-0.32301,0.86627,NaN,NaN,NaN,NaN,NaN,NaN,NaN,NaN,NaN,NaN,NaN,NaN,NaN,NaN,NaN,NaN,NaN,NaN,NaN,NaN,NaN,
10.069,-0.00028,-0.02366,0.12668,-0.34321,-0.16567,-0.32301,0.86627,NaN,NaN,NaN,NaN,NaN,NaN,NaN,NaN,NaN,NaN,NaN,NaN,NaN,NaN,NaN,NaN,NaN,NaN,NaN,NaN,NaN,
10.094,-0.00028,-0.02365,0.12668,-0.34321,-0.16568,-0.32301,0.86627,NaN,NaN,NaN,NaN,NaN,NaN,NaN,NaN,NaN,NaN,NaN,NaN,NaN,NaN,NaN,NaN,NaN,NaN,NaN,NaN,NaN,
10.119,-0.00028,-0.02365,0.12668,-0.34320,-0.16568,-0.32301,0.86627,NaN,NaN,NaN,NaN,NaN,NaN,NaN,NaN,NaN,NaN,NaN,NaN,NaN,NaN,NaN,NaN,NaN,NaN,NaN,NaN,NaN,
10.144,-0.00029,-0.02365,0.12668,-0.34318,-0.16569,-0.32302,0.86627,NaN,NaN,NaN,NaN,NaN,NaN,NaN,NaN,NaN,NaN,NaN,NaN,NaN,NaN,NaN,NaN,NaN,NaN,NaN,NaN,NaN,
10.169,-0.00029,-0.02365,0.12668,-0.34317,-0.16570,-0.32302,0.86627,NaN,NaN,NaN,NaN,NaN,NaN,NaN,NaN,NaN,NaN,NaN,NaN,NaN,NaN,NaN,NaN,NaN,NaN,NaN,NaN,NaN,
10.194,-0.00028,-0.02365,0.12668,-0.34319,-0.16570,-0.32301,0.86627,NaN,NaN,NaN,NaN,NaN,NaN,NaN,NaN,NaN,NaN,NaN,NaN,NaN,NaN,NaN,NaN,NaN,NaN,NaN,NaN,NaN,
10.219,-0.00028,-0.02366,0.12667,-0.34321,-0.16568,-0.32300,0.86627,NaN,NaN,NaN,NaN,NaN,NaN,NaN,NaN,NaN,NaN,NaN,NaN,NaN,NaN,NaN,NaN,NaN,NaN,NaN,NaN,NaN,
10.244,-0.00028,-0.02366,0.12667,-0.34322,-0.16568,-0.32299,0.86627,NaN,NaN,NaN,NaN,NaN,NaN,NaN,NaN,NaN,NaN,NaN,NaN,NaN,NaN,NaN,NaN,NaN,NaN,NaN,NaN,NaN,
10.269,-0.00028,-0.02366,0.12667,-0.34322,-0.16567,-0.32299,0.86627,NaN,NaN,NaN,NaN,NaN,NaN,NaN,NaN,NaN,NaN,NaN,NaN,NaN,NaN,NaN,NaN,NaN,NaN,NaN,NaN,NaN,
10.294,-0.00028,-0.02366,0.12667,-0.34321,-0.16568,-0.32300,0.86627,NaN,NaN,NaN,NaN,NaN,NaN,NaN,NaN,NaN,NaN,NaN,NaN,NaN,NaN,NaN,NaN,NaN,NaN,NaN,NaN,NaN,
10.319,-0.00029,-0.02365,0.12667,-0.34319,-0.16570,-0.32300,0.86627,NaN,NaN,NaN,NaN,NaN,NaN,NaN,NaN,NaN,NaN,NaN,NaN,NaN,NaN,NaN,NaN,NaN,NaN,NaN,NaN,NaN,
10.344,-0.00028,-0.02365,0.12667,-0.34318,-0.16570,-0.32301,0.86628,NaN,NaN,NaN,NaN,NaN,NaN,NaN,NaN,NaN,NaN,NaN,NaN,NaN,NaN,NaN,NaN,NaN,NaN,NaN,NaN,NaN,
10.369,-0.00028,-0.02365,0.12667,-0.34320,-0.16570,-0.32299,0.86628,NaN,NaN,NaN,NaN,NaN,NaN,NaN,NaN,NaN,NaN,NaN,NaN,NaN,NaN,NaN,NaN,NaN,NaN,NaN,NaN,NaN,
10.394,-0.00028,-0.02365,0.12667,-0.34322,-0.16570,-0.32297,0.86627,NaN,NaN,NaN,NaN,NaN,NaN,NaN,NaN,NaN,NaN,NaN,NaN,NaN,NaN,NaN,NaN,NaN,NaN,NaN,NaN,NaN,
10.419,-0.00028,-0.02365,0.12666,-0.34324,-0.16570,-0.32295,0.86628,NaN,NaN,NaN,NaN,NaN,NaN,NaN,NaN,NaN,NaN,NaN,NaN,NaN,NaN,NaN,NaN,NaN,NaN,NaN,NaN,NaN,
10.444,-0.00028,-0.02365,0.12667,-0.34323,-0.16570,-0.32296,0.86628,NaN,NaN,NaN,NaN,NaN,NaN,NaN,NaN,NaN,NaN,NaN,NaN,NaN,NaN,NaN,NaN,NaN,NaN,NaN,NaN,NaN,
10.469,-0.00029,-0.02365,0.12667,-0.34321,-0.16572,-0.32297,0.86628,NaN,NaN,NaN,NaN,NaN,NaN,NaN,NaN,NaN,NaN,NaN,NaN,NaN,NaN,NaN,NaN,NaN,NaN,NaN,NaN,NaN,
10.494,-0.00029,-0.02364,0.12667,-0.34319,-0.16573,-0.32298,0.86628,NaN,NaN,NaN,NaN,NaN,NaN,NaN,NaN,NaN,NaN,NaN,NaN,NaN,NaN,NaN,NaN,NaN,NaN,NaN,NaN,NaN,
10.519,-0.00029,-0.02364,0.12666,-0.34320,-0.16574,-0.32296,0.86628,NaN,NaN,NaN,NaN,NaN,NaN,NaN,NaN,NaN,NaN,NaN,NaN,NaN,NaN,NaN,NaN,NaN,NaN,NaN,NaN,NaN,
10.544,-0.00028,-0.02365,0.12666,-0.34322,-0.16573,-0.32295,0.86628,NaN,NaN,NaN,NaN,NaN,NaN,NaN,NaN,NaN,NaN,NaN,NaN,NaN,NaN,NaN,NaN,NaN,NaN,NaN,NaN,NaN,
10.569,-0.00028,-0.02365,0.12666,-0.34324,-0.16572,-0.32293,0.86628,NaN,NaN,NaN,NaN,NaN,NaN,NaN,NaN,NaN,NaN,NaN,NaN,NaN,NaN,NaN,NaN,NaN,NaN,NaN,NaN,NaN,
10.594,-0.00028,-0.02365,0.12666,-0.34325,-0.16570,-0.32294,0.86628,NaN,NaN,NaN,NaN,NaN,NaN,NaN,NaN,NaN,NaN,NaN,NaN,NaN,NaN,NaN,NaN,NaN,NaN,NaN,NaN,NaN,
10.619,-0.00028,-0.02365,0.12666,-0.34323,-0.16571,-0.32296,0.86628,NaN,NaN,NaN,NaN,NaN,NaN,NaN,NaN,NaN,NaN,NaN,NaN,NaN,NaN,NaN,NaN,NaN,NaN,NaN,NaN,NaN,
10.644,-0.00029,-0.02365,0.12667,-0.34320,-0.16571,-0.32298,0.86628,NaN,NaN,NaN,NaN,NaN,NaN,NaN,NaN,NaN,NaN,NaN,NaN,NaN,NaN,NaN,NaN,NaN,NaN,NaN,NaN,NaN,
10.669,-0.00029,-0.02365,0.12667,-0.34318,-0.16571,-0.32301,0.86628,NaN,NaN,NaN,NaN,NaN,NaN,NaN,NaN,NaN,NaN,NaN,NaN,NaN,NaN,NaN,NaN,NaN,NaN,NaN,NaN,NaN,
10.694,-0.00029,-0.02365,0.12667,-0.34319,-0.16571,-0.32300,0.86628,NaN,NaN,NaN,NaN,NaN,NaN,NaN,NaN,NaN,NaN,NaN,NaN,NaN,NaN,NaN,NaN,NaN,NaN,NaN,NaN,NaN,
10.719,-0.00028,-0.02365,0.12667,-0.34321,-0.16570,-0.32299,0.86627,NaN,NaN,NaN,NaN,NaN,NaN,NaN,NaN,NaN,NaN,NaN,NaN,NaN,NaN,NaN,NaN,NaN,NaN,NaN,NaN,NaN,
10.744,-0.00028,-0.02366,0.12667,-0.34322,-0.16569,-0.32298,0.86627,NaN,NaN,NaN,NaN,NaN,NaN,NaN,NaN,NaN,NaN,NaN,NaN,NaN,NaN,NaN,NaN,NaN,NaN,NaN,NaN,NaN,
10.769,-0.00028,-0.02366,0.12667,-0.34323,-0.16567,-0.32299,0.86627,NaN,NaN,NaN,NaN,NaN,NaN,NaN,NaN,NaN,NaN,NaN,NaN,NaN,NaN,NaN,NaN,NaN,NaN,NaN,NaN,NaN,
10.794,-0.00028,-0.02366,0.12667,-0.34323,-0.16567,-0.32299,0.86627,NaN,NaN,NaN,NaN,NaN,NaN,NaN,NaN,NaN,NaN,NaN,NaN,NaN,NaN,NaN,NaN,NaN,NaN,NaN,NaN,NaN,
10.819,-0.00028,-0.02366,0.12667,-0.34322,-0.16567,-0.32300,0.86627,NaN,NaN,NaN,NaN,NaN,NaN,NaN,NaN,NaN,NaN,NaN,NaN,NaN,NaN,NaN,NaN,NaN,NaN,NaN,NaN,NaN,
10.844,-0.00028,-0.02366,0.12668,-0.34322,-0.16567,-0.32300,0.86627,NaN,NaN,NaN,NaN,NaN,NaN,NaN,NaN,NaN,NaN,NaN,NaN,NaN,NaN,NaN,NaN,NaN,NaN,NaN,NaN,NaN,
10.869,-0.00028,-0.02366,0.12667,-0.34323,-0.16567,-0.32299,0.86627,NaN,NaN,NaN,NaN,NaN,NaN,NaN,NaN,NaN,NaN,NaN,NaN,NaN,NaN,NaN,NaN,NaN,NaN,NaN,NaN,NaN,
10.894,-0.00028,-0.02365,0.12667,-0.34323,-0.16567,-0.32299,0.86627,NaN,NaN,NaN,NaN,NaN,NaN,NaN,NaN,NaN,NaN,NaN,NaN,NaN,NaN,NaN,NaN,NaN,NaN,NaN,NaN,NaN,
10.919,-0.00028,-0.02365,0.12667,-0.34323,-0.16568,-0.32298,0.86627,NaN,NaN,NaN,NaN,NaN,NaN,NaN,NaN,NaN,NaN,NaN,NaN,NaN,NaN,NaN,NaN,NaN,NaN,NaN,NaN,NaN,
10.944,-0.00028,-0.02365,0.12667,-0.34322,-0.16567,-0.32300,0.86627,NaN,NaN,NaN,NaN,NaN,NaN,NaN,NaN,NaN,NaN,NaN,NaN,NaN,NaN,NaN,NaN,NaN,NaN,NaN,NaN,NaN,
10.969,-0.00028,-0.02366,0.12668,-0.34322,-0.16566,-0.32301,0.86627,NaN,NaN,NaN,NaN,NaN,NaN,NaN,NaN,NaN,NaN,NaN,NaN,NaN,NaN,NaN,NaN,NaN,NaN,NaN,NaN,NaN,
10.994,-0.00028,-0.02366,0.12668,-0.34322,-0.16566,-0.32300,0.86627,NaN,NaN,NaN,NaN,NaN,NaN,NaN,NaN,NaN,NaN,NaN,NaN,NaN,NaN,NaN,NaN,NaN,NaN,NaN,NaN,NaN,
11.019,-0.00028,-0.02366,0.12668,-0.34322,-0.16566,-0.32301,0.86627,NaN,NaN,NaN,NaN,NaN,NaN,NaN,NaN,NaN,NaN,NaN,NaN,NaN,NaN,NaN,NaN,NaN,NaN,NaN,NaN,NaN,
11.044,-0.00028,-0.02365,0.12668,-0.34319,-0.16567,-0.32303,0.86627,NaN,NaN,NaN,NaN,NaN,NaN,NaN,NaN,NaN,NaN,NaN,NaN,NaN,NaN,NaN,NaN,NaN,NaN,NaN,NaN,NaN,
11.069,-0.00028,-0.02365,0.12668,-0.34317,-0.16567,-0.32305,0.86627,NaN,NaN,NaN,NaN,NaN,NaN,NaN,NaN,NaN,NaN,NaN,NaN,NaN,NaN,NaN,NaN,NaN,NaN,NaN,NaN,NaN,
11.094,-0.00028,-0.02365,0.12668,-0.34316,-0.16567,-0.32306,0.86627,NaN,NaN,NaN,NaN,NaN,NaN,NaN,NaN,NaN,NaN,NaN,NaN,NaN,NaN,NaN,NaN,NaN,NaN,NaN,NaN,NaN,
11.119,-0.00028,-0.02365,0.12669,-0.34317,-0.16566,-0.32306,0.86627,NaN,NaN,NaN,NaN,NaN,NaN,NaN,NaN,NaN,NaN,NaN,NaN,NaN,NaN,NaN,NaN,NaN,NaN,NaN,NaN,NaN,
11.144,-0.00028,-0.02366,0.12668,-0.34319,-0.16566,-0.32304,0.86627,NaN,NaN,NaN,NaN,NaN,NaN,NaN,NaN,NaN,NaN,NaN,NaN,NaN,NaN,NaN,NaN,NaN,NaN,NaN,NaN,NaN,
11.169,-0.00028,-0.02366,0.12668,-0.34321,-0.16565,-0.32303,0.86627,NaN,NaN,NaN,NaN,NaN,NaN,NaN,NaN,NaN,NaN,NaN,NaN,NaN,NaN,NaN,NaN,NaN,NaN,NaN,NaN,NaN,
11.194,-0.00027,-0.02366,0.12668,-0.34323,-0.16565,-0.32300,0.86627,NaN,NaN,NaN,NaN,NaN,NaN,NaN,NaN,NaN,NaN,NaN,NaN,NaN,NaN,NaN,NaN,NaN,NaN,NaN,NaN,NaN,
11.219,-0.00027,-0.02366,0.12668,-0.34324,-0.16565,-0.32300,0.86627,NaN,NaN,NaN,NaN,NaN,NaN,NaN,NaN,NaN,NaN,NaN,NaN,NaN,NaN,NaN,NaN,NaN,NaN,NaN,NaN,NaN,
11.244,-0.00028,-0.02366,0.12668,-0.34321,-0.16566,-0.32302,0.86627,NaN,NaN,NaN,NaN,NaN,NaN,NaN,NaN,NaN,NaN,NaN,NaN,NaN,NaN,NaN,NaN,NaN,NaN,NaN,NaN,NaN,
11.269,-0.00028,-0.02365,0.12668,-0.34320,-0.16568,-0.32302,0.86627,NaN,NaN,NaN,NaN,NaN,NaN,NaN,NaN,NaN,NaN,NaN,NaN,NaN,NaN,NaN,NaN,NaN,NaN,NaN,NaN,NaN,
11.294,-0.00028,-0.02365,0.12668,-0.34320,-0.16568,-0.32301,0.86627,NaN,NaN,NaN,NaN,NaN,NaN,NaN,NaN,NaN,NaN,NaN,NaN,NaN,NaN,NaN,NaN,NaN,NaN,NaN,NaN,NaN,
11.319,-0.00028,-0.02365,0.12668,-0.34321,-0.16568,-0.32300,0.86627,NaN,NaN,NaN,NaN,NaN,NaN,NaN,NaN,NaN,NaN,NaN,NaN,NaN,NaN,NaN,NaN,NaN,NaN,NaN,NaN,NaN,
11.344,-0.00028,-0.02366,0.12667,-0.34322,-0.16567,-0.32299,0.86627,NaN,NaN,NaN,NaN,NaN,NaN,NaN,NaN,NaN,NaN,NaN,NaN,NaN,NaN,NaN,NaN,NaN,NaN,NaN,NaN,NaN,
11.369,-0.00027,-0.02366,0.12667,-0.34323,-0.16567,-0.32299,0.86627,NaN,NaN,NaN,NaN,NaN,NaN,NaN,NaN,NaN,NaN,NaN,NaN,NaN,NaN,NaN,NaN,NaN,NaN,NaN,NaN,NaN,
11.394,-0.00027,-0.02366,0.12668,-0.34323,-0.16566,-0.32299,0.86627,NaN,NaN,NaN,NaN,NaN,NaN,NaN,NaN,NaN,NaN,NaN,NaN,NaN,NaN,NaN,NaN,NaN,NaN,NaN,NaN,NaN,
11.419,-0.00027,-0.02366,0.12668,-0.34323,-0.16567,-0.32299,0.86627,NaN,NaN,NaN,NaN,NaN,NaN,NaN,NaN,NaN,NaN,NaN,NaN,NaN,NaN,NaN,NaN,NaN,NaN,NaN,NaN,NaN,
11.444,-0.00028,-0.02366,0.12668,-0.34322,-0.16566,-0.32300,0.86627,NaN,NaN,NaN,NaN,NaN,NaN,NaN,NaN,NaN,NaN,NaN,NaN,NaN,NaN,NaN,NaN,NaN,NaN,NaN,NaN,NaN,
11.469,-0.00028,-0.02365,0.12668,-0.34321,-0.16568,-0.32300,0.86627,NaN,NaN,NaN,NaN,NaN,NaN,NaN,NaN,NaN,NaN,NaN,NaN,NaN,NaN,NaN,NaN,NaN,NaN,NaN,NaN,NaN,
11.494,-0.00028,-0.02365,0.12668,-0.34321,-0.16568,-0.32300,0.86627,NaN,NaN,NaN,NaN,NaN,NaN,NaN,NaN,NaN,NaN,NaN,NaN,NaN,NaN,NaN,NaN,NaN,NaN,NaN,NaN,NaN,
11.519,-0.00028,-0.02365,0.12667,-0.34322,-0.16568,-0.32299,0.86627,NaN,NaN,NaN,NaN,NaN,NaN,NaN,NaN,NaN,NaN,NaN,NaN,NaN,NaN,NaN,NaN,NaN,NaN,NaN,NaN,NaN,
11.544,-0.00028,-0.02365,0.12667,-0.34322,-0.16568,-0.32299,0.86627,NaN,NaN,NaN,NaN,NaN,NaN,NaN,NaN,NaN,NaN,NaN,NaN,NaN,NaN,NaN,NaN,NaN,NaN,NaN,NaN,NaN,
11.569,-0.00028,-0.02365,0.12667,-0.34322,-0.16569,-0.32298,0.86627,NaN,NaN,NaN,NaN,NaN,NaN,NaN,NaN,NaN,NaN,NaN,NaN,NaN,NaN,NaN,NaN,NaN,NaN,NaN,NaN,NaN,
11.594,-0.00028,-0.02365,0.12667,-0.34321,-0.16570,-0.32298,0.86627,NaN,NaN,NaN,NaN,NaN,NaN,NaN,NaN,NaN,NaN,NaN,NaN,NaN,NaN,NaN,NaN,NaN,NaN,NaN,NaN,NaN,
11.619,-0.00028,-0.02365,0.12667,-0.34321,-0.16571,-0.32298,0.86628,NaN,NaN,NaN,NaN,NaN,NaN,NaN,NaN,NaN,NaN,NaN,NaN,NaN,NaN,NaN,NaN,NaN,NaN,NaN,NaN,NaN,
11.644,-0.00028,-0.02365,0.12667,-0.34321,-0.16571,-0.32297,0.86628,NaN,NaN,NaN,NaN,NaN,NaN,NaN,NaN,NaN,NaN,NaN,NaN,NaN,NaN,NaN,NaN,NaN,NaN,NaN,NaN,NaN,
11.669,-0.00028,-0.02364,0.12667,-0.34320,-0.16572,-0.32298,0.86628,NaN,NaN,NaN,NaN,NaN,NaN,NaN,NaN,NaN,NaN,NaN,NaN,NaN,NaN,NaN,NaN,NaN,NaN,NaN,NaN,NaN,
11.694,-0.00028,-0.02365,0.12667,-0.34322,-0.16571,-0.32297,0.86628,NaN,NaN,NaN,NaN,NaN,NaN,NaN,NaN,NaN,NaN,NaN,NaN,NaN,NaN,NaN,NaN,NaN,NaN,NaN,NaN,NaN,
11.719,-0.00028,-0.02365,0.12667,-0.34324,-0.16570,-0.32295,0.86627,NaN,NaN,NaN,NaN,NaN,NaN,NaN,NaN,NaN,NaN,NaN,NaN,NaN,NaN,NaN,NaN,NaN,NaN,NaN,NaN,NaN,
11.744,-0.00028,-0.02365,0.12667,-0.34324,-0.16570,-0.32295,0.86627,NaN,NaN,NaN,NaN,NaN,NaN,NaN,NaN,NaN,NaN,NaN,NaN,NaN,NaN,NaN,NaN,NaN,NaN,NaN,NaN,NaN,
11.769,-0.00027,-0.02365,0.12667,-0.34325,-0.16569,-0.32295,0.86627,NaN,NaN,NaN,NaN,NaN,NaN,NaN,NaN,NaN,NaN,NaN,NaN,NaN,NaN,NaN,NaN,NaN,NaN,NaN,NaN,NaN,
11.794,-0.00028,-0.02366,0.12667,-0.34325,-0.16567,-0.32296,0.86627,NaN,NaN,NaN,NaN,NaN,NaN,NaN,NaN,NaN,NaN,NaN,NaN,NaN,NaN,NaN,NaN,NaN,NaN,NaN,NaN,NaN,
11.819,-0.00028,-0.02366,0.12667,-0.34325,-0.16567,-0.32296,0.86627,NaN,NaN,NaN,NaN,NaN,NaN,NaN,NaN,NaN,NaN,NaN,NaN,NaN,NaN,NaN,NaN,NaN,NaN,NaN,NaN,NaN,
11.844,-0.00028,-0.02366,0.12667,-0.34323,-0.16568,-0.32298,0.86627,NaN,NaN,NaN,NaN,NaN,NaN,NaN,NaN,NaN,NaN,NaN,NaN,NaN,NaN,NaN,NaN,NaN,NaN,NaN,NaN,NaN,
11.869,-0.00029,-0.02365,0.12667,-0.34321,-0.16569,-0.32299,0.86627,NaN,NaN,NaN,NaN,NaN,NaN,NaN,NaN,NaN,NaN,NaN,NaN,NaN,NaN,NaN,NaN,NaN,NaN,NaN,NaN,NaN,
11.894,-0.00029,-0.02365,0.12667,-0.34321,-0.16569,-0.32299,0.86627,NaN,NaN,NaN,NaN,NaN,NaN,NaN,NaN,NaN,NaN,NaN,NaN,NaN,NaN,NaN,NaN,NaN,NaN,NaN,NaN,NaN,
11.919,-0.00029,-0.02365,0.12668,-0.34317,-0.16571,-0.32302,0.86628,NaN,NaN,NaN,NaN,NaN,NaN,NaN,NaN,NaN,NaN,NaN,NaN,NaN,NaN,NaN,NaN,NaN,NaN,NaN,NaN,NaN,
11.944,-0.00029,-0.02364,0.12668,-0.34316,-0.16571,-0.32303,0.86628,NaN,NaN,NaN,NaN,NaN,NaN,NaN,NaN,NaN,NaN,NaN,NaN,NaN,NaN,NaN,NaN,NaN,NaN,NaN,NaN,NaN,
11.969,-0.00029,-0.02365,0.12668,-0.34316,-0.16571,-0.32302,0.86628,NaN,NaN,NaN,NaN,NaN,NaN,NaN,NaN,NaN,NaN,NaN,NaN,NaN,NaN,NaN,NaN,NaN,NaN,NaN,NaN,NaN,
11.994,-0.00029,-0.02365,0.12667,-0.34317,-0.16571,-0.32302,0.86628,NaN,NaN,NaN,NaN,NaN,NaN,NaN,NaN,NaN,NaN,NaN,NaN,NaN,NaN,NaN,NaN,NaN,NaN,NaN,NaN,NaN,
12.019,-0.00029,-0.02365,0.12667,-0.34317,-0.16571,-0.32302,0.86628,NaN,NaN,NaN,NaN,NaN,NaN,NaN,NaN,NaN,NaN,NaN,NaN,NaN,NaN,NaN,NaN,NaN,NaN,NaN,NaN,NaN,
12.044,-0.00029,-0.02365,0.12667,-0.34318,-0.16571,-0.32301,0.86628,NaN,NaN,NaN,NaN,NaN,NaN,NaN,NaN,NaN,NaN,NaN,NaN,NaN,NaN,NaN,NaN,NaN,NaN,NaN,NaN,NaN,
12.069,-0.00029,-0.02365,0.12667,-0.34318,-0.16571,-0.32301,0.86628,NaN,NaN,NaN,NaN,NaN,NaN,NaN,NaN,NaN,NaN,NaN,NaN,NaN,NaN,NaN,NaN,NaN,NaN,NaN,NaN,NaN,
12.094,-0.00029,-0.02365,0.12667,-0.34318,-0.16571,-0.32301,0.86628,NaN,NaN,NaN,NaN,NaN,NaN,NaN,NaN,NaN,NaN,NaN,NaN,NaN,NaN,NaN,NaN,NaN,NaN,NaN,NaN,NaN,
12.119,-0.00029,-0.02364,0.12667,-0.34318,-0.16571,-0.32301,0.86628,NaN,NaN,NaN,NaN,NaN,NaN,NaN,NaN,NaN,NaN,NaN,NaN,NaN,NaN,NaN,NaN,NaN,NaN,NaN,NaN,NaN,
12.144,-0.00028,-0.02365,0.12667,-0.34321,-0.16570,-0.32299,0.86627,NaN,NaN,NaN,NaN,NaN,NaN,NaN,NaN,NaN,NaN,NaN,NaN,NaN,NaN,NaN,NaN,NaN,NaN,NaN,NaN,NaN,
12.169,-0.00028,-0.02366,0.12667,-0.34322,-0.16568,-0.32299,0.86627,NaN,NaN,NaN,NaN,NaN,NaN,NaN,NaN,NaN,NaN,NaN,NaN,NaN,NaN,NaN,NaN,NaN,NaN,NaN,NaN,NaN,
12.194,-0.00028,-0.02366,0.12667,-0.34324,-0.16568,-0.32298,0.86627,NaN,NaN,NaN,NaN,NaN,NaN,NaN,NaN,NaN,NaN,NaN,NaN,NaN,NaN,NaN,NaN,NaN,NaN,NaN,NaN,NaN,
12.219,-0.00028,-0.02366,0.12667,-0.34324,-0.16568,-0.32298,0.86627,NaN,NaN,NaN,NaN,NaN,NaN,NaN,NaN,NaN,NaN,NaN,NaN,NaN,NaN,NaN,NaN,NaN,NaN,NaN,NaN,NaN,
12.244,-0.00028,-0.02365,0.12668,-0.34321,-0.16568,-0.32301,0.86627,NaN,NaN,NaN,NaN,NaN,NaN,NaN,NaN,NaN,NaN,NaN,NaN,NaN,NaN,NaN,NaN,NaN,NaN,NaN,NaN,NaN,
12.269,-0.00028,-0.02365,0.12668,-0.34319,-0.16568,-0.32303,0.86627,NaN,NaN,NaN,NaN,NaN,NaN,NaN,NaN,NaN,NaN,NaN,NaN,NaN,NaN,NaN,NaN,NaN,NaN,NaN,NaN,NaN,
12.294,-0.00028,-0.02365,0.12668,-0.34320,-0.16568,-0.32302,0.86627,NaN,NaN,NaN,NaN,NaN,NaN,NaN,NaN,NaN,NaN,NaN,NaN,NaN,NaN,NaN,NaN,NaN,NaN,NaN,NaN,NaN,
12.319,-0.00028,-0.02366,0.12668,-0.34321,-0.16567,-0.32301,0.86627,NaN,NaN,NaN,NaN,NaN,NaN,NaN,NaN,NaN,NaN,NaN,NaN,NaN,NaN,NaN,NaN,NaN,NaN,NaN,NaN,NaN,
12.344,-0.00027,-0.02366,0.12668,-0.34323,-0.16565,-0.32300,0.86627,NaN,NaN,NaN,NaN,NaN,NaN,NaN,NaN,NaN,NaN,NaN,NaN,NaN,NaN,NaN,NaN,NaN,NaN,NaN,NaN,NaN,
12.369,-0.00027,-0.02366,0.12668,-0.34325,-0.16564,-0.32299,0.86627,NaN,NaN,NaN,NaN,NaN,NaN,NaN,NaN,NaN,NaN,NaN,NaN,NaN,NaN,NaN,NaN,NaN,NaN,NaN,NaN,NaN,
12.394,-0.00027,-0.02366,0.12668,-0.34325,-0.16564,-0.32299,0.86627,NaN,NaN,NaN,NaN,NaN,NaN,NaN,NaN,NaN,NaN,NaN,NaN,NaN,NaN,NaN,NaN,NaN,NaN,NaN,NaN,NaN,
12.419,-0.00027,-0.02366,0.12668,-0.34323,-0.16566,-0.32300,0.86627,NaN,NaN,NaN,NaN,NaN,NaN,NaN,NaN,NaN,NaN,NaN,NaN,NaN,NaN,NaN,NaN,NaN,NaN,NaN,NaN,NaN,
12.444,-0.00027,-0.02366,0.12668,-0.34323,-0.16566,-0.32300,0.86627,NaN,NaN,NaN,NaN,NaN,NaN,NaN,NaN,NaN,NaN,NaN,NaN,NaN,NaN,NaN,NaN,NaN,NaN,NaN,NaN,NaN,
12.469,-0.00028,-0.02365,0.12668,-0.34320,-0.16568,-0.32302,0.86627,NaN,NaN,NaN,NaN,NaN,NaN,NaN,NaN,NaN,NaN,NaN,NaN,NaN,NaN,NaN,NaN,NaN,NaN,NaN,NaN,NaN,
12.494,-0.00028,-0.02365,0.12668,-0.34320,-0.16568,-0.32302,0.86627,NaN,NaN,NaN,NaN,NaN,NaN,NaN,NaN,NaN,NaN,NaN,NaN,NaN,NaN,NaN,NaN,NaN,NaN,NaN,NaN,NaN,
12.519,-0.00027,-0.02365,0.12667,-0.34320,-0.16568,-0.32301,0.86627,NaN,NaN,NaN,NaN,NaN,NaN,NaN,NaN,NaN,NaN,NaN,NaN,NaN,NaN,NaN,NaN,NaN,NaN,NaN,NaN,NaN,
12.544,-0.00027,-0.02365,0.12667,-0.34321,-0.16568,-0.32300,0.86627,NaN,NaN,NaN,NaN,NaN,NaN,NaN,NaN,NaN,NaN,NaN,NaN,NaN,NaN,NaN,NaN,NaN,NaN,NaN,NaN,NaN,
12.569,-0.00027,-0.02365,0.12667,-0.34321,-0.16568,-0.32300,0.86627,NaN,NaN,NaN,NaN,NaN,NaN,NaN,NaN,NaN,NaN,NaN,NaN,NaN,NaN,NaN,NaN,NaN,NaN,NaN,NaN,NaN,
12.594,-0.00027,-0.02366,0.12667,-0.34322,-0.16568,-0.32299,0.86627,NaN,NaN,NaN,NaN,NaN,NaN,NaN,NaN,NaN,NaN,NaN,NaN,NaN,NaN,NaN,NaN,NaN,NaN,NaN,NaN,NaN,
12.619,-0.00027,-0.02365,0.12667,-0.34322,-0.16569,-0.32298,0.86627,NaN,NaN,NaN,NaN,NaN,NaN,NaN,NaN,NaN,NaN,NaN,NaN,NaN,NaN,NaN,NaN,NaN,NaN,NaN,NaN,NaN,
12.644,-0.00027,-0.02365,0.12667,-0.34322,-0.16569,-0.32298,0.86627,NaN,NaN,NaN,NaN,NaN,NaN,NaN,NaN,NaN,NaN,NaN,NaN,NaN,NaN,NaN,NaN,NaN,NaN,NaN,NaN,NaN,
12.669,-0.00027,-0.02366,0.12667,-0.34324,-0.16569,-0.32296,0.86627,NaN,NaN,NaN,NaN,NaN,NaN,NaN,NaN,NaN,NaN,NaN,NaN,NaN,NaN,NaN,NaN,NaN,NaN,NaN,NaN,NaN,
12.694,-0.00027,-0.02366,0.12666,-0.34325,-0.16569,-0.32295,0.86627,NaN,NaN,NaN,NaN,NaN,NaN,NaN,NaN,NaN,NaN,NaN,NaN,NaN,NaN,NaN,NaN,NaN,NaN,NaN,NaN,NaN,
12.719,-0.00027,-0.02366,0.12666,-0.34325,-0.16569,-0.32295,0.86627,NaN,NaN,NaN,NaN,NaN,NaN,NaN,NaN,NaN,NaN,NaN,NaN,NaN,NaN,NaN,NaN,NaN,NaN,NaN,NaN,NaN,
12.744,-0.00028,-0.02365,0.12666,-0.34325,-0.16571,-0.32293,0.86628,NaN,NaN,NaN,NaN,NaN,NaN,NaN,NaN,NaN,NaN,NaN,NaN,NaN,NaN,NaN,NaN,NaN,NaN,NaN,NaN,NaN,
12.769,-0.00028,-0.02365,0.12666,-0.34325,-0.16572,-0.32293,0.86628,NaN,NaN,NaN,NaN,NaN,NaN,NaN,NaN,NaN,NaN,NaN,NaN,NaN,NaN,NaN,NaN,NaN,NaN,NaN,NaN,NaN,
12.794,-0.00028,-0.02365,0.12666,-0.34323,-0.16573,-0.32294,0.86628,NaN,NaN,NaN,NaN,NaN,NaN,NaN,NaN,NaN,NaN,NaN,NaN,NaN,NaN,NaN,NaN,NaN,NaN,NaN,NaN,NaN,
12.819,-0.00028,-0.02365,0.12666,-0.34322,-0.16573,-0.32295,0.86628,NaN,NaN,NaN,NaN,NaN,NaN,NaN,NaN,NaN,NaN,NaN,NaN,NaN,NaN,NaN,NaN,NaN,NaN,NaN,NaN,NaN,
12.844,-0.00029,-0.02365,0.12666,-0.34322,-0.16573,-0.32295,0.86628,NaN,NaN,NaN,NaN,NaN,NaN,NaN,NaN,NaN,NaN,NaN,NaN,NaN,NaN,NaN,NaN,NaN,NaN,NaN,NaN,NaN,
12.869,-0.00029,-0.02365,0.12666,-0.34321,-0.16572,-0.32296,0.86628,NaN,NaN,NaN,NaN,NaN,NaN,NaN,NaN,NaN,NaN,NaN,NaN,NaN,NaN,NaN,NaN,NaN,NaN,NaN,NaN,NaN,
12.894,-0.00029,-0.02365,0.12666,-0.34321,-0.16572,-0.32296,0.86628,NaN,NaN,NaN,NaN,NaN,NaN,NaN,NaN,NaN,NaN,NaN,NaN,NaN,NaN,NaN,NaN,NaN,NaN,NaN,NaN,NaN,
12.919,-0.00028,-0.02365,0.12666,-0.34322,-0.16571,-0.32296,0.86628,NaN,NaN,NaN,NaN,NaN,NaN,NaN,NaN,NaN,NaN,NaN,NaN,NaN,NaN,NaN,NaN,NaN,NaN,NaN,NaN,NaN,
12.944,-0.00028,-0.02365,0.12666,-0.34322,-0.16571,-0.32296,0.86628,NaN,NaN,NaN,NaN,NaN,NaN,NaN,NaN,NaN,NaN,NaN,NaN,NaN,NaN,NaN,NaN,NaN,NaN,NaN,NaN,NaN,
12.969,-0.00028,-0.02365,0.12667,-0.34324,-0.16570,-0.32296,0.86627,NaN,NaN,NaN,NaN,NaN,NaN,NaN,NaN,NaN,NaN,NaN,NaN,NaN,NaN,NaN,NaN,NaN,NaN,NaN,NaN,NaN,
12.994,-0.00028,-0.02365,0.12667,-0.34323,-0.16569,-0.32298,0.86627,NaN,NaN,NaN,NaN,NaN,NaN,NaN,NaN,NaN,NaN,NaN,NaN,NaN,NaN,NaN,NaN,NaN,NaN,NaN,NaN,NaN,
13.019,-0.00028,-0.02366,0.12667,-0.34322,-0.16568,-0.32299,0.86627,NaN,NaN,NaN,NaN,NaN,NaN,NaN,NaN,NaN,NaN,NaN,NaN,NaN,NaN,NaN,NaN,NaN,NaN,NaN,NaN,NaN,
13.044,-0.00029,-0.02365,0.12667,-0.34321,-0.16568,-0.32299,0.86627,NaN,NaN,NaN,NaN,NaN,NaN,NaN,NaN,NaN,NaN,NaN,NaN,NaN,NaN,NaN,NaN,NaN,NaN,NaN,NaN,NaN,
13.069,-0.00029,-0.02365,0.12667,-0.34322,-0.16568,-0.32299,0.86627,NaN,NaN,NaN,NaN,NaN,NaN,NaN,NaN,NaN,NaN,NaN,NaN,NaN,NaN,NaN,NaN,NaN,NaN,NaN,NaN,NaN,
13.094,-0.00029,-0.02365,0.12667,-0.34321,-0.16569,-0.32299,0.86627,NaN,NaN,NaN,NaN,NaN,NaN,NaN,NaN,NaN,NaN,NaN,NaN,NaN,NaN,NaN,NaN,NaN,NaN,NaN,NaN,NaN,
13.119,-0.00029,-0.02365,0.12667,-0.34321,-0.16568,-0.32300,0.86627,NaN,NaN,NaN,NaN,NaN,NaN,NaN,NaN,NaN,NaN,NaN,NaN,NaN,NaN,NaN,NaN,NaN,NaN,NaN,NaN,NaN,
13.144,-0.00028,-0.02365,0.12668,-0.34320,-0.16568,-0.32301,0.86627,NaN,NaN,NaN,NaN,NaN,NaN,NaN,NaN,NaN,NaN,NaN,NaN,NaN,NaN,NaN,NaN,NaN,NaN,NaN,NaN,NaN,
13.169,-0.00029,-0.02365,0.12668,-0.34320,-0.16569,-0.32301,0.86627,NaN,NaN,NaN,NaN,NaN,NaN,NaN,NaN,NaN,NaN,NaN,NaN,NaN,NaN,NaN,NaN,NaN,NaN,NaN,NaN,NaN,
13.194,-0.00029,-0.02365,0.12668,-0.34319,-0.16569,-0.32302,0.86627,NaN,NaN,NaN,NaN,NaN,NaN,NaN,NaN,NaN,NaN,NaN,NaN,NaN,NaN,NaN,NaN,NaN,NaN,NaN,NaN,NaN,
13.219,-0.00029,-0.02365,0.12668,-0.34317,-0.16569,-0.32303,0.86627,NaN,NaN,NaN,NaN,NaN,NaN,NaN,NaN,NaN,NaN,NaN,NaN,NaN,NaN,NaN,NaN,NaN,NaN,NaN,NaN,NaN,
13.244,-0.00029,-0.02365,0.12668,-0.34317,-0.16569,-0.32304,0.86627,NaN,NaN,NaN,NaN,NaN,NaN,NaN,NaN,NaN,NaN,NaN,NaN,NaN,NaN,NaN,NaN,NaN,NaN,NaN,NaN,NaN,
13.269,-0.00028,-0.02365,0.12668,-0.34318,-0.16569,-0.32302,0.86627,NaN,NaN,NaN,NaN,NaN,NaN,NaN,NaN,NaN,NaN,NaN,NaN,NaN,NaN,NaN,NaN,NaN,NaN,NaN,NaN,NaN,
