-0.1492390000,-0.0685660000,-1.8476055462,-1.8474310132
-0.1492429885,-0.0685664885,-1.8490057483,-1.8475469568
-0.1492469770,-0.0685669769,-1.8504059504,-1.8476629004
-0.1492509656,-0.0685674654,-1.8518061525,-1.8477788441
-0.1492509510,-0.0685674636,-1.8505852070,-1.8487818145
-0.1492509364,-0.0685674618,-1.8493642615,-1.8497847850
-0.1492509235,-0.0685674602,-1.8482786033,-1.8506766210
-0.1492509105,-0.0685674586,-1.8471929452,-1.8515684569
-0.1492508975,-0.0685674571,-1.8461072870,-1.8524602929
-0.1492508846,-0.0685674555,-1.8450216288,-1.8533521288
-0.1492508716,-0.0685674539,-1.8439359707,-1.8542439648
-0.1492508587,-0.0685674523,-1.8428503125,-1.8551358007
-0.1492508457,-0.0685674507,-1.8417646544,-1.8560276367
-0.1492508327,-0.0685674491,-1.8406789962,-1.8569194726
-0.1492508198,-0.0685674475,-1.8395933380,-1.8578113086
-0.1492508068,-0.0685674459,-1.8385076799,-1.8587031445
-0.1492507939,-0.0685674444,-1.8374220217,-1.8595949805
-0.1492507809,-0.0685674428,-1.8363363636,-1.8604868164
-0.1492507679,-0.0685674412,-1.8352507054,-1.8613786524
-0.1492507550,-0.0685674396,-1.8341650472,-1.8622704883
-0.1492507420,-0.0685674380,-1.8330793891,-1.8631623243
-0.1492507291,-0.0685674364,-1.8319937309,-1.8640541602
-0.1492507161,-0.0685674348,-1.8309080728,-1.8649459962
-0.1492507031,-0.0685674332,-1.8298224146,-1.8658378321
-0.1492506902,-0.0685674317,-1.8287367564,-1.8667296681
-0.1492506772,-0.0685674301,-1.8276510983,-1.8676215040
-0.1492506643,-0.0685674285,-1.8265654401,-1.8685133400
-0.1492506513,-0.0685674269,-1.8254797820,-1.8694051759
-0.1492506383,-0.0685674253,-1.8243941238,-1.8702970119
-0.1492506254,-0.0685674237,-1.8233084657,-1.8711888478
-0.1492506124,-0.0685674221,-1.8222228075,-1.8720806838
-0.1492505995,-0.0685674206,-1.8211371493,-1.8729725197
-0.1492505865,-0.0685674190,-1.8200514912,-1.8738643557
-0.1492505735,-0.0685674174,-1.8189658330,-1.8747561916
-0.1492505606,-0.0685674158,-1.8178801749,-1.8756480276
-0.1492505476,-0.0685674142,-1.8167945167,-1.8765398635
-0.1492505347,-0.0685674126,-1.8157088585,-1.8774316995
-0.1492505217,-0.0685674110,-1.8146232004,-1.8783235354
-0.1492505087,-0.0685674094,-1.8135375422,-1.8792153714
-0.1492504958,-0.0685674079,-1.8124518841,-1.8801072073
-0.1492504828,-0.0685674063,-1.8113662259,-1.8809990433
-0.1492504698,-0.0685674047,-1.8102805677,-1.8818908792
-0.1492504569,-0.0685674031,-1.8091949096,-1.8827827152
-0.1492504439,-0.0685674015,-1.8081092514,-1.8836745511
-0.1492504310,-0.0685673999,-1.8070235933,-1.8845663871
-0.1492504180,-0.0685673983,-1.8059379351,-1.8854582230
-0.1492504050,-0.0685673967,-1.8048522770,-1.8863500590
-0.1492503921,-0.0685673952,-1.8037666188,-1.8872418949
-0.1492503791,-0.0685673936,-1.8026809606,-1.8881337309
-0.1492503662,-0.0685673920,-1.8015953025,-1.8890255668
-0.1492503532,-0.0685673904,-1.8005096443,-1.8899174028
-0.1492503402,-0.0685673888,-1.7994239862,-1.8908092387
-0.1492503273,-0.0685673872,-1.7983383280,-1.8917010747
-0.1492503143,-0.0685673856,-1.7972526698,-1.8925929106
-0.1492503014,-0.0685673840,-1.7961670117,-1.8934847466
-0.1492502884,-0.0685673825,-1.7950813535,-1.8943765825
-0.1492502754,-0.0685673809,-1.7939956954,-1.8952684185
-0.1492502625,-0.0685673793,-1.7929100372,-1.8961602544
-0.1492502495,-0.0685673777,-1.7918243790,-1.8970520904
-0.1492502366,-0.0685673761,-1.7907387209,-1.8979439263
-0.1492502236,-0.0685673745,-1.7896530627,-1.8988357623
-0.1492502106,-0.0685673729,-1.7885674046,-1.8997275982
-0.1492501977,-0.0685673713,-1.7874817464,-1.9006194342
-0.1492501847,-0.0685673698,-1.7863960882,-1.9015112701
-0.1492501718,-0.0685673682,-1.7853104301,-1.9024031061
-0.1492501588,-0.0685673666,-1.7842247719,-1.9032949420
-0.1492501458,-0.0685673650,-1.7831391138,-1.9041867780
-0.1492501329,-0.0685673634,-1.7820534556,-1.9050786139
-0.1492501199,-0.0685673618,-1.7809677975,-1.9059704499
-0.1492501070,-0.0685673602,-1.7798821393,-1.9068622858
-0.1492500940,-0.0685673586,-1.7787964811,-1.9077541218
-0.1492500810,-0.0685673571,-1.7777108230,-1.9086459577
-0.1492500681,-0.0685673555,-1.7766251648,-1.9095377937
-0.1492500551,-0.0685673539,-1.7755395067,-1.9104296296
-0.1492500422,-0.0685673523,-1.7744538485,-1.9113214656
-0.1492500292,-0.0685673507,-1.7733681903,-1.9122133015
-0.1492500162,-0.0685673491,-1.7722825322,-1.9131051375
-0.1492500033,-0.0685673475,-1.7711968740,-1.9139969734
-0.1492499903,-0.0685673460,-1.7701112159,-1.9148888094
-0.1492499774,-0.0685673444,-1.7690255577,-1.9157806453
-0.1492499644,-0.0685673428,-1.7679398995,-1.9166724813
-0.1492499514,-0.0685673412,-1.7668542414,-1.9175643172
-0.1492499385,-0.0685673396,-1.7657685832,-1.9184561532
-0.1492499255,-0.0685673380,-1.7646829251,-1.9193479891
-0.1492499126,-0.0685673364,-1.7635972669,-1.9202398251
-0.1492498996,-0.0685673348,-1.7625116087,-1.9211316610
-0.1492498866,-0.0685673333,-1.7614259506,-1.9220234970
-0.1492498737,-0.0685673317,-1.7603402924,-1.9229153329
-0.1492498607,-0.0685673301,-1.7592546343,-1.9238071689
-0.1492498478,-0.0685673285,-1.7581689761,-1.9246990048
-0.1492498348,-0.0685673269,-1.7570833180,-1.9255908408
-0.1492498218,-0.0685673253,-1.7559976598,-1.9264826767
-0.1492498089,-0.0685673237,-1.7549120016,-1.9273745127
-0.1492497959,-0.0685673221,-1.7538263435,-1.9282663486
-0.1492497830,-0.0685673206,-1.7527406853,-1.9291581846
-0.1492497700,-0.0685673190,-1.7516550272,-1.9300500205
-0.1492497570,-0.0685673174,-1.7505693690,-1.9309418565
-0.1492497441,-0.0685673158,-1.7494837108,-1.9318336924
-0.1492497311,-0.0685673142,-1.7483980527,-1.9327255284
-0.1492497182,-0.0685673126,-1.7473123945,-1.9336173643
-0.1492497052,-0.0685673110,-1.7462267364,-1.9345092003
-0.1492496922,-0.0685673094,-1.7451410782,-1.9354010362
-0.1492496793,-0.0685673079,-1.7440554200,-1.9362928722
-0.1492496663,-0.0685673063,-1.7429697619,-1.9371847081
-0.1492496534,-0.0685673047,-1.7418841037,-1.9380765441
-0.1492496404,-0.0685673031,-1.7407984456,-1.9389683800
-0.1492496274,-0.0685673015,-1.7397127874,-1.9398602160
-0.1492496145,-0.0685672999,-1.7386271293,-1.9407520519
-0.1492496015,-0.0685672983,-1.7375414711,-1.9416438879
-0.1492495886,-0.0685672967,-1.7364558129,-1.9425357238
-0.1492495756,-0.0685672952,-1.7353701548,-1.9434275598
-0.1492495626,-0.0685672936,-1.7342844966,-1.9443193957
-0.1492495497,-0.0685672920,-1.7331988385,-1.9452112317
-0.1492495367,-0.0685672904,-1.7321131803,-1.9461030676
-0.1492495237,-0.0685672888,-1.7310275221,-1.9469949036
-0.1492495108,-0.0685672872,-1.7299418640,-1.9478867395
-0.1492494978,-0.0685672856,-1.7288562058,-1.9487785755
-0.1492494849,-0.0685672841,-1.7277705477,-1.9496704114
-0.1492494719,-0.0685672825,-1.7266848895,-1.9505622474
-0.1492494589,-0.0685672809,-1.7255992313,-1.9514540833
-0.1492494460,-0.0685672793,-1.7245135732,-1.9523459193
-0.1492494330,-0.0685672777,-1.7234279150,-1.9532377552
-0.1492494201,-0.0685672761,-1.7223422569,-1.9541295912
-0.1492494071,-0.0685672745,-1.7212565987,-1.9550214271
-0.1492493941,-0.0685672729,-1.7201709405,-1.9559132631
-0.1492493812,-0.0685672714,-1.7190852824,-1.9568050990
-0.1492493682,-0.0685672698,-1.7179996242,-1.9576969350
-0.1492493553,-0.0685672682,-1.7169139661,-1.9585887709
-0.1492493423,-0.0685672666,-1.7158283079,-1.9594806069
-0.1492493293,-0.0685672650,-1.7147426498,-1.9603724428
-0.1492493164,-0.0685672634,-1.7136569916,-1.9612642788
-0.1492493034,-0.0685672618,-1.7125713334,-1.9621561147
-0.1492492905,-0.0685672602,-1.7114856753,-1.9630479507
-0.1492492775,-0.0685672587,-1.7104000171,-1.9639397866
-0.1492492645,-0.0685672571,-1.7093143590,-1.9648316226
-0.1492492516,-0.0685672555,-1.7082287008,-1.9657234585
-0.1492492386,-0.0685672539,-1.7071430426,-1.9666152945
-0.1492492257,-0.0685672523,-1.7060573845,-1.9675071304
-0.1492492127,-0.0685672507,-1.7049717263,-1.9683989664
-0.1492491997,-0.0685672491,-1.7038860682,-1.9692908023
-0.1492491868,-0.0685672475,-1.7028004100,-1.9701826383
-0.1492491738,-0.0685672460,-1.7017147518,-1.9710744742
-0.1492491609,-0.0685672444,-1.7006290937,-1.9719663102
-0.1492491479,-0.0685672428,-1.6995434355,-1.9728581461
-0.1492491349,-0.0685672412,-1.6984577774,-1.9737499821
-0.1492491220,-0.0685672396,-1.6973721192,-1.9746418180
-0.1492491090,-0.0685672380,-1.6962864610,-1.9755336540
-0.1492490961,-0.0685672364,-1.6952008029,-1.9764254899
-0.1492490831,-0.0685672348,-1.6941151447,-1.9773173259
-0.1492490701,-0.0685672333,-1.6930294866,-1.9782091618
-0.1492490572,-0.0685672317,-1.6919438284,-1.9791009978
-0.1492490442,-0.0685672301,-1.6908581703,-1.9799928337
-0.1492490313,-0.0685672285,-1.6897725121,-1.9808846697
-0.1492490183,-0.0685672269,-1.6886868539,-1.9817765056
-0.1492490053,-0.0685672253,-1.6876011958,-1.9826683416
-0.1492489924,-0.0685672237,-1.6865155376,-1.9835601775
-0.1492489794,-0.0685672221,-1.6854298795,-1.9844520135
-0.1492489665,-0.0685672206,-1.6843442213,-1.9853438494
-0.1492489535,-0.0685672190,-1.6832585631,-1.9862356854
-0.1492489405,-0.0685672174,-1.6821729050,-1.9871275213
-0.1492489276,-0.0685672158,-1.6810872468,-1.9880193573
-0.1492489146,-0.0685672142,-1.6800015887,-1.9889111932
-0.1492489017,-0.0685672126,-1.6789159305,-1.9898030292
-0.1492488887,-0.0685672110,-1.6778302723,-1.9906948651
-0.1492488757,-0.0685672095,-1.6767446142,-1.9915867011
-0.1492488628,-0.0685672079,-1.6756589560,-1.9924785370
-0.1492488498,-0.0685672063,-1.6745732979,-1.9933703730
-0.1492488369,-0.0685672047,-1.6734876397,-1.9942622089
-0.1492488239,-0.0685672031,-1.6724019816,-1.9951540449
-0.1492488109,-0.0685672015,-1.6713163234,-1.9960458808
-0.1492487980,-0.0685671999,-1.6702306652,-1.9969377168
-0.1492487850,-0.0685671983,-1.6691450071,-1.9978295527
-0.1492487721,-0.0685671968,-1.6680593489,-1.9987213887
-0.1492487591,-0.0685671952,-1.6669736908,-1.9996132246
-0.1492487461,-0.0685671936,-1.6658880326,-2.0005050606
-0.1492487332,-0.0685671920,-1.6648023744,-2.0013968965
-0.1492487202,-0.0685671904,-1.6637167163,-2.0022887325
-0.1492487073,-0.0685671888,-1.6626310581,-2.0031805684
-0.1492486943,-0.0685671872,-1.6615454000,-2.0040724044
-0.1492486813,-0.0685671856,-1.6604597418,-2.0049642403
-0.1492486684,-0.0685671841,-1.6593740836,-2.0058560763
-0.1492486554,-0.0685671825,-1.6582884255,-2.0067479122
-0.1492486424,-0.0685671809,-1.6572027673,-2.0076397482
-0.1492486295,-0.0685671793,-1.6561171092,-2.0085315841
-0.1492486165,-0.0685671777,-1.6550314510,-2.0094234201
-0.1492486036,-0.0685671761,-1.6539457928,-2.0103152560
-0.1492485906,-0.0685671745,-1.6528601347,-2.0112070920
-0.1492485776,-0.0685671729,-1.6517744765,-2.0120989279
-0.1492485647,-0.0685671714,-1.6506888184,-2.0129907639
-0.1492485517,-0.0685671698,-1.6496031602,-2.0138825998
-0.1492485388,-0.0685671682,-1.6485175021,-2.0147744358
-0.1492485258,-0.0685671666,-1.6474318439,-2.0156662717
-0.1492485128,-0.0685671650,-1.6463461857,-2.0165581077
-0.1492484999,-0.0685671634,-1.6452605276,-2.0174499436
-0.1492484869,-0.0685671618,-1.6441748694,-2.0183417796
-0.1492484740,-0.0685671602,-1.6430892113,-2.0192336155
-0.1492484610,-0.0685671587,-1.6420035531,-2.0201254515
-0.1492484480,-0.0685671571,-1.6409178949,-2.0210172874
-0.1492484351,-0.0685671555,-1.6398322368,-2.0219091234
-0.1492484221,-0.0685671539,-1.6387465786,-2.0228009593
-0.1492484092,-0.0685671523,-1.6376609205,-2.0236927953
-0.1492483962,-0.0685671507,-1.6365752623,-2.0245846312
-0.1492483832,-0.0685671491,-1.6354896041,-2.0254764672
-0.1492483703,-0.0685671476,-1.6344039460,-2.0263683031
-0.1492483573,-0.0685671460,-1.6333182878,-2.0272601391
-0.1492483444,-0.0685671444,-1.6322326297,-2.0281519750
-0.1492483314,-0.0685671428,-1.6311469715,-2.0290438110
-0.1492483184,-0.0685671412,-1.6300613133,-2.0299356469
-0.1492483055,-0.0685671396,-1.6289756552,-2.0308274829
-0.1492482925,-0.0685671380,-1.6278899970,-2.0317193188
-0.1492482796,-0.0685671364,-1.6268043389,-2.0326111548
-0.1492482666,-0.0685671349,-1.6257186807,-2.0335029907
-0.1492482536,-0.0685671333,-1.6246330226,-2.0343948267
-0.1492482407,-0.0685671317,-1.6235473644,-2.0352866626
-0.1492482277,-0.0685671301,-1.6224617062,-2.0361784986
-0.1492482148,-0.0685671285,-1.6213760481,-2.0370703345
-0.1492482018,-0.0685671269,-1.6202903899,-2.0379621705
-0.1492481888,-0.0685671253,-1.6192047318,-2.0388540064
-0.1492481759,-0.0685671237,-1.6181190736,-2.0397458424
-0.1492481629,-0.0685671222,-1.6170334154,-2.0406376783
-0.1492481500,-0.0685671206,-1.6159477573,-2.0415295143
-0.1492481370,-0.0685671190,-1.6148620991,-2.0424213502
-0.1492481240,-0.0685671174,-1.6137764410,-2.0433131862
-0.1492481111,-0.0685671158,-1.6126907828,-2.0442050221
-0.1492480981,-0.0685671142,-1.6116051246,-2.0450968581
-0.1492480852,-0.0685671126,-1.6105194665,-2.0459886940
-0.1492480722,-0.0685671110,-1.6094338083,-2.0468805300
-0.1492480592,-0.0685671095,-1.6083481502,-2.0477723659
-0.1492480463,-0.0685671079,-1.6072624920,-2.0486642019
-0.1492480333,-0.0685671063,-1.6061768339,-2.0495560378
-0.1492480204,-0.0685671047,-1.6050911757,-2.0504478738
-0.1492480074,-0.0685671031,-1.6040055175,-2.0513397097
-0.1492479944,-0.0685671015,-1.6029198594,-2.0522315457
-0.1492479815,-0.0685670999,-1.6018342012,-2.0531233816
-0.1492479685,-0.0685670983,-1.6007485431,-2.0540152176
-0.1492479556,-0.0685670968,-1.5996628849,-2.0549070535
-0.1492479426,-0.0685670952,-1.5985772267,-2.0557988895
-0.1492479296,-0.0685670936,-1.5974915686,-2.0566907254
-0.1492479167,-0.0685670920,-1.5964059104,-2.0575825614
-0.1492479037,-0.0685670904,-1.5953202523,-2.0584743973
-0.1492478908,-0.0685670888,-1.5942345941,-2.0593662333
-0.1492478778,-0.0685670872,-1.5931489359,-2.0602580692
-0.1492478648,-0.0685670856,-1.5920632778,-2.0611499052
-0.1492478519,-0.0685670841,-1.5909776196,-2.0620417411
-0.1492478389,-0.0685670825,-1.5898919615,-2.0629335771
-0.1492478260,-0.0685670809,-1.5888063033,-2.0638254130
-0.1492478130,-0.0685670793,-1.5877206451,-2.0647172490
-0.1492478000,-0.0685670777,-1.5866349870,-2.0656090849
-0.1492477871,-0.0685670761,-1.5855493288,-2.0665009209
-0.1492477741,-0.0685670745,-1.5844636707,-2.0673927568
-0.1492477612,-0.0685670730,-1.5833780125,-2.0682845928
-0.1492477482,-0.0685670714,-1.5822923544,-2.0691764287
-0.1492477352,-0.0685670698,-1.5812066962,-2.0700682647
-0.1492477223,-0.0685670682,-1.5801210380,-2.0709601006
-0.1492477093,-0.0685670666,-1.5790353799,-2.0718519366
-0.1492476963,-0.0685670650,-1.5779497217,-2.0727437725
-0.1492476834,-0.0685670634,-1.5768640636,-2.0736356085
-0.1492476704,-0.0685670618,-1.5757784054,-2.0745274444
-0.1492476575,-0.0685670603,-1.5746927472,-2.0754192804
-0.1492476445,-0.0685670587,-1.5736070891,-2.0763111163
-0.1492476315,-0.0685670571,-1.5725214309,-2.0772029523
-0.1492476186,-0.0685670555,-1.5714357728,-2.0780947882
-0.1492476056,-0.0685670539,-1.5703501146,-2.0789866242
-0.1492475927,-0.0685670523,-1.5692644564,-2.0798784601
-0.1492475797,-0.0685670507,-1.5681787983,-2.0807702961
-0.1492475667,-0.0685670491,-1.5670931401,-2.0816621320
-0.1492475538,-0.0685670476,-1.5660074820,-2.0825539680
-0.1492475408,-0.0685670460,-1.5649218238,-2.0834458039
-0.1492475279,-0.0685670444,-1.5638361656,-2.0843376399
-0.1492475149,-0.0685670428,-1.5627505075,-2.0852294758
-0.1492475019,-0.0685670412,-1.5616648493,-2.0861213118
-0.1492474890,-0.0685670396,-1.5605791912,-2.0870131477
-0.1492474760,-0.0685670380,-1.5594935330,-2.0879049837
-0.1492474631,-0.0685670364,-1.5584078749,-2.0887968196
-0.1492474501,-0.0685670349,-1.5573222167,-2.0896886556
-0.1492474371,-0.0685670333,-1.5562365585,-2.0905804915
-0.1492474242,-0.0685670317,-1.5551509004,-2.0914723275
-0.1492474112,-0.0685670301,-1.5540652422,-2.0923641634
-0.1492473983,-0.0685670285,-1.5529795841,-2.0932559994
-0.1492473853,-0.0685670269,-1.5518939259,-2.0941478353
-0.1492473723,-0.0685670253,-1.5508082677,-2.0950396713
-0.1492473594,-0.0685670237,-1.5497226096,-2.0959315072
-0.1492473464,-0.0685670222,-1.5486369514,-2.0968233432
-0.1492473335,-0.0685670206,-1.5475512933,-2.0977151791
-0.1492473205,-0.0685670190,-1.5464656351,-2.0986070151
-0.1492473075,-0.0685670174,-1.5453799769,-2.0994988510
-0.1492472946,-0.0685670158,-1.5442943188,-2.1003906870
-0.1492472816,-0.0685670142,-1.5432086606,-2.1012825229
-0.1492472687,-0.0685670126,-1.5421230025,-2.1021743589
-0.1492472557,-0.0685670111,-1.5410373443,-2.1030661948
-0.1492472427,-0.0685670095,-1.5399516862,-2.1039580308
-0.1492472298,-0.0685670079,-1.5388660280,-2.1048498667
-0.1492472168,-0.0685670063,-1.5377803698,-2.1057417027
-0.1492472039,-0.0685670047,-1.5366947117,-2.1066335386
-0.1492471909,-0.0685670031,-1.5356090535,-2.1075253746
-0.1492471779,-0.0685670015,-1.5345233954,-2.1084172105
-0.1492471650,-0.0685669999,-1.5334377372,-2.1093090465
-0.1492471520,-0.0685669984,-1.5323520790,-2.1102008824
-0.1492471391,-0.0685669968,-1.5312664209,-2.1110927184
-0.1492471261,-0.0685669952,-1.5301807627,-2.1119845543
-0.1492471131,-0.0685669936,-1.5290951046,-2.1128763903
-0.1492471002,-0.0685669920,-1.5280094464,-2.1137682262
-0.1492470872,-0.0685669904,-1.5269237882,-2.1146600622
-0.1492470743,-0.0685669888,-1.5258381301,-2.1155518981
-0.1492470613,-0.0685669872,-1.5247524719,-2.1164437341
-0.1492470483,-0.0685669857,-1.5236668138,-2.1173355700
-0.1492470354,-0.0685669841,-1.5225811556,-2.1182274060
-0.1492470224,-0.0685669825,-1.5214954974,-2.1191192419
-0.1492470095,-0.0685669809,-1.5204098393,-2.1200110779
-0.1492469965,-0.0685669793,-1.5193241811,-2.1209029138
-0.1492469835,-0.0685669777,-1.5182385230,-2.1217947498
-0.1492469706,-0.0685669761,-1.5171528648,-2.1226865857
-0.1492469576,-0.0685669745,-1.5160672067,-2.1235784217
-0.1492469447,-0.0685669730,-1.5149815485,-2.1244702576
-0.1492469317,-0.0685669714,-1.5138958903,-2.1253620936
-0.1492469187,-0.0685669698,-1.5128102322,-2.1262539295
-0.1492469058,-0.0685669682,-1.5117245740,-2.1271457655
-0.1492468928,-0.0685669666,-1.5106389159,-2.1280376014
-0.1492468799,-0.0685669650,-1.5095532577,-2.1289294374
-0.1492468669,-0.0685669634,-1.5084675995,-2.1298212733
-0.1492468539,-0.0685669618,-1.5073819414,-2.1307131093
-0.1492468410,-0.0685669603,-1.5062962832,-2.1316049452
-0.1492468280,-0.0685669587,-1.5052106251,-2.1324967812
-0.1492468150,-0.0685669571,-1.5041249669,-2.1333886171
-0.1492468021,-0.0685669555,-1.5030393087,-2.1342804531
-0.1492467891,-0.0685669539,-1.5019536506,-2.1351722890
-0.1492467762,-0.0685669523,-1.5008679924,-2.1360641250
-0.1492467632,-0.0685669507,-1.4997823343,-2.1369559609
-0.1492467502,-0.0685669492,-1.4986966761,-2.1378477969
-0.1492467373,-0.0685669476,-1.4976110179,-2.1387396328
-0.1492467243,-0.0685669460,-1.4965253598,-2.1396314688
-0.1492467114,-0.0685669444,-1.4954397016,-2.1405233047
-0.1492466984,-0.0685669428,-1.4943540435,-2.1414151407
-0.1492466854,-0.0685669412,-1.4932683853,-2.1423069766
-0.1492466725,-0.0685669396,-1.4921827272,-2.1431988126
-0.1492466595,-0.0685669380,-1.4910970690,-2.1440906485
-0.1492466466,-0.0685669365,-1.4900114108,-2.1449824845
-0.1492466336,-0.0685669349,-1.4889257527,-2.1458743204
-0.1492466206,-0.0685669333,-1.4878400945,-2.1467661564
-0.1492466077,-0.0685669317,-1.4867544364,-2.1476579923
-0.1492465947,-0.0685669301,-1.4856687782,-2.1485498283
-0.1492465818,-0.0685669285,-1.4845831200,-2.1494416642
-0.1492465688,-0.0685669269,-1.4834974619,-2.1503335002
-0.1492465558,-0.0685669253,-1.4824118037,-2.1512253361
-0.1492465429,-0.0685669238,-1.4813261456,-2.1521171721
-0.1492465299,-0.0685669222,-1.4802404874,-2.1530090080
-0.1492465170,-0.0685669206,-1.4791548292,-2.1539008440
-0.1492465040,-0.0685669190,-1.4780691711,-2.1547926799
-0.1492464910,-0.0685669174,-1.4769835129,-2.1556845159
-0.1492464781,-0.0685669158,-1.4758978548,-2.1565763518
-0.1492464651,-0.0685669142,-1.4748121966,-2.1574681878
-0.1492464522,-0.0685669126,-1.4737265385,-2.1583600237
-0.1492464392,-0.0685669111,-1.4726408803,-2.1592518597
-0.1492464262,-0.0685669095,-1.4715552221,-2.1601436956
-0.1492464133,-0.0685669079,-1.4704695640,-2.1610355316
-0.1492464003,-0.0685669063,-1.4693839058,-2.1619273675
-0.1492463874,-0.0685669047,-1.4682982477,-2.1628192035
-0.1492463744,-0.0685669031,-1.4672125895,-2.1637110394
-0.1492463614,-0.0685669015,-1.4661269313,-2.1646028754
-0.1492463485,-0.0685668999,-1.4650412732,-2.1654947113
-0.1492463355,-0.0685668984,-1.4639556150,-2.1663865473
-0.1492463226,-0.0685668968,-1.4628699569,-2.1672783832
-0.1492463096,-0.0685668952,-1.4617842987,-2.1681702192
-0.1492462966,-0.0685668936,-1.4606986405,-2.1690620551
-0.1492462837,-0.0685668920,-1.4596129824,-2.1699538911
-0.1492462707,-0.0685668904,-1.4585273242,-2.1708457270
-0.1492462578,-0.0685668888,-1.4574416661,-2.1717375630
-0.1492462448,-0.0685668872,-1.4563560079,-2.1726293989
-0.1492462318,-0.0685668857,-1.4552703497,-2.1735212349
-0.1492462189,-0.0685668841,-1.4541846916,-2.1744130708
-0.1492462059,-0.0685668825,-1.4530990334,-2.1753049068
-0.1492461930,-0.0685668809,-1.4520133753,-2.1761967427
-0.1492461800,-0.0685668793,-1.4509277171,-2.1770885787
-0.1492461670,-0.0685668777,-1.4498420590,-2.1779804146
-0.1492461541,-0.0685668761,-1.4487564008,-2.1788722506
-0.1492461411,-0.0685668746,-1.4476707426,-2.1797640865
-0.1492461282,-0.0685668730,-1.4465850845,-2.1806559225
-0.1492461152,-0.0685668714,-1.4454994263,-2.1815477584
-0.1492461022,-0.0685668698,-1.4444137682,-2.1824395944
-0.1492460893,-0.0685668682,-1.4433281100,-2.1833314303
-0.1492460763,-0.0685668666,-1.4422424518,-2.1842232663
-0.1492460634,-0.0685668650,-1.4411567937,-2.1851151022
-0.1492460504,-0.0685668634,-1.4400711355,-2.1860069382
-0.1492460374,-0.0685668619,-1.4389854774,-2.1868987741
-0.1492460245,-0.0685668603,-1.4378998192,-2.1877906101
-0.1492460115,-0.0685668587,-1.4368141610,-2.1886824460
-0.1492459986,-0.0685668571,-1.4357285029,-2.1895742820
-0.1492459856,-0.0685668555,-1.4346428447,-2.1904661179
-0.1492459726,-0.0685668539,-1.4335571866,-2.1913579539
-0.1492459597,-0.0685668523,-1.4324715284,-2.1922497898
-0.1492459467,-0.0685668507,-1.4313858703,-2.1931416258
-0.1492459338,-0.0685668492,-1.4303002121,-2.1940334617
-0.1492459208,-0.0685668476,-1.4292145539,-2.1949252977
-0.1492459078,-0.0685668460,-1.4281288958,-2.1958171336
-0.1492458949,-0.0685668444,-1.4270432376,-2.1967089696
-0.1492458819,-0.0685668428,-1.4259575795,-2.1976008055
-0.1492458689,-0.0685668412,-1.4248719213,-2.1984926415
-0.1492458560,-0.0685668396,-1.4237862631,-2.1993844774
-0.1492458430,-0.0685668380,-1.4227006050,-2.2002763133
-0.1492458301,-0.0685668365,-1.4216149468,-2.2011681493
-0.1492458171,-0.0685668349,-1.4205292887,-2.2020599852
-0.1492458041,-0.0685668333,-1.4194436305,-2.2029518212
-0.1492457912,-0.0685668317,-1.4183579723,-2.2038436571
-0.1492457782,-0.0685668301,-1.4172723142,-2.2047354931
-0.1492457653,-0.0685668285,-1.4161866560,-2.2056273290
-0.1492457523,-0.0685668269,-1.4151009979,-2.2065191650
-0.1492457393,-0.0685668253,-1.4140153397,-2.2074110009
-0.1492457264,-0.0685668238,-1.4129296815,-2.2083028369
-0.1492457134,-0.0685668222,-1.4118440234,-2.2091946728
-0.1492457005,-0.0685668206,-1.4107583652,-2.2100865088
-0.1492456875,-0.0685668190,-1.4096727071,-2.2109783447
-0.1492456745,-0.0685668174,-1.4085870489,-2.2118701807
-0.1492456616,-0.0685668158,-1.4075013908,-2.2127620166
-0.1492456486,-0.0685668142,-1.4064157326,-2.2136538526
-0.1492456357,-0.0685668127,-1.4053300744,-2.2145456885
-0.1492456227,-0.0685668111,-1.4042444163,-2.2154375245
-0.1492456097,-0.0685668095,-1.4031587581,-2.2163293604
-0.1492455968,-0.0685668079,-1.4020731000,-2.2172211964
-0.1492455838,-0.0685668063,-1.4009874418,-2.2181130323
-0.1492455709,-0.0685668047,-1.3999017836,-2.2190048683
-0.1492455579,-0.0685668031,-1.3988161255,-2.2198967042
-0.1492455449,-0.0685668015,-1.3977304673,-2.2207885402
-0.1492455320,-0.0685668000,-1.3966448092,-2.2216803761
-0.1492455190,-0.0685667984,-1.3955591510,-2.2225722121
-0.1492455061,-0.0685667968,-1.3944734928,-2.2234640480
-0.1492454931,-0.0685667952,-1.3933878347,-2.2243558840
-0.1492454801,-0.0685667936,-1.3923021765,-2.2252477199
-0.1492454672,-0.0685667920,-1.3912165184,-2.2261395559
-0.1492454542,-0.0685667904,-1.3901308602,-2.2270313918
-0.1492454413,-0.0685667888,-1.3890452020,-2.2279232278
-0.1492454283,-0.0685667873,-1.3879595439,-2.2288150637
-0.1492454153,-0.0685667857,-1.3868738857,-2.2297068997
-0.1492454024,-0.0685667841,-1.3857882276,-2.2305987356
-0.1492453894,-0.0685667825,-1.3847025694,-2.2314905716
-0.1492453765,-0.0685667809,-1.3836169113,-2.2323824075
-0.1492453635,-0.0685667793,-1.3825312531,-2.2332742435
-0.1492453505,-0.0685667777,-1.3814455949,-2.2341660794
-0.1492453376,-0.0685667761,-1.3803599368,-2.2350579154
-0.1492453246,-0.0685667746,-1.3792742786,-2.2359497513
-0.1492453117,-0.0685667730,-1.3781886205,-2.2368415873
-0.1492452987,-0.0685667714,-1.3771029623,-2.2377334232
-0.1492452857,-0.0685667698,-1.3760173041,-2.2386252592
-0.1492452728,-0.0685667682,-1.3749316460,-2.2395170951
-0.1492452598,-0.0685667666,-1.3738459878,-2.2404089311
-0.1492452469,-0.0685667650,-1.3727603297,-2.2413007670
-0.1492452339,-0.0685667634,-1.3716746715,-2.2421926030
-0.1492452209,-0.0685667619,-1.3705890133,-2.2430844389
-0.1492452080,-0.0685667603,-1.3695033552,-2.2439762749
-0.1492451950,-0.0685667587,-1.3684176970,-2.2448681108
-0.1492451821,-0.0685667571,-1.3673320389,-2.2457599468
-0.1492451691,-0.0685667555,-1.3662463807,-2.2466517827
-0.1492451561,-0.0685667539,-1.3651607226,-2.2475436187
-0.1492451432,-0.0685667523,-1.3640750644,-2.2484354546
-0.1492451302,-0.0685667507,-1.3629894062,-2.2493272906
-0.1492451173,-0.0685667492,-1.3619037481,-2.2502191265
-0.1492451043,-0.0685667476,-1.3608180899,-2.2511109625
-0.1492450913,-0.0685667460,-1.3597324318,-2.2520027984
-0.1492450784,-0.0685667444,-1.3586467736,-2.2528946344
-0.1492450654,-0.0685667428,-1.3575611154,-2.2537864703
-0.1492450525,-0.0685667412,-1.3564754573,-2.2546783063
-0.1492450395,-0.0685667396,-1.3553897991,-2.2555701422
-0.1492450265,-0.0685667381,-1.3543041410,-2.2564619782
-0.1492450136,-0.0685667365,-1.3532184828,-2.2573538141
-0.1492450006,-0.0685667349,-1.3521328246,-2.2582456501
-0.1492449877,-0.0685667333,-1.3510471665,-2.2591374860
-0.1492449747,-0.0685667317,-1.3499615083,-2.2600293220
-0.1492449617,-0.0685667301,-1.3488758502,-2.2609211579
-0.1492449488,-0.0685667285,-1.3477901920,-2.2618129939
-0.1492449358,-0.0685667269,-1.3467045338,-2.2627048298
-0.1492449228,-0.0685667254,-1.3456188757,-2.2635966658
-0.1492449099,-0.0685667238,-1.3445332175,-2.2644885017
-0.1492448969,-0.0685667222,-1.3434475594,-2.2653803377
-0.1492448840,-0.0685667206,-1.3423619012,-2.2662721736
-0.1492448710,-0.0685667190,-1.3412762431,-2.2671640096
-0.1492448580,-0.0685667174,-1.3401905849,-2.2680558455
-0.1492448451,-0.0685667158,-1.3391049267,-2.2689476815
-0.1492448321,-0.0685667142,-1.3380192686,-2.2698395174
-0.1492448192,-0.0685667127,-1.3369336104,-2.2707313534
-0.1492448062,-0.0685667111,-1.3358479523,-2.2716231893
-0.1492447932,-0.0685667095,-1.3347622941,-2.2725150253
-0.1492447803,-0.0685667079,-1.3336766359,-2.2734068612
-0.1492447673,-0.0685667063,-1.3325909778,-2.2742986972
-0.1492447544,-0.0685667047,-1.3315053196,-2.2751905331
-0.1492447414,-0.0685667031,-1.3304196615,-2.2760823691
-0.1492447284,-0.0685667015,-1.3293340033,-2.2769742050
-0.1492447155,-0.0685667000,-1.3282483451,-2.2778660410
-0.1492447025,-0.0685666984,-1.3271626870,-2.2787578769
-0.1492446896,-0.0685666968,-1.3260770288,-2.2796497129
-0.1492446766,-0.0685666952,-1.3249913707,-2.2805415488
-0.1492446636,-0.0685666936,-1.3239057125,-2.2814333848
-0.1492446507,-0.0685666920,-1.3228200543,-2.2823252207
-0.1492446377,-0.0685666904,-1.3217343962,-2.2832170567
-0.1492446248,-0.0685666888,-1.3206487380,-2.2841088926
-0.1492446118,-0.0685666873,-1.3195630799,-2.2850007286
-0.1492445988,-0.0685666857,-1.3184774217,-2.2858925645
-0.1492445859,-0.0685666841,-1.3173917636,-2.2867844005
-0.1492445729,-0.0685666825,-1.3163061054,-2.2876762364
-0.1492445600,-0.0685666809,-1.3152204472,-2.2885680724
-0.1492445470,-0.0685666793,-1.3141347891,-2.2894599083
-0.1492445340,-0.0685666777,-1.3130491309,-2.2903517443
-0.1492445211,-0.0685666762,-1.3119634728,-2.2912435802
-0.1492445081,-0.0685666746,-1.3108778146,-2.2921354162
-0.1492444952,-0.0685666730,-1.3097921564,-2.2930272521
-0.1492444822,-0.0685666714,-1.3087064983,-2.2939190881
-0.1492444692,-0.0685666698,-1.3076208401,-2.2948109240
-0.1492444563,-0.0685666682,-1.3065351820,-2.2957027600
-0.1492444433,-0.0685666666,-1.3054495238,-2.2965945959
-0.1492444304,-0.0685666650,-1.3043638656,-2.2974864319
-0.1492444174,-0.0685666635,-1.3032782075,-2.2983782678
-0.1492444044,-0.0685666619,-1.3021925493,-2.2992701038
-0.1492443915,-0.0685666603,-1.3011068912,-2.3001619397
-0.1492443785,-0.0685666587,-1.3000212330,-2.3010537757
-0.1492443656,-0.0685666571,-1.2989355749,-2.3019456116
-0.1492443526,-0.0685666555,-1.2978499167,-2.3028374476
-0.1492443396,-0.0685666539,-1.2967642585,-2.3037292835
-0.1492443267,-0.0685666523,-1.2956786004,-2.3046211195
-0.1492443137,-0.0685666508,-1.2945929422,-2.3055129554
-0.1492443008,-0.0685666492,-1.2935072841,-2.3064047914
-0.1492442878,-0.0685666476,-1.2924216259,-2.3072966273
-0.1492442748,-0.0685666460,-1.2913359677,-2.3081884633
-0.1492442619,-0.0685666444,-1.2902503096,-2.3090802992
-0.1492442489,-0.0685666428,-1.2891646514,-2.3099721352
-0.1492442360,-0.0685666412,-1.2880789933,-2.3108639711
-0.1492442230,-0.0685666396,-1.2869933351,-2.3117558071
-0.1492442100,-0.0685666381,-1.2859076769,-2.3126476430
-0.1492441971,-0.0685666365,-1.2848220188,-2.3135394790
-0.1492441841,-0.0685666349,-1.2837363606,-2.3144313149
-0.1492441712,-0.0685666333,-1.2826507025,-2.3153231509
-0.1492441582,-0.0685666317,-1.2815650443,-2.3162149868
-0.1492441452,-0.0685666301,-1.2804793861,-2.3171068228
-0.1492441323,-0.0685666285,-1.2793937280,-2.3179986587
-0.1492441193,-0.0685666269,-1.2783080698,-2.3188904947
-0.1492441064,-0.0685666254,-1.2772224117,-2.3197823306
-0.1492440934,-0.0685666238,-1.2761367535,-2.3206741666
-0.1492440804,-0.0685666222,-1.2750510954,-2.3215660025
-0.1492440675,-0.0685666206,-1.2739654372,-2.3224578385
-0.1492440545,-0.0685666190,-1.2728797790,-2.3233496744
-0.1492440415,-0.0685666174,-1.2717941209,-2.3242415104
-0.1492440286,-0.0685666158,-1.2707084627,-2.3251333463
-0.1492440156,-0.0685666142,-1.2696228046,-2.3260251823
-0.1492440027,-0.0685666127,-1.2685371464,-2.3269170182
-0.1492439897,-0.0685666111,-1.2674514882,-2.3278088542
-0.1492439767,-0.0685666095,-1.2663658301,-2.3287006901
-0.1492439638,-0.0685666079,-1.2652801719,-2.3295925261
-0.1492439508,-0.0685666063,-1.2641945138,-2.3304843620
-0.1492439379,-0.0685666047,-1.2631088556,-2.3313761980
-0.1492439249,-0.0685666031,-1.2620231974,-2.3322680339
-0.1492439119,-0.0685666016,-1.2609375393,-2.3331598699
-0.1492438990,-0.0685666000,-1.2598518811,-2.3340517058
-0.1492438860,-0.0685665984,-1.2587662230,-2.3349435418
-0.1492438731,-0.0685665968,-1.2576805648,-2.3358353777
-0.1492438601,-0.0685665952,-1.2565949066,-2.3367272137
-0.1492438471,-0.0685665936,-1.2555092485,-2.3376190496
-0.1492438342,-0.0685665920,-1.2544235903,-2.3385108856
-0.1492438212,-0.0685665904,-1.2533379322,-2.3394027215
-0.1492438083,-0.0685665889,-1.2522522740,-2.3402945575
-0.1492437953,-0.0685665873,-1.2511666159,-2.3411863934
-0.1492437823,-0.0685665857,-1.2500809577,-2.3420782294
-0.1492437694,-0.0685665841,-1.2489952995,-2.3429700653
-0.1492437564,-0.0685665825,-1.2479096414,-2.3438619013
-0.1492437435,-0.0685665809,-1.2468239832,-2.3447537372
-0.1492437305,-0.0685665793,-1.2457383251,-2.3456455732
-0.1492437175,-0.0685665777,-1.2446526669,-2.3465374091
-0.1492437046,-0.0685665762,-1.2435670087,-2.3474292451
-0.1492436916,-0.0685665746,-1.2424813506,-2.3483210810
-0.1492436787,-0.0685665730,-1.2413956924,-2.3492129170
-0.1492436657,-0.0685665714,-1.2403100343,-2.3501047529
-0.1492436527,-0.0685665698,-1.2392243761,-2.3509965889
-0.1492436398,-0.0685665682,-1.2381387179,-2.3518884248
-0.1492436268,-0.0685665666,-1.2370530598,-2.3527802608
-0.1492436139,-0.0685665650,-1.2359674016,-2.3536720967
-0.1492436009,-0.0685665635,-1.2348817435,-2.3545639327
-0.1492435879,-0.0685665619,-1.2337960853,-2.3554557686
-0.1492435750,-0.0685665603,-1.2327104272,-2.3563476046
-0.1492435620,-0.0685665587,-1.2316247690,-2.3572394405
-0.1492435491,-0.0685665571,-1.2305391108,-2.3581312765
-0.1492435361,-0.0685665555,-1.2294534527,-2.3590231124
-0.1492435231,-0.0685665539,-1.2283677945,-2.3599149484
-0.1492435102,-0.0685665523,-1.2272821364,-2.3608067843
-0.1492434972,-0.0685665508,-1.2261964782,-2.3616986203
-0.1492434843,-0.0685665492,-1.2251108200,-2.3625904562
-0.1492434713,-0.0685665476,-1.2240251619,-2.3634822922
-0.1492434583,-0.0685665460,-1.2229395037,-2.3643741281
-0.1492434454,-0.0685665444,-1.2218538456,-2.3652659641
-0.1492434324,-0.0685665428,-1.2207681874,-2.3661578000
-0.1492434195,-0.0685665412,-1.2196825292,-2.3670496360
-0.1492434065,-0.0685665397,-1.2185968711,-2.3679414719
-0.1492433935,-0.0685665381,-1.2175112129,-2.3688333079
-0.1492433806,-0.0685665365,-1.2164255548,-2.3697251438
-0.1492433676,-0.0685665349,-1.2153398966,-2.3706169798
-0.1492433547,-0.0685665333,-1.2142542384,-2.3715088157
-0.1492433417,-0.0685665317,-1.2131685803,-2.3724006517
-0.1492433287,-0.0685665301,-1.2120829221,-2.3732924876
-0.1492433158,-0.0685665285,-1.2109972640,-2.3741843236
-0.1492433028,-0.0685665270,-1.2099116058,-2.3750761595
-0.1492432899,-0.0685665254,-1.2088259477,-2.3759679955
-0.1492432769,-0.0685665238,-1.2077402895,-2.3768598314
-0.1492432639,-0.0685665222,-1.2066546313,-2.3777516674
-0.1492432510,-0.0685665206,-1.2055689732,-2.3786435033
-0.1492432380,-0.0685665190,-1.2044833150,-2.3795353393
-0.1492432251,-0.0685665174,-1.2033976569,-2.3804271752
-0.1492432121,-0.0685665158,-1.2023119987,-2.3813190112
-0.1492431991,-0.0685665143,-1.2012263405,-2.3822108471
-0.1492431862,-0.0685665127,-1.2001406824,-2.3831026831
-0.1492431732,-0.0685665111,-1.1990550242,-2.3839945190
-0.1492431603,-0.0685665095,-1.1979693661,-2.3848863550
-0.1492431473,-0.0685665079,-1.1968837079,-2.3857781909
-0.1492431343,-0.0685665063,-1.1957980497,-2.3866700269
-0.1492431214,-0.0685665047,-1.1947123916,-2.3875618628
-0.1492431084,-0.0685665031,-1.1936267334,-2.3884536988
-0.1492430954,-0.0685665016,-1.1925410753,-2.3893455347
-0.1492430825,-0.0685665000,-1.1914554171,-2.3902373707
-0.1492430695,-0.0685664984,-1.1903697589,-2.3911292066
-0.1492430566,-0.0685664968,-1.1892841008,-2.3920210426
-0.1492430436,-0.0685664952,-1.1881984426,-2.3929128785
-0.1492430306,-0.0685664936,-1.1871127845,-2.3938047145
-0.1492430177,-0.0685664920,-1.1860271263,-2.3946965504
-0.1492430047,-0.0685664904,-1.1849414682,-2.3955883864
-0.1492429918,-0.0685664889,-1.1838558100,-2.3964802223
-0.1492429788,-0.0685664873,-1.1827701518,-2.3973720583
-0.1492429658,-0.0685664857,-1.1816844937,-2.3982638942
-0.1492429529,-0.0685664841,-1.1805988355,-2.3991557302
-0.1492429399,-0.0685664825,-1.1795131774,-2.4000475661
-0.1492429270,-0.0685664809,-1.1784275192,-2.4009394021
-0.1492429140,-0.0685664793,-1.1773418610,-2.4018312380
-0.1492429010,-0.0685664777,-1.1762562029,-2.4027230740
-0.1492428881,-0.0685664762,-1.1751705447,-2.4036149099
-0.1492428751,-0.0685664746,-1.1740848866,-2.4045067459
-0.1492428622,-0.0685664730,-1.1729992284,-2.4053985818
-0.1492428492,-0.0685664714,-1.1719135702,-2.4062904178
-0.1492428362,-0.0685664698,-1.1708279121,-2.4071822537
-0.1492428233,-0.0685664682,-1.1697422539,-2.4080740897
-0.1492428103,-0.0685664666,-1.1686565958,-2.4089659256
-0.1492427974,-0.0685664651,-1.1675709376,-2.4098577616
-0.1492427844,-0.0685664635,-1.1664852795,-2.4107495975
-0.1492427714,-0.0685664619,-1.1653996213,-2.4116414335
-0.1492427585,-0.0685664603,-1.1643139631,-2.4125332694
-0.1492427455,-0.0685664587,-1.1632283050,-2.4134251054
-0.1492427326,-0.0685664571,-1.1621426468,-2.4143169413
-0.1492427196,-0.0685664555,-1.1610569887,-2.4152087773
-0.1492427066,-0.0685664539,-1.1599713305,-2.4161006132
-0.1492426937,-0.0685664524,-1.1588856723,-2.4169924492
-0.1492426807,-0.0685664508,-1.1578000142,-2.4178842851
-0.1492426678,-0.0685664492,-1.1567143560,-2.4187761211
-0.1492426548,-0.0685664476,-1.1556286979,-2.4196679570
-0.1492426418,-0.0685664460,-1.1545430397,-2.4205597930
-0.1492426289,-0.0685664444,-1.1534573815,-2.4214516289
-0.1492426159,-0.0685664428,-1.1523717234,-2.4223434649
-0.1492426030,-0.0685664412,-1.1512860652,-2.4232353008
-0.1492425900,-0.0685664397,-1.1502004071,-2.4241271368
-0.1492425770,-0.0685664381,-1.1491147489,-2.4250189727
-0.1492425641,-0.0685664365,-1.1480290907,-2.4259108087
-0.1492425511,-0.0685664349,-1.1469434326,-2.4268026446
-0.1492425382,-0.0685664333,-1.1458577744,-2.4276944806
-0.1492425252,-0.0685664317,-1.1447721163,-2.4285863165
-0.1492425122,-0.0685664301,-1.1436864581,-2.4294781525
-0.1492424993,-0.0685664285,-1.1426008000,-2.4303699884
-0.1492424863,-0.0685664270,-1.1415151418,-2.4312618244
-0.1492424734,-0.0685664254,-1.1404294836,-2.4321536603
-0.1492424604,-0.0685664238,-1.1393438255,-2.4330454963
-0.1492424474,-0.0685664222,-1.1382581673,-2.4339373322
-0.1492424345,-0.0685664206,-1.1371725092,-2.4348291682
-0.1492424215,-0.0685664190,-1.1360868510,-2.4357210041
-0.1492424086,-0.0685664174,-1.1350011928,-2.4366128401
-0.1492423956,-0.0685664158,-1.1339155347,-2.4375046760
-0.1492423826,-0.0685664143,-1.1328298765,-2.4383965120
-0.1492423697,-0.0685664127,-1.1317442184,-2.4392883479
-0.1492423567,-0.0685664111,-1.1306585602,-2.4401801839
-0.1492423438,-0.0685664095,-1.1295729020,-2.4410720198
-0.1492423308,-0.0685664079,-1.1284872439,-2.4419638558
-0.1492423178,-0.0685664063,-1.1274015857,-2.4428556917
-0.1492423049,-0.0685664047,-1.1263159276,-2.4437475277
-0.1492422919,-0.0685664032,-1.1252302694,-2.4446393636
-0.1492422790,-0.0685664016,-1.1241446112,-2.4455311996
-0.1492422660,-0.0685664000,-1.1230589531,-2.4464230355
-0.1492422530,-0.0685663984,-1.1219732949,-2.4473148715
-0.1492422401,-0.0685663968,-1.1208876368,-2.4482067074
-0.1492422271,-0.0685663952,-1.1198019786,-2.4490985434
-0.1492422141,-0.0685663936,-1.1187163205,-2.4499903793
-0.1492422012,-0.0685663920,-1.1176306623,-2.4508822153
-0.1492421882,-0.0685663905,-1.1165450041,-2.4517740512
-0.1492421753,-0.0685663889,-1.1154593460,-2.4526658872
-0.1492421623,-0.0685663873,-1.1143736878,-2.4535577231
-0.1492421493,-0.0685663857,-1.1132880297,-2.4544495591
-0.1492421364,-0.0685663841,-1.1122023715,-2.4553413950
-0.1492421234,-0.0685663825,-1.1111167133,-2.4562332310
-0.1492421105,-0.0685663809,-1.1100310552,-2.4571250669
-0.1492420975,-0.0685663793,-1.1089453970,-2.4580169029
-0.1492420845,-0.0685663778,-1.1078597389,-2.4589087388
-0.1492420716,-0.0685663762,-1.1067740807,-2.4598005748
-0.1492420586,-0.0685663746,-1.1056884225,-2.4606924107
-0.1492420457,-0.0685663730,-1.1046027644,-2.4615842467
-0.1492420327,-0.0685663714,-1.1035171062,-2.4624760826
-0.1492420197,-0.0685663698,-1.1024314481,-2.4633679186
-0.1492420068,-0.0685663682,-1.1013457899,-2.4642597545
-0.1492419938,-0.0685663666,-1.1002601318,-2.4651515905
-0.1492419809,-0.0685663651,-1.0991744736,-2.4660434264
-0.1492419679,-0.0685663635,-1.0980888154,-2.4669352624
-0.1492419549,-0.0685663619,-1.0970031573,-2.4678270983
-0.1492419420,-0.0685663603,-1.0959174991,-2.4687189343
-0.1492419290,-0.0685663587,-1.0948318410,-2.4696107702
-0.1492419161,-0.0685663571,-1.0937461828,-2.4705026062
-0.1492419031,-0.0685663555,-1.0926605246,-2.4713944421
-0.1492418901,-0.0685663539,-1.0915748665,-2.4722862781
-0.1492418772,-0.0685663524,-1.0904892083,-2.4731781140
-0.1492418642,-0.0685663508,-1.0894035502,-2.4740699500
-0.1492418513,-0.0685663492,-1.0883178920,-2.4749617859
-0.1492418383,-0.0685663476,-1.0872322338,-2.4758536219
-0.1492418253,-0.0685663460,-1.0861465757,-2.4767454578
-0.1492418124,-0.0685663444,-1.0850609175,-2.4776372938
-0.1492417994,-0.0685663428,-1.0839752594,-2.4785291297
-0.1492417865,-0.0685663412,-1.0828896012,-2.4794209657
-0.1492417735,-0.0685663397,-1.0818039430,-2.4803128016
-0.1492417605,-0.0685663381,-1.0807182849,-2.4812046376
-0.1492417476,-0.0685663365,-1.0796326267,-2.4820964735
-0.1492417346,-0.0685663349,-1.0785469686,-2.4829883095
-0.1492417217,-0.0685663333,-1.0774613104,-2.4838801454
-0.1492417087,-0.0685663317,-1.0763756523,-2.4847719814
-0.1492416957,-0.0685663301,-1.0752899941,-2.4856638173
-0.1492416828,-0.0685663286,-1.0742043359,-2.4865556533
-0.1492416698,-0.0685663270,-1.0731186778,-2.4874474892
-0.1492416569,-0.0685663254,-1.0720330196,-2.4883393252
-0.1492416439,-0.0685663238,-1.0709473615,-2.4892311611
-0.1492416309,-0.0685663222,-1.0698617033,-2.4901229971
-0.1492416180,-0.0685663206,-1.0687760451,-2.4910148330
-0.1492416050,-0.0685663190,-1.0676903870,-2.4919066690
-0.1492415921,-0.0685663174,-1.0666047288,-2.4927985049
-0.1492415791,-0.0685663159,-1.0655190707,-2.4936903409
-0.1492415661,-0.0685663143,-1.0644334125,-2.4945821768
-0.1492415532,-0.0685663127,-1.0633477543,-2.4954740128
-0.1492415402,-0.0685663111,-1.0622620962,-2.4963658487
-0.1492415273,-0.0685663095,-1.0611764380,-2.4972576847
-0.1492415143,-0.0685663079,-1.0600907799,-2.4981495206
-0.1492415013,-0.0685663063,-1.0590051217,-2.4990413566
-0.1492414884,-0.0685663047,-1.0579194635,-2.4999331925
-0.1492414754,-0.0685663032,-1.0568338054,-2.5008250285
-0.1492414625,-0.0685663016,-1.0557481472,-2.5017168644
-0.1492414495,-0.0685663000,-1.0546624891,-2.5026087004
-0.1492414365,-0.0685662984,-1.0535768309,-2.5035005363
-0.1492414236,-0.0685662968,-1.0524911728,-2.5043923723
-0.1492414106,-0.0685662952,-1.0514055146,-2.5052842082
-0.1492413977,-0.0685662936,-1.0503198564,-2.5061760442
-0.1492413847,-0.0685662920,-1.0492341983,-2.5070678801
-0.1492413717,-0.0685662905,-1.0481485401,-2.5079597161
-0.1492413588,-0.0685662889,-1.0470628820,-2.5088515520
-0.1492413458,-0.0685662873,-1.0459772238,-2.5097433880
-0.1492413329,-0.0685662857,-1.0448915656,-2.5106352239
-0.1492413199,-0.0685662841,-1.0438059075,-2.5115270599
-0.1492413069,-0.0685662825,-1.0427202493,-2.5124188958
-0.1492412940,-0.0685662809,-1.0416345912,-2.5133107318
-0.1492412810,-0.0685662793,-1.0405489330,-2.5142025677
-0.1492412680,-0.0685662778,-1.0394632748,-2.5150944037
-0.1492412551,-0.0685662762,-1.0383776167,-2.5159862396
-0.1492412421,-0.0685662746,-1.0372919585,-2.5168780756
-0.1492412292,-0.0685662730,-1.0362063004,-2.5177699115
-0.1492412162,-0.0685662714,-1.0351206422,-2.5186617475
-0.1492412032,-0.0685662698,-1.0340349841,-2.5195535834
-0.1492411903,-0.0685662682,-1.0329493259,-2.5204454194
-0.1492411773,-0.0685662667,-1.0318636677,-2.5213372553
-0.1492411644,-0.0685662651,-1.0307780096,-2.5222290913
-0.1492411514,-0.0685662635,-1.0296923514,-2.5231209272
-0.1492411384,-0.0685662619,-1.0286066933,-2.5240127632
-0.1492411255,-0.0685662603,-1.0275210351,-2.5249045991
-0.1492411125,-0.0685662587,-1.0264353769,-2.5257964351
-0.1492410996,-0.0685662571,-1.0253497188,-2.5266882710
-0.1492410866,-0.0685662555,-1.0242640606,-2.5275801070
-0.1492410736,-0.0685662540,-1.0231784025,-2.5284719429
-0.1492410607,-0.0685662524,-1.0220927443,-2.5293637789
-0.1492410477,-0.0685662508,-1.0210070861,-2.5302556148
-0.1492410348,-0.0685662492,-1.0199214280,-2.5311474508
-0.1492410218,-0.0685662476,-1.0188357698,-2.5320392867
-0.1492410088,-0.0685662460,-1.0177501117,-2.5329311227
-0.1492409959,-0.0685662444,-1.0166644535,-2.5338229586
-0.1492409829,-0.0685662428,-1.0155787953,-2.5347147946
-0.1492409700,-0.0685662413,-1.0144931372,-2.5356066305
-0.1492409570,-0.0685662397,-1.0134074790,-2.5364984665
-0.1492409440,-0.0685662381,-1.0123218209,-2.5373903024
-0.1492409311,-0.0685662365,-1.0112361627,-2.5382821384
-0.1492409181,-0.0685662349,-1.0101505046,-2.5391739743
-0.1492409052,-0.0685662333,-1.0090648464,-2.5400658103
-0.1492408922,-0.0685662317,-1.0079791882,-2.5409576462
-0.1492408792,-0.0685662301,-1.0068935301,-2.5418494822
-0.1492408663,-0.0685662286,-1.0058078719,-2.5427413181
-0.1492408533,-0.0685662270,-1.0047222138,-2.5436331541
-0.1492408404,-0.0685662254,-1.0036365556,-2.5445249900
-0.1492408274,-0.0685662238,-1.0025508974,-2.5454168260
-0.1492408144,-0.0685662222,-1.0014652393,-2.5463086619
-0.1492408015,-0.0685662206,-1.0003795811,-2.5472004979
-0.1492407885,-0.0685662190,-0.9992939230,-2.5480923338
-0.1492407756,-0.0685662174,-0.9982082648,-2.5489841698
-0.1492407626,-0.0685662159,-0.9971226066,-2.5498760057
-0.1492407496,-0.0685662143,-0.9960369485,-2.5507678417
-0.1492407367,-0.0685662127,-0.9949512903,-2.5516596776
-0.1492407237,-0.0685662111,-0.9938656322,-2.5525515136
-0.1492407108,-0.0685662095,-0.9927799740,-2.5534433495
-0.1492406978,-0.0685662079,-0.9916943158,-2.5543351855
-0.1492406848,-0.0685662063,-0.9906086577,-2.5552270214
-0.1492406719,-0.0685662047,-0.9895229995,-2.5561188574
-0.1492406589,-0.0685662032,-0.9884373414,-2.5570106933
-0.1492406460,-0.0685662016,-0.9873516832,-2.5579025293
-0.1492406330,-0.0685662000,-0.9862660251,-2.5587943652
-0.1492406200,-0.0685661984,-0.9851803669,-2.5596862012
-0.1492406071,-0.0685661968,-0.9840947087,-2.5605780371
-0.1492405941,-0.0685661952,-0.9830090506,-2.5614698731
-0.1492405812,-0.0685661936,-0.9819233924,-2.5623617090
-0.1492405682,-0.0685661921,-0.9808377343,-2.5632535450
-0.1492405552,-0.0685661905,-0.9797520761,-2.5641453809
-0.1492405423,-0.0685661889,-0.9786664179,-2.5650372169
-0.1492405293,-0.0685661873,-0.9775807598,-2.5659290528
-0.1492405164,-0.0685661857,-0.9764951016,-2.5668208888
-0.1492405034,-0.0685661841,-0.9754094435,-2.5677127247
-0.1492404904,-0.0685661825,-0.9743237853,-2.5686045607
-0.1492404775,-0.0685661809,-0.9732381271,-2.5694963966
-0.1492404645,-0.0685661794,-0.9721524690,-2.5703882326
-0.1492404516,-0.0685661778,-0.9710668108,-2.5712800685
-0.1492404386,-0.0685661762,-0.9699811527,-2.5721719045
-0.1492404256,-0.0685661746,-0.9688954945,-2.5730637404
-0.1492404127,-0.0685661730,-0.9678098364,-2.5739555764
-0.1492403997,-0.0685661714,-0.9667241782,-2.5748474123
-0.1492403868,-0.0685661698,-0.9656385200,-2.5757392483
-0.1492403738,-0.0685661682,-0.9645528619,-2.5766310842
-0.1492403608,-0.0685661667,-0.9634672037,-2.5775229202
-0.1492403479,-0.0685661651,-0.9623815456,-2.5784147561
-0.1492403349,-0.0685661635,-0.9612958874,-2.5793065921
-0.1492403219,-0.0685661619,-0.9602102292,-2.5801984280
-0.1492403090,-0.0685661603,-0.9591245711,-2.5810902640
-0.1492402960,-0.0685661587,-0.9580389129,-2.5819820999
-0.1492402831,-0.0685661571,-0.9569532548,-2.5828739359
-0.1492402701,-0.0685661555,-0.9558675966,-2.5837657718
-0.1492402571,-0.0685661540,-0.9547819384,-2.5846576078
-0.1492402442,-0.0685661524,-0.9536962803,-2.5855494437
-0.1492402312,-0.0685661508,-0.9526106221,-2.5864412797
-0.1492402183,-0.0685661492,-0.9515249640,-2.5873331156
-0.1492402053,-0.0685661476,-0.9504393058,-2.5882249516
-0.1492401923,-0.0685661460,-0.9493536476,-2.5891167875
-0.1492401794,-0.0685661444,-0.9482679895,-2.5900086235
-0.1492401664,-0.0685661428,-0.9471823313,-2.5909004594
-0.1492401535,-0.0685661413,-0.9460966732,-2.5917922954
-0.1492401405,-0.0685661397,-0.9450110150,-2.5926841313
-0.1492401275,-0.0685661381,-0.9439253569,-2.5935759673
-0.1492401146,-0.0685661365,-0.9428396987,-2.5944678032
-0.1492401016,-0.0685661349,-0.9417540405,-2.5953596392
-0.1492400887,-0.0685661333,-0.9406683824,-2.5962514751
-0.1492400757,-0.0685661317,-0.9395827242,-2.5971433111
-0.1492400627,-0.0685661302,-0.9384970661,-2.5980351470
-0.1492400498,-0.0685661286,-0.9374114079,-2.5989269830
-0.1492400368,-0.0685661270,-0.9363257497,-2.5998188189
-0.1492400239,-0.0685661254,-0.9352400916,-2.6007106549
-0.1492400109,-0.0685661238,-0.9341544334,-2.6016024908
-0.1492399979,-0.0685661222,-0.9330687753,-2.6024943268
-0.1492399850,-0.0685661206,-0.9319831171,-2.6033861627
-0.1492399720,-0.0685661190,-0.9308974589,-2.6042779987
-0.1492399591,-0.0685661175,-0.9298118008,-2.6051698346
-0.1492399461,-0.0685661159,-0.9287261426,-2.6060616706
-0.1492399331,-0.0685661143,-0.9276404845,-2.6069535065
-0.1492399202,-0.0685661127,-0.9265548263,-2.6078453425
-0.1492399072,-0.0685661111,-0.9254691681,-2.6087371784
-0.1492398943,-0.0685661095,-0.9243835100,-2.6096290144
-0.1492398813,-0.0685661079,-0.9232978518,-2.6105208503
-0.1492398683,-0.0685661063,-0.9222121937,-2.6114126863
-0.1492398554,-0.0685661048,-0.9211265355,-2.6123045222
-0.1492398424,-0.0685661032,-0.9200408774,-2.6131963582
-0.1492398295,-0.0685661016,-0.9189552192,-2.6140881941
-0.1492398165,-0.0685661000,-0.9178695610,-2.6149800301
-0.1492398035,-0.0685660984,-0.9167839029,-2.6158718660
-0.1492397906,-0.0685660968,-0.9156982447,-2.6167637020
-0.1492397776,-0.0685660952,-0.9146125866,-2.6176555379
-0.1492397647,-0.0685660936,-0.9135269284,-2.6185473739
-0.1492397517,-0.0685660921,-0.9124412702,-2.6194392098
-0.1492397387,-0.0685660905,-0.9113556121,-2.6203310458
-0.1492397258,-0.0685660889,-0.9102699539,-2.6212228817
-0.1492397128,-0.0685660873,-0.9091842958,-2.6221147177
-0.1492396999,-0.0685660857,-0.9080986376,-2.6230065536
-0.1492396869,-0.0685660841,-0.9070129794,-2.6238983896
-0.1492396739,-0.0685660825,-0.9059273213,-2.6247902255
-0.1492396610,-0.0685660809,-0.9048416631,-2.6256820615
-0.1492396480,-0.0685660794,-0.9037560050,-2.6265738974
-0.1492396351,-0.0685660778,-0.9026703468,-2.6274657334
-0.1492396221,-0.0685660762,-0.9015846887,-2.6283575693
-0.1492396091,-0.0685660746,-0.9004990305,-2.6292494053
-0.1492395962,-0.0685660730,-0.8994133723,-2.6301412412
-0.1492395832,-0.0685660714,-0.8983277142,-2.6310330772
-0.1492395703,-0.0685660698,-0.8972420560,-2.6319249131
-0.1492395573,-0.0685660682,-0.8961563979,-2.6328167491
-0.1492395443,-0.0685660667,-0.8950707397,-2.6337085850
-0.1492395314,-0.0685660651,-0.8939850815,-2.6346004210
-0.1492395184,-0.0685660635,-0.8928994234,-2.6354922569
-0.1492395055,-0.0685660619,-0.8918137652,-2.6363840929
-0.1492394925,-0.0685660603,-0.8907281071,-2.6372759288
-0.1492394795,-0.0685660587,-0.8896424489,-2.6381677648
-0.1492394666,-0.0685660571,-0.8885567907,-2.6390596007
-0.1492394536,-0.0685660556,-0.8874711326,-2.6399514367
-0.1492394406,-0.0685660540,-0.8863854744,-2.6408432726
-0.1492394277,-0.0685660524,-0.8852998163,-2.6417351086
-0.1492394147,-0.0685660508,-0.8842141581,-2.6426269445
-0.1492394018,-0.0685660492,-0.8831284999,-2.6435187805
-0.1492393888,-0.0685660476,-0.8820428418,-2.6444106164
-0.1492393758,-0.0685660460,-0.8809571836,-2.6453024524
-0.1492393629,-0.0685660444,-0.8798715255,-2.6461942883
-0.1492393499,-0.0685660429,-0.8787858673,-2.6470861243
-0.1492393370,-0.0685660413,-0.8777002092,-2.6479779602
-0.1492393240,-0.0685660397,-0.8766145510,-2.6488697962
-0.1492393110,-0.0685660381,-0.8755288928,-2.6497616321
-0.1492392981,-0.0685660365,-0.8744432347,-2.6506534681
-0.1492392851,-0.0685660349,-0.8733575765,-2.6515453040
-0.1492392722,-0.0685660333,-0.8722719184,-2.6524371400
-0.1492392592,-0.0685660317,-0.8711862602,-2.6533289759
-0.1492392462,-0.0685660302,-0.8701006020,-2.6542208119
-0.1492392333,-0.0685660286,-0.8690149439,-2.6551126478
-0.1492392203,-0.0685660270,-0.8679292857,-2.6560044838
-0.1492392074,-0.0685660254,-0.8668436276,-2.6568963197
-0.1492391944,-0.0685660238,-0.8657579694,-2.6577881557
-0.1492391814,-0.0685660222,-0.8646723112,-2.6586799916
-0.1492391685,-0.0685660206,-0.8635866531,-2.6595718276
-0.1492391555,-0.0685660190,-0.8625009949,-2.6604636635
-0.1492391426,-0.0685660175,-0.8614153368,-2.6613554995
-0.1492391296,-0.0685660159,-0.8603296786,-2.6622473354
-0.1492391166,-0.0685660143,-0.8592440204,-2.6631391714
-0.1492391037,-0.0685660127,-0.8581583623,-2.6640310073
-0.1492390907,-0.0685660111,-0.8570727041,-2.6649228433
-0.1492390778,-0.0685660095,-0.8559870460,-2.6658146792
-0.1492390648,-0.0685660079,-0.8549013878,-2.6667065152
-0.1492390518,-0.0685660063,-0.8538157297,-2.6675983511
-0.1492390389,-0.0685660048,-0.8527300715,-2.6684901871
-0.1492390259,-0.0685660032,-0.8516444133,-2.6693820230
-0.1492390130,-0.0685660016,-0.8505587552,-2.6702738590
-0.1492390000,-0.0685660000,-0.8494730970,-2.6711656949
-0.1492390000,-0.0685660000,-0.8494730970,-2.6711656949
-0.1482462395,-0.0681810070,-0.8494730970,-2.6711656949
-0.1472534791,-0.0677960140,-0.8494730970,-2.6711656949
-0.1462607186,-0.0674110211,-0.8494730970,-2.6711656949
-0.1452679582,-0.0670260281,-0.8494730970,-2.6711656949
-0.1442751977,-0.0666410351,-0.8494730970,-2.6711656949
-0.1432824373,-0.0662560421,-0.8494730970,-2.6711656949
-0.1422896768,-0.0658710492,-0.8494730970,-2.6711656949
-0.1412969164,-0.0654860562,-0.8494730970,-2.6711656949
-0.1403041559,-0.0651010632,-0.8494730970,-2.6711656949
-0.1393113955,-0.0647160702,-0.8494730970,-2.6711656949
-0.1383186350,-0.0643310773,-0.8494730970,-2.6711656949
-0.1373258745,-0.0639460843,-0.8494730970,-2.6711656949
-0.1363331141,-0.0635610913,-0.8494730970,-2.6711656949
-0.1353403536,-0.0631760983,-0.8494730970,-2.6711656949
-0.1343475932,-0.0627911054,-0.8494730970,-2.6711656949
-0.1333548327,-0.0624061124,-0.8494730970,-2.6711656949
-0.1323620723,-0.0620211194,-0.8494730970,-2.6711656949
-0.1313693118,-0.0616361264,-0.8494730970,-2.6711656949
-0.1303765514,-0.0612511334,-0.8494730970,-2.6711656949
-0.1293837909,-0.0608661405,-0.8494730970,-2.6711656949
-0.1283910305,-0.0604811475,-0.8494730970,-2.6711656949
-0.1273982700,-0.0600961545,-0.8494730970,-2.6711656949
-0.1264055095,-0.0597111615,-0.8494730970,-2.6711656949
-0.1254127491,-0.0593261686,-0.8494730970,-2.6711656949
-0.1244199886,-0.0589411756,-0.8494730970,-2.6711656949
-0.1234272282,-0.0585561826,-0.8494730970,-2.6711656949
-0.1224344677,-0.0581711896,-0.8494730970,-2.6711656949
-0.1214417073,-0.0577861967,-0.8494730970,-2.6711656949
-0.1204489468,-0.0574012037,-0.8494730970,-2.6711656949
-0.1194561864,-0.0570162107,-0.8494730970,-2.6711656949
-0.1184634259,-0.0566312177,-0.8494730970,-2.6711656949
-0.1174706655,-0.0562462247,-0.8494730970,-2.6711656949
-0.1164779050,-0.0558612318,-0.8494730970,-2.6711656949
-0.1154851445,-0.0554762388,-0.8494730970,-2.6711656949
-0.1144923841,-0.0550912458,-0.8494730970,-2.6711656949
-0.1134996236,-0.0547062528,-0.8494730970,-2.6711656949
-0.1125068632,-0.0543212599,-0.8494730970,-2.6711656949
-0.1115141027,-0.0539362669,-0.8494730970,-2.6711656949
-0.1105213423,-0.0535512739,-0.8494730970,-2.6711656949
-0.1095285818,-0.0531662809,-0.8494730970,-2.6711656949
-0.1085358214,-0.0527812880,-0.8494730970,-2.6711656949
-0.1075430609,-0.0523962950,-0.8494730970,-2.6711656949
-0.1065503005,-0.0520113020,-0.8494730970,-2.6711656949
-0.1055575400,-0.0516263090,-0.8494730970,-2.6711656949
-0.1045647796,-0.0512413161,-0.8494730970,-2.6711656949
-0.1035720191,-0.0508563231,-0.8494730970,-2.6711656949
-0.1025792586,-0.0504713301,-0.8494730970,-2.6711656949
-0.1015864982,-0.0500863371,-0.8494730970,-2.6711656949
-0.1005937377,-0.0497013441,-0.8494730970,-2.6711656949
-0.0996009773,-0.0493163512,-0.8494730970,-2.6711656949
-0.0986082168,-0.0489313582,-0.8494730970,-2.6711656949
-0.0976154564,-0.0485463652,-0.8494730970,-2.6711656949
-0.0966226959,-0.0481613722,-0.8494730970,-2.6711656949
-0.0956299355,-0.0477763793,-0.8494730970,-2.6711656949
-0.0946371750,-0.0473913863,-0.8494730970,-2.6711656949
-0.0936444146,-0.0470063933,-0.8494730970,-2.6711656949
-0.0926516541,-0.0466214003,-0.8494730970,-2.6711656949
-0.0916588936,-0.0462364074,-0.8494730970,-2.6711656949
-0.0906661332,-0.0458514144,-0.8494730970,-2.6711656949
-0.0896733727,-0.0454664214,-0.8494730970,-2.6711656949
-0.0886806123,-0.0450814284,-0.8494730970,-2.6711656949
-0.0876878518,-0.0446964355,-0.8494730970,-2.6711656949
-0.0866950914,-0.0443114425,-0.8494730970,-2.6711656949
-0.0857023309,-0.0439264495,-0.8494730970,-2.6711656949
-0.0847095705,-0.0435414565,-0.8494730970,-2.6711656949
-0.0837168100,-0.0431564635,-0.8494730970,-2.6711656949
-0.0827240496,-0.0427714706,-0.8494730970,-2.6711656949
-0.0817312891,-0.0423864776,-0.8494730970,-2.6711656949
-0.0807385286,-0.0420014846,-0.8494730970,-2.6711656949
