beta1,beta2,beta3,alpha1,alpha2,alpha3,fx,fy,fz,pos_error_norm
-0.139573,-0.062192,0.000000,-0.234616,-3.182586,0.000000,0.183545,0.178014,-0.296979,0.028060
-0.134353,-0.059157,0.000000,5.019878,4.287672,0.000000,-0.015756,0.308817,-0.165893,0.023455
-0.070043,-0.036784,0.000000,-0.216386,2.802922,0.000000,-0.206243,0.138707,0.146411,0.042874
-0.120219,-0.064508,0.000000,-1.719979,-3.890161,0.000000,0.344137,-0.067478,0.336070,0.011662
-0.133566,-0.060551,0.000000,0.326036,1.729542,0.000000,0.180847,0.294355,-0.329110,0.024606
-0.134866,-0.066431,0.000000,-2.290606,-1.999188,0.000000,0.235207,-0.294368,0.168478,0.024256
-0.078325,-0.047440,0.000000,1.463113,3.887194,0.000000,0.170216,0.279916,-0.121694,0.043732
-0.078897,-0.037597,0.000000,6.718264,3.715228,0.000000,-0.134785,0.218523,-0.209919,0.042946
-0.106346,-0.061459,0.000000,-2.077411,-1.644711,0.000000,-0.066406,-0.136034,-0.203862,0.028997
-0.108540,-0.045228,0.000000,-4.206163,-2.766179,0.000000,-0.197232,-0.177292,-0.356751,0.008906
-0.105437,-0.044320,0.000000,5.884491,4.668900,0.000000,0.169896,-0.049433,-0.013143,0.017161
-0.096927,-0.053882,0.000000,-2.960020,-3.598763,0.000000,-0.230061,0.143177,-0.324710,0.030735
-0.118010,-0.048804,0.000000,-7.173124,-4.329297,0.000000,0.412731,-0.164487,0.096384,0.020588
-0.086790,-0.039717,0.000000,-0.917670,1.895620,0.000000,0.060063,-0.029777,0.057367,0.031786
-0.095331,-0.063268,0.000000,1.362967,-0.728646,0.000000,-0.090665,-0.412567,-0.066265,0.051911
-0.110334,-0.065049,0.000000,2.786291,0.886722,0.000000,0.412881,0.050742,0.102544,0.028428
-0.098877,-0.061607,0.000000,-2.715730,-3.571149,0.000000,0.048157,-0.156891,0.149183,0.012607
-0.083150,-0.039854,0.000000,-0.358567,-1.640924,0.000000,0.277608,-0.199688,0.291066,0.037405
-0.146926,-0.068248,0.000000,-1.412993,0.999043,0.000000,-0.272390,-0.041149,-0.110723,0.036492
-0.109637,-0.048452,0.000000,0.278846,-1.757402,0.000000,0.123355,0.357813,0.050194,0.006610
-0.125792,-0.067445,0.000000,-5.229411,-2.617751,0.000000,0.135400,0.291502,-0.016050,0.016919
-0.075738,-0.040712,0.000000,-0.303479,-2.939033,0.000000,0.087140,-0.127541,-0.180788,0.039968
-0.128351,-0.064684,0.000000,3.618929,1.303743,0.000000,0.315115,0.192398,-0.277239,0.021635
-0.100717,-0.064833,0.000000,-1.524778,-1.470094,0.000000,-0.233399,-0.069731,-0.364346,0.047266
-0.109272,-0.039345,0.000000,1.765940,1.134509,0.000000,0.111107,0.368763,-0.257296,0.017994
-0.087279,-0.036275,0.000000,-2.789959,-0.397645,0.000000,-0.048752,0.146036,0.350986,0.026119
-0.092353,-0.043896,0.000000,3.827662,1.748938,0.000000,0.187247,-0.027064,0.264991,0.026430
-0.148898,-0.065210,0.000000,-2.318430,-4.282383,0.000000,-0.056100,0.332213,0.285681,0.037570
-0.134859,-0.051789,0.000000,-1.500067,-3.255847,0.000000,-0.103846,-0.233941,0.246016,0.023759
-0.078006,-0.034920,0.000000,0.532074,2.288312,0.000000,0.026176,-0.238678,0.370110,0.040381
-0.147954,-0.065126,0.000000,4.907557,3.705588,0.000000,-0.047727,0.194845,-0.160058,0.036308
-0.107648,-0.048017,0.000000,2.066717,-0.297759,0.000000,0.210363,0.276756,0.056729,0.013576
-0.121078,-0.047636,0.000000,1.507860,4.264350,0.000000,0.063524,-0.453271,-0.116630,0.016340
-0.097934,-0.057784,0.000000,-3.872181,-2.902544,0.000000,-0.241611,0.072473,-0.196701,0.030303
-0.087697,-0.050624,0.000000,-4.786149,-3.478018,0.000000,-0.047695,0.196595,-0.213793,0.036926
-0.130591,-0.049004,0.000000,-1.925487,1.181578,0.000000,0.058796,0.239089,0.268430,0.020425
-0.123757,-0.044470,0.000000,-2.543672,-2.199485,0.000000,0.351002,-0.036249,0.101591,0.012595
-0.087888,-0.046407,0.000000,-2.421438,-2.109784,0.000000,-0.138881,-0.182112,0.104891,0.034757
-0.130293,-0.057309,0.000000,-2.696193,-0.358066,0.000000,0.186468,0.162726,-0.196994,0.020643
-0.085701,-0.055226,0.000000,0.092577,2.914988,0.000000,0.070944,-0.043509,0.491533,0.029033
-0.134634,-0.063250,0.000000,-0.265030,-0.676536,0.000000,-0.189192,0.330303,-0.006627,0.025633
-0.136903,-0.058072,0.000000,-0.333264,2.763013,0.000000,0.076533,-0.292417,-0.099249,0.026069
-0.101740,-0.059990,0.000000,2.841908,0.972434,0.000000,0.074306,-0.050269,0.161995,0.021676
-0.138601,-0.069812,0.000000,-0.131008,-2.140790,0.000000,0.112039,0.393431,-0.223086,0.027278
-0.110944,-0.071471,0.000000,1.022483,-1.129275,0.000000,0.263068,-0.036685,0.274550,0.021677
-0.127158,-0.061317,0.000000,1.124902,3.512641,0.000000,0.178653,-0.140025,-0.208114,0.016993
-0.104345,-0.063746,0.000000,-1.472553,-3.634955,0.000000,-0.274663,-0.121172,0.061595,0.021914
-0.123876,-0.047269,0.000000,-3.775528,-1.319269,0.000000,-0.069866,-0.429140,0.107848,0.018990
-0.103644,-0.052078,0.000000,-5.218778,-4.064345,0.000000,-0.066725,0.383823,-0.138515,0.022506
-0.121773,-0.054359,0.000000,-3.100951,-0.827698,0.000000,-0.060436,-0.362455,0.083693,0.020375
-0.133107,-0.053772,0.000000,2.133149,3.271631,0.000000,-0.108120,0.049940,0.220947,0.021552
-0.108510,-0.038386,0.000000,4.772784,4.456976,0.000000,-0.101063,0.196845,-0.057911,0.013925
-0.115374,-0.053824,0.000000,-2.659350,-2.370148,0.000000,-0.075992,-0.219130,-0.272485,0.013438
-0.124036,-0.051604,0.000000,-5.728609,-2.906540,0.000000,-0.173000,0.156174,-0.019737,0.012792
-0.138285,-0.064188,0.000000,-4.449253,-4.416002,0.000000,-0.016512,-0.056196,-0.076821,0.028210
-0.097506,-0.055144,0.000000,0.203971,1.681633,0.000000,0.261471,-0.352705,0.146447,0.040054
-0.093095,-0.047268,0.000000,-2.746460,-2.162919,0.000000,-0.031651,0.240577,0.132461,0.024488
-0.105584,-0.070596,0.000000,-2.090752,-0.371589,0.000000,0.045967,0.163968,-0.428106,0.027121
-0.094821,-0.062587,0.000000,4.553823,1.594525,0.000000,-0.109261,0.230813,0.225359,0.018741
-0.094168,-0.054977,0.000000,-4.172241,-2.423474,0.000000,-0.321091,0.166795,0.144616,0.028952
-0.093852,-0.057009,0.000000,-3.747899,-3.627986,0.000000,-0.062300,-0.456734,-0.050133,0.038678
-0.099487,-0.053973,0.000000,0.382706,2.243555,0.000000,-0.059212,0.024533,-0.417569,0.028784
-0.088354,-0.043336,0.000000,-3.178097,-0.335545,0.000000,-0.103073,-0.277871,-0.248586,0.047851
-0.119422,-0.055331,0.000000,1.684386,4.644369,0.000000,0.326310,-0.009463,-0.029328,0.010943
-0.129770,-0.054307,0.000000,-0.390426,0.610631,0.000000,0.015395,0.149918,0.120707,0.022213
-0.091073,-0.056841,0.000000,-0.147590,0.275732,0.000000,0.009980,-0.188332,-0.410664,0.058594
-0.123169,-0.071299,0.000000,-5.315988,-2.498836,0.000000,-0.425539,0.062508,0.184404,0.019700
-0.118108,-0.034630,0.000000,-2.664841,-1.245745,0.000000,-0.073492,0.041512,-0.313124,0.014468
-0.077396,-0.042674,0.000000,1.762641,-0.518471,0.000000,-0.263924,-0.195988,0.020990,0.054640
-0.127340,-0.070213,0.000000,-2.793612,-3.079898,0.000000,0.311700,0.285995,-0.202200,0.021842
-0.081858,-0.046787,0.000000,0.098499,-1.505545,0.000000,-0.039820,0.091442,0.067218,0.036180
-0.112842,-0.060675,0.000000,0.633123,1.243785,0.000000,-0.018508,0.122057,-0.117983,0.019415
-0.097914,-0.042319,0.000000,-7.122211,-4.240640,0.000000,-0.259242,-0.215647,0.330592,0.020500
-0.119867,-0.044192,0.000000,-3.784850,-3.383406,0.000000,0.048577,0.306592,0.186658,0.011613
-0.086373,-0.048785,0.000000,3.248867,2.683494,0.000000,0.105840,0.032481,0.342739,0.027959
-0.109371,-0.044762,0.000000,-4.350290,-4.149899,0.000000,0.334944,0.087453,0.032538,0.020530
-0.096032,-0.047097,0.000000,1.332912,1.202204,0.000000,0.041711,-0.268362,-0.183107,0.040803
-0.133937,-0.066365,0.000000,-5.682747,-2.827508,0.000000,-0.155522,-0.352207,0.213870,0.024107
-0.110361,-0.044829,0.000000,7.253921,4.417728,0.000000,-0.061529,-0.124972,-0.457058,0.019034
-0.120989,-0.037652,0.000000,1.151939,3.414320,0.000000,0.363589,0.123849,-0.318440,0.012881
-0.099849,-0.062159,0.000000,-0.727696,-2.042644,0.000000,-0.119965,-0.378346,-0.242023,0.045385
-0.143994,-0.069625,0.000000,5.525944,3.584483,0.000000,-0.265669,-0.080807,0.114992,0.032792
-0.118988,-0.070739,0.000000,-1.412573,0.788182,0.000000,0.273171,-0.066868,0.357975,0.020316
-0.090741,-0.057092,0.000000,-0.064427,2.927448,0.000000,0.044640,0.349607,-0.314773,0.043983
-0.073246,-0.034836,0.000000,-0.461907,-0.720138,0.000000,0.203844,-0.355347,0.111348,0.058519
-0.094733,-0.037968,0.000000,-1.354750,0.440515,0.000000,-0.167089,0.088216,0.175238,0.025470
-0.125517,-0.054800,0.000000,-4.561343,-3.184704,0.000000,-0.280238,0.053516,0.326119,0.014458
-0.080778,-0.042729,0.000000,-1.336706,-0.717789,0.000000,-0.057038,-0.270775,-0.017520,0.052557
-0.128347,-0.063745,0.000000,0.094285,-0.008281,0.000000,0.073877,0.164752,-0.156431,0.022590
-0.104595,-0.045254,0.000000,-1.433776,-0.243326,0.000000,-0.268880,0.085453,-0.216613,0.025901
-0.115733,-0.068901,0.000000,5.854219,3.170380,0.000000,0.106022,-0.310777,0.096640,0.021884
-0.133334,-0.064817,0.000000,-0.808776,0.565332,0.000000,-0.350264,-0.235104,0.003037,0.027539
-0.146406,-0.063917,0.000000,3.712357,2.673175,0.000000,0.158707,-0.110545,-0.353749,0.034807
-0.110673,-0.048704,0.000000,-4.730754,-1.619113,0.000000,0.131127,-0.148020,0.420482,0.012604
-0.073517,-0.038631,0.000000,-7.646872,-4.700266,0.000000,-0.047472,0.319222,0.109055,0.038753
-0.154009,-0.071422,0.000000,-0.024538,0.475567,0.000000,0.045387,-0.153485,0.127834,0.043558
-0.104305,-0.045900,0.000000,0.976152,2.087184,0.000000,-0.284426,-0.327332,-0.112825,0.022191
